case_id,context,phase_step,ordinary_old_prediction,ordinary_new_prediction,api_estimate,trace_estimate,api_boundary_error,trace_boundary_error
identity_case_00,A,1,-0.1,-0.07071067811865475,,,,
identity_case_00,A,2,-0.19,-0.13435028842544403,,,,
identity_case_00,A,3,-0.271,-0.19162593770155437,,,,
identity_case_00,A,4,-0.34390000000000004,-0.2431740220500537,,,,
identity_case_00,A,5,-0.40951000000000004,-0.28956729796370306,,,,
identity_case_00,A,6,-0.46855900000000006,-0.3313212462859875,,,,
identity_case_00,A,7,-0.5217031000000001,-0.36889979977604354,,,,
identity_case_00,A,8,-0.5695327900000001,-0.40272049791709397,,,,
identity_case_00,A,9,-0.6125795110000001,-0.4331591262440393,,,,
identity_case_00,A,10,-0.6513215599000001,-0.4605538917382901,,,,
identity_case_00,A,11,-0.68618940391,-0.48520918068311586,,,,
identity_case_00,A,12,-0.717570463519,-0.5073989407334589,,,,
identity_case_00,A,13,-0.7458134171671,-0.5273697247787679,,,,
identity_case_00,A,14,-0.7712320754503901,-0.5453434304195458,,,,
identity_case_00,A,15,-0.7941088679053511,-0.561519765496246,,,,
identity_case_00,A,16,-0.814697981114816,-0.5760784670652761,,,,
identity_case_00,A,17,-0.8332281830033343,-0.5891812984774033,,,,
identity_case_00,A,18,-0.8499053647030009,-0.6009738467483177,,,,
identity_case_00,A,19,-0.8649148282327008,-0.6115871401921407,,,,
identity_case_00,A,20,-0.8784233454094308,-0.6211391042915814,,,,
identity_case_00,A,21,-0.8905810108684877,-0.629735871981078,,,,
identity_case_00,A,22,-0.901522909781639,-0.6374729629016249,,,,
identity_case_00,A,23,-0.911370618803475,-0.6444363447301171,,,,
identity_case_00,A,24,-0.9202335569231275,-0.6507033883757601,,,,
identity_case_00,A,25,-0.9282102012308148,-0.6563437276568389,,,,
identity_case_00,A,26,-0.9353891811077333,-0.6614200330098098,,,,
identity_case_00,A,27,-0.94185026299696,-0.6659887078274835,,,,
identity_case_00,A,28,-0.947665236697264,-0.67010051516339,,,,
identity_case_00,A,29,-0.9528987130275376,-0.6738011417657057,,,,
identity_case_00,A,30,-0.9576088417247839,-0.6771317057077899,,,,
identity_case_00,A,31,-0.9618479575523055,-0.6801292132556657,,,,
identity_case_00,A,32,-0.9656631617970749,-0.6828269700487538,,,,
identity_case_00,A,33,-0.9690968456173674,-0.6852549511625332,,,,
identity_case_00,A,34,-0.9721871610556306,-0.6874401341649345,,,,
identity_case_00,A,35,-0.9749684449500675,-0.6894067988670959,,,,
identity_case_00,A,36,-0.9774716004550608,-0.691176797099041,,,,
identity_case_00,A,37,-0.9797244404095546,-0.6927697955077916,,,,
identity_case_00,A,38,-0.9817519963685992,-0.6942034940756673,,,,
identity_case_00,A,39,-0.9835767967317393,-0.6954938227867552,,,,
identity_case_00,A,40,-0.9852191170585654,-0.6966551186267345,,,,
identity_case_00,A,41,-0.9866972053527088,-0.6977002848827157,,,,
identity_case_00,A,42,-0.9880274848174379,-0.6986409345130988,,,,
identity_case_00,A,43,-0.9892247363356941,-0.6994875191804437,,,,
identity_case_00,A,44,-0.9903022627021246,-0.700249445381054,,,,
identity_case_00,A,45,-0.9912720364319122,-0.7009351789616034,,,,
identity_case_00,A,46,-0.992144832788721,-0.7015523391840979,,,,
identity_case_00,A,47,-0.9929303495098489,-0.7021077833843429,,,,
identity_case_00,A,48,-0.9936373145588641,-0.7026076831645633,,,,
identity_case_00,A,49,-0.9942735831029776,-0.7030575929667617,,,,
identity_case_00,A,50,-0.9948462247926799,-0.7034625117887403,,,,
identity_case_00,A,51,-0.995361602313412,-0.7038269387285211,,,,
identity_case_00,A,52,-0.9958254420820708,-0.7041549229743237,,,,
identity_case_00,A,53,-0.9962428978738638,-0.7044501087955461,,,,
identity_case_00,A,54,-0.9966186080864774,-0.7047157760346463,,,,
identity_case_00,A,55,-0.9969567472778297,-0.7049548765498365,,,,
identity_case_00,A,56,-0.9972610725500467,-0.7051700670135075,,,,
identity_case_00,A,57,-0.997534965295042,-0.7053637384308115,,,,
identity_case_00,A,58,-0.9977814687655379,-0.7055380427063851,,,,
identity_case_00,A,59,-0.9980033218889841,-0.7056949165544014,,,,
identity_case_00,A,60,-0.9982029897000857,-0.705836103017616,,,,
identity_case_00,A,61,-0.9983826907300771,-0.7059631708345091,,,,
identity_case_00,A,62,-0.9985444216570694,-0.7060775318697129,,,,
identity_case_00,A,63,-0.9986899794913624,-0.7061804568013964,,,,
identity_case_00,A,64,-0.9988209815422262,-0.7062730892399115,,,,
identity_case_00,B,1,-1.0195906105837698,-0.7356457803159204,-0.9988209815422263,-0.9988209815422263,1.1102230246251565e-16,1.1102230246251565e-16
identity_case_00,B,2,-1.038283276721159,-0.7620812022843284,-0.9988209815422264,-0.9988209815422264,2.220446049250313e-16,2.220446049250313e-16
identity_case_00,B,3,-1.0551066762448091,-0.7858730820558957,-0.9988209815422264,-0.9988209815422264,2.220446049250313e-16,2.220446049250313e-16
identity_case_00,B,4,-1.0702477358160942,-0.8072857738503061,-0.9988209815422263,-0.9988209815422263,1.1102230246251565e-16,1.1102230246251565e-16
identity_case_00,B,5,-1.083874689430251,-0.8265571964652754,-0.9988209815422264,-0.9988209815422264,2.220446049250313e-16,2.220446049250313e-16
identity_case_00,B,6,-1.096138947682992,-0.8439014768187478,-0.9988209815422264,-0.9988209815422264,2.220446049250313e-16,2.220446049250313e-16
identity_case_00,B,7,-1.1071767801104588,-0.8595113291368731,-0.9988209815422264,-0.9988209815422264,2.220446049250313e-16,2.220446049250313e-16
identity_case_00,B,8,-1.117110829295179,-0.8735601962231858,-0.9988209815422264,-0.9988209815422264,2.220446049250313e-16,2.220446049250313e-16
identity_case_00,B,9,-1.126051473561427,-0.8862041766008671,-0.9988209815422263,-0.9988209815422263,1.1102230246251565e-16,1.1102230246251565e-16
identity_case_00,B,10,-1.1340980534010505,-0.8975837589407805,-0.9988209815422264,-0.9988209815422264,2.220446049250313e-16,2.220446049250313e-16
identity_case_00,B,11,-1.1413399752567115,-0.9078253830467025,-0.9988209815422263,-0.9988209815422263,1.1102230246251565e-16,1.1102230246251565e-16
identity_case_00,B,12,-1.1478577049268064,-0.9170428447420321,-0.9988209815422263,-0.9988209815422263,1.1102230246251565e-16,1.1102230246251565e-16
identity_case_00,B,13,-1.1537236616298918,-0.9253385602678289,-0.9988209815422263,-0.9988209815422263,1.1102230246251565e-16,1.1102230246251565e-16
identity_case_00,B,14,-1.1590030226626686,-0.932804704241046,-0.9988209815422262,-0.9988209815422262,0.0,0.0
identity_case_00,B,15,-1.1637544475921677,-0.9395242338169413,-0.9988209815422261,-0.9988209815422261,1.1102230246251565e-16,1.1102230246251565e-16
identity_case_00,B,16,-1.168030730028717,-0.9455718104352471,-0.998820981542226,-0.998820981542226,2.220446049250313e-16,2.220446049250313e-16
identity_case_00,B,17,-1.1718793842216113,-0.9510146293917223,-0.998820981542226,-0.998820981542226,2.220446049250313e-16,2.220446049250313e-16
identity_case_00,B,18,-1.1753431729952162,-0.9559131664525501,-0.998820981542226,-0.998820981542226,2.220446049250313e-16,2.220446049250313e-16
identity_case_00,B,19,-1.1784605828914607,-0.9603218498072952,-0.9988209815422261,-0.9988209815422261,1.1102230246251565e-16,1.1102230246251565e-16
identity_case_00,B,20,-1.1812662517980808,-0.9642896648265658,-0.9988209815422261,-0.9988209815422261,1.1102230246251565e-16,1.1102230246251565e-16
identity_case_00,B,21,-1.1837913538140388,-0.9678606983439092,-0.9988209815422262,-0.9988209815422262,0.0,0.0
identity_case_00,B,22,-1.186063945628401,-0.9710746285095183,-0.9988209815422262,-0.9988209815422262,0.0,0.0
identity_case_00,B,23,-1.188109278261327,-0.9739671656585664,-0.9988209815422262,-0.9988209815422262,0.0,0.0
identity_case_00,B,24,-1.1899500776309604,-0.9765704490927098,-0.9988209815422262,-0.9988209815422262,0.0,0.0
identity_case_00,B,25,-1.1916067970636304,-0.9789134041834388,-0.9988209815422262,-0.9988209815422262,0.0,0.0
identity_case_00,B,26,-1.1930978445530334,-0.9810220637650949,-0.9988209815422262,-0.9988209815422262,0.0,0.0
identity_case_00,B,27,-1.194439787293496,-0.9829198573885853,-0.998820981542226,-0.998820981542226,2.220446049250313e-16,2.220446049250313e-16
identity_case_00,B,28,-1.1956475357599123,-0.9846278716497266,-0.998820981542226,-0.9988209815422259,2.220446049250313e-16,3.3306690738754696e-16
identity_case_00,B,29,-1.196734509379687,-0.986165084484754,-0.9988209815422258,-0.9988209815422258,4.440892098500626e-16,4.440892098500626e-16
identity_case_00,B,30,-1.1977127856374845,-0.9875485760362787,-0.998820981542226,-0.998820981542226,2.220446049250313e-16,2.220446049250313e-16
identity_case_00,B,31,-1.198593234269502,-0.9887937184326507,-0.9988209815422259,-0.9988209815422258,3.3306690738754696e-16,4.440892098500626e-16
identity_case_00,B,32,-1.1993856380383179,-0.9899143465893857,-0.9988209815422259,-0.9988209815422258,3.3306690738754696e-16,4.440892098500626e-16
identity_case_00,B,33,-1.200098801430252,-0.990922911930447,-0.9988209815422258,-0.9988209815422258,4.440892098500626e-16,4.440892098500626e-16
identity_case_00,B,34,-1.200740648482993,-0.9918306207374025,-0.9988209815422259,-0.9988209815422259,3.3306690738754696e-16,3.3306690738754696e-16
identity_case_00,B,35,-1.2013183108304597,-0.9926475586636622,-0.9988209815422258,-0.9988209815422258,4.440892098500626e-16,4.440892098500626e-16
identity_case_00,B,36,-1.2018382069431799,-0.993382802797296,-0.998820981542226,-0.998820981542226,2.220446049250313e-16,2.220446049250313e-16
identity_case_00,B,37,-1.202306113444628,-0.9940445225175665,-0.998820981542226,-0.998820981542226,2.220446049250313e-16,2.220446049250313e-16
identity_case_00,B,38,-1.2027272292959312,-0.9946400702658098,-0.998820981542226,-0.998820981542226,2.220446049250313e-16,2.220446049250313e-16
identity_case_00,B,39,-1.203106233562104,-0.9951760632392287,-0.9988209815422259,-0.9988209815422259,3.3306690738754696e-16,3.3306690738754696e-16
identity_case_00,B,40,-1.2034473374016597,-0.9956584569153057,-0.9988209815422258,-0.9988209815422258,4.440892098500626e-16,4.440892098500626e-16
identity_case_00,B,41,-1.2037543308572598,-0.9960926112237752,-0.9988209815422259,-0.9988209815422259,3.3306690738754696e-16,3.3306690738754696e-16
identity_case_00,B,42,-1.2040306249672998,-0.9964833501013978,-0.9988209815422258,-0.9988209815422258,4.440892098500626e-16,4.440892098500626e-16
identity_case_00,B,43,-1.204279289666336,-0.9968350150912579,-0.9988209815422258,-0.9988209815422258,4.440892098500626e-16,4.440892098500626e-16
identity_case_00,B,44,-1.2045030878954683,-0.9971515135821322,-0.9988209815422258,-0.9988209815422258,4.440892098500626e-16,4.440892098500626e-16
identity_case_00,B,45,-1.2047045063016875,-0.9974363622239188,-0.9988209815422258,-0.9988209815422258,4.440892098500626e-16,4.440892098500626e-16
identity_case_00,B,46,-1.2048857828672848,-0.9976927260015269,-0.9988209815422258,-0.9988209815422258,4.440892098500626e-16,4.440892098500626e-16
identity_case_00,B,47,-1.2050489317763224,-0.9979234534013743,-0.9988209815422258,-0.9988209815422258,4.440892098500626e-16,4.440892098500626e-16
identity_case_00,B,48,-1.2051957657944563,-0.998131108061237,-0.9988209815422259,-0.9988209815422259,3.3306690738754696e-16,3.3306690738754696e-16
identity_case_00,B,49,-1.2053279164107766,-0.9983179972551133,-0.9988209815422258,-0.9988209815422258,4.440892098500626e-16,4.440892098500626e-16
identity_case_00,B,50,-1.205446851965465,-0.9984861975296019,-0.9988209815422259,-0.9988209815422259,3.3306690738754696e-16,3.3306690738754696e-16
identity_case_00,B,51,-1.2055538939646846,-0.9986375777766417,-0.9988209815422259,-0.9988209815422259,3.3306690738754696e-16,3.3306690738754696e-16
identity_case_00,B,52,-1.2056502317639821,-0.9987738199989775,-0.9988209815422258,-0.9988209815422258,4.440892098500626e-16,4.440892098500626e-16
identity_case_00,B,53,-1.2057369357833498,-0.9988964379990797,-0.9988209815422256,-0.9988209815422256,5.551115123125783e-16,5.551115123125783e-16
identity_case_00,B,54,-1.205814969400781,-0.9990067941991716,-0.9988209815422258,-0.9988209815422258,4.440892098500626e-16,4.440892098500626e-16
identity_case_00,B,55,-1.2058851996564688,-0.9991061147792545,-0.9988209815422256,-0.9988209815422256,5.551115123125783e-16,5.551115123125783e-16
identity_case_00,B,56,-1.205948406886588,-0.9991955033013291,-0.9988209815422256,-0.9988209815422256,5.551115123125783e-16,5.551115123125783e-16
identity_case_00,B,57,-1.2060052933936953,-0.9992759529711963,-0.9988209815422258,-0.9988209815422258,4.440892098500626e-16,4.440892098500626e-16
identity_case_00,B,58,-1.2060564912500917,-0.9993483576740765,-0.9988209815422256,-0.9988209815422256,5.551115123125783e-16,5.551115123125783e-16
identity_case_00,B,59,-1.2061025693208487,-0.9994135219066689,-0.9988209815422258,-0.9988209815422258,4.440892098500626e-16,4.440892098500626e-16
identity_case_00,B,60,-1.20614403958453,-0.9994721697160022,-0.9988209815422259,-0.9988209815422259,3.3306690738754696e-16,3.3306690738754696e-16
identity_case_00,B,61,-1.206181362821843,-0.9995249527444019,-0.9988209815422258,-0.9988209815422258,4.440892098500626e-16,4.440892098500626e-16
identity_case_00,B,62,-1.2062149537354248,-0.9995724574699617,-0.9988209815422259,-0.9988209815422259,3.3306690738754696e-16,3.3306690738754696e-16
identity_case_00,B,63,-1.2062451855576484,-0.9996152117229655,-0.9988209815422259,-0.9988209815422259,3.3306690738754696e-16,3.3306690738754696e-16
identity_case_00,B,64,-1.2062723941976496,-0.999653690550669,-0.998820981542226,-0.998820981542226,2.220446049250313e-16,2.220446049250313e-16
identity_case_01,A,1,-0.1,-0.07071067811865475,,,,
identity_case_01,A,2,-0.19,-0.13435028842544403,,,,
identity_case_01,A,3,-0.271,-0.19162593770155437,,,,
identity_case_01,A,4,-0.34390000000000004,-0.2431740220500537,,,,
identity_case_01,A,5,-0.40951000000000004,-0.28956729796370306,,,,
identity_case_01,A,6,-0.46855900000000006,-0.3313212462859875,,,,
identity_case_01,A,7,-0.5217031000000001,-0.36889979977604354,,,,
identity_case_01,A,8,-0.5695327900000001,-0.40272049791709397,,,,
identity_case_01,A,9,-0.6125795110000001,-0.4331591262440393,,,,
identity_case_01,A,10,-0.6513215599000001,-0.4605538917382901,,,,
identity_case_01,A,11,-0.68618940391,-0.48520918068311586,,,,
identity_case_01,A,12,-0.717570463519,-0.5073989407334589,,,,
identity_case_01,A,13,-0.7458134171671,-0.5273697247787679,,,,
identity_case_01,A,14,-0.7712320754503901,-0.5453434304195458,,,,
identity_case_01,A,15,-0.7941088679053511,-0.561519765496246,,,,
identity_case_01,A,16,-0.814697981114816,-0.5760784670652761,,,,
identity_case_01,A,17,-0.8332281830033343,-0.5891812984774033,,,,
identity_case_01,A,18,-0.8499053647030009,-0.6009738467483177,,,,
identity_case_01,A,19,-0.8649148282327008,-0.6115871401921407,,,,
identity_case_01,A,20,-0.8784233454094308,-0.6211391042915814,,,,
identity_case_01,A,21,-0.8905810108684877,-0.629735871981078,,,,
identity_case_01,A,22,-0.901522909781639,-0.6374729629016249,,,,
identity_case_01,A,23,-0.911370618803475,-0.6444363447301171,,,,
identity_case_01,A,24,-0.9202335569231275,-0.6507033883757601,,,,
identity_case_01,A,25,-0.9282102012308148,-0.6563437276568389,,,,
identity_case_01,A,26,-0.9353891811077333,-0.6614200330098098,,,,
identity_case_01,A,27,-0.94185026299696,-0.6659887078274835,,,,
identity_case_01,A,28,-0.947665236697264,-0.67010051516339,,,,
identity_case_01,A,29,-0.9528987130275376,-0.6738011417657057,,,,
identity_case_01,A,30,-0.9576088417247839,-0.6771317057077899,,,,
identity_case_01,A,31,-0.9618479575523055,-0.6801292132556657,,,,
identity_case_01,A,32,-0.9656631617970749,-0.6828269700487538,,,,
identity_case_01,A,33,-0.9690968456173674,-0.6852549511625332,,,,
identity_case_01,A,34,-0.9721871610556306,-0.6874401341649345,,,,
identity_case_01,A,35,-0.9749684449500675,-0.6894067988670959,,,,
identity_case_01,A,36,-0.9774716004550608,-0.691176797099041,,,,
identity_case_01,A,37,-0.9797244404095546,-0.6927697955077916,,,,
identity_case_01,A,38,-0.9817519963685992,-0.6942034940756673,,,,
identity_case_01,A,39,-0.9835767967317393,-0.6954938227867552,,,,
identity_case_01,A,40,-0.9852191170585654,-0.6966551186267345,,,,
identity_case_01,A,41,-0.9866972053527088,-0.6977002848827157,,,,
identity_case_01,A,42,-0.9880274848174379,-0.6986409345130988,,,,
identity_case_01,A,43,-0.9892247363356941,-0.6994875191804437,,,,
identity_case_01,A,44,-0.9903022627021246,-0.700249445381054,,,,
identity_case_01,A,45,-0.9912720364319122,-0.7009351789616034,,,,
identity_case_01,A,46,-0.992144832788721,-0.7015523391840979,,,,
identity_case_01,A,47,-0.9929303495098489,-0.7021077833843429,,,,
identity_case_01,A,48,-0.9936373145588641,-0.7026076831645633,,,,
identity_case_01,A,49,-0.9942735831029776,-0.7030575929667617,,,,
identity_case_01,A,50,-0.9948462247926799,-0.7034625117887403,,,,
identity_case_01,A,51,-0.995361602313412,-0.7038269387285211,,,,
identity_case_01,A,52,-0.9958254420820708,-0.7041549229743237,,,,
identity_case_01,A,53,-0.9962428978738638,-0.7044501087955461,,,,
identity_case_01,A,54,-0.9966186080864774,-0.7047157760346463,,,,
identity_case_01,A,55,-0.9969567472778297,-0.7049548765498365,,,,
identity_case_01,A,56,-0.9972610725500467,-0.7051700670135075,,,,
identity_case_01,A,57,-0.997534965295042,-0.7053637384308115,,,,
identity_case_01,A,58,-0.9977814687655379,-0.7055380427063851,,,,
identity_case_01,A,59,-0.9980033218889841,-0.7056949165544014,,,,
identity_case_01,A,60,-0.9982029897000857,-0.705836103017616,,,,
identity_case_01,A,61,-0.9983826907300771,-0.7059631708345091,,,,
identity_case_01,A,62,-0.9985444216570694,-0.7060775318697129,,,,
identity_case_01,A,63,-0.9986899794913624,-0.7061804568013964,,,,
identity_case_01,A,64,-0.9988209815422262,-0.7062730892399115,,,,
identity_case_01,B,1,-0.8781692543464601,-0.5356457803159204,-0.9988209815422262,-0.9988209815422262,0.0,0.0
identity_case_01,B,2,-0.7695826998702706,-0.38208120228432824,-0.9988209815422262,-0.9988209815422262,0.0,0.0
identity_case_01,B,3,-0.6718548008417001,-0.24387308205589547,-0.9988209815422262,-0.9988209815422262,0.0,0.0
identity_case_01,B,4,-0.5838996917159867,-0.11948577385030595,-0.9988209815422262,-0.9988209815422262,0.0,0.0
identity_case_01,B,5,-0.5047400935028445,-0.007537196465275342,-0.9988209815422262,-0.9988209815422262,0.0,0.0
identity_case_01,B,6,-0.43349645511101664,0.09321652318125212,-0.9988209815422261,-0.9988209815422261,1.1102230246251565e-16,1.1102230246251565e-16
identity_case_01,B,7,-0.36937718055837154,0.1838948708631269,-0.9988209815422261,-0.9988209815422261,1.1102230246251565e-16,1.1102230246251565e-16
identity_case_01,B,8,-0.311669833460991,0.26550538377681415,-0.9988209815422261,-0.9988209815422261,1.1102230246251565e-16,1.1102230246251565e-16
identity_case_01,B,9,-0.25973322107334845,0.3389548453991328,-0.9988209815422262,-0.9988209815422262,0.0,0.0
identity_case_01,B,10,-0.21299026992447018,0.4050593608592194,-0.9988209815422262,-0.998820981542226,0.0,2.220446049250313e-16
identity_case_01,B,11,-0.17092161389047972,0.46455342477329753,-0.9988209815422262,-0.9988209815422262,0.0,0.0
identity_case_01,B,12,-0.13305982345988832,0.5180980822959677,-0.9988209815422262,-0.9988209815422263,0.0,1.1102230246251565e-16
identity_case_01,B,13,-0.09898421207235603,0.566288274066371,-0.9988209815422262,-0.9988209815422262,0.0,0.0
identity_case_01,B,14,-0.06831616182357697,0.6096594466597339,-0.9988209815422262,-0.9988209815422262,0.0,0.0
identity_case_01,B,15,-0.04071491659967583,0.6486935019937604,-0.9988209815422262,-0.9988209815422261,0.0,1.1102230246251565e-16
identity_case_01,B,16,-0.015873795898164792,0.6838241517943845,-0.9988209815422262,-0.9988209815422263,0.0,1.1102230246251565e-16
identity_case_01,B,17,0.006483212733195128,0.715441736614946,-0.9988209815422262,-0.9988209815422262,0.0,0.0
identity_case_01,B,18,0.02660452050141906,0.7438975629534512,-0.9988209815422261,-0.9988209815422261,1.1102230246251565e-16,1.1102230246251565e-16
identity_case_01,B,19,0.044713697492820614,0.7695078066581061,-0.998820981542226,-0.998820981542226,2.220446049250313e-16,2.220446049250313e-16
identity_case_01,B,20,0.061011956785082005,0.7925570259922955,-0.998820981542226,-0.998820981542226,2.220446049250313e-16,2.220446049250313e-16
identity_case_01,B,21,0.07568039014811727,0.8133013233930659,-0.9988209815422261,-0.9988209815422261,1.1102230246251565e-16,1.1102230246251565e-16
identity_case_01,B,22,0.088881980174849,0.8319711910537593,-0.998820981542226,-0.998820981542226,2.220446049250313e-16,2.220446049250313e-16
identity_case_01,B,23,0.10076341119890755,0.8487740719483834,-0.998820981542226,-0.998820981542226,2.220446049250313e-16,2.220446049250313e-16
identity_case_01,B,24,0.11145669912056026,0.8638966647535451,-0.9988209815422261,-0.9988209815422261,1.1102230246251565e-16,1.1102230246251565e-16
identity_case_01,B,25,0.1210806582500477,0.8775069982781906,-0.998820981542226,-0.998820981542226,2.220446049250313e-16,2.220446049250313e-16
identity_case_01,B,26,0.1297422214665864,0.8897562984503715,-0.998820981542226,-0.998820981542226,2.220446049250313e-16,2.220446049250313e-16
identity_case_01,B,27,0.1375376283614712,0.9007806686053345,-0.9988209815422261,-0.9988209815422261,1.1102230246251565e-16,1.1102230246251565e-16
identity_case_01,B,28,0.14455349456686753,0.910702601744801,-0.9988209815422261,-0.9988209815422261,1.1102230246251565e-16,1.1102230246251565e-16
identity_case_01,B,29,0.15086777415172423,0.9196323415703209,-0.9988209815422261,-0.9988209815422261,1.1102230246251565e-16,1.1102230246251565e-16
identity_case_01,B,30,0.15655062577809525,0.9276691074132888,-0.998820981542226,-0.998820981542226,2.220446049250313e-16,2.220446049250313e-16
identity_case_01,B,31,0.16166519224182918,0.93490219667196,-0.9988209815422261,-0.9988209815422261,1.1102230246251565e-16,1.1102230246251565e-16
identity_case_01,B,32,0.16626830205918972,0.9414119770047638,-0.998820981542226,-0.998820981542226,2.220446049250313e-16,2.220446049250313e-16
identity_case_01,B,33,0.1704111008948142,0.9472707793042874,-0.998820981542226,-0.998820981542226,2.220446049250313e-16,2.220446049250313e-16
identity_case_01,B,34,0.17413961984687626,0.9525437013738586,-0.9988209815422258,-0.9988209815422258,4.440892098500626e-16,4.440892098500626e-16
identity_case_01,B,35,0.1774952869037321,0.9572893312364728,-0.9988209815422258,-0.9988209815422258,4.440892098500626e-16,4.440892098500626e-16
identity_case_01,B,36,0.18051538725490235,0.9615603981128253,-0.9988209815422258,-0.9988209815422258,4.440892098500626e-16,4.440892098500626e-16
identity_case_01,B,37,0.1832334775709556,0.9654043583015429,-0.9988209815422258,-0.9988209815422258,4.440892098500626e-16,4.440892098500626e-16
identity_case_01,B,38,0.1856797588554035,0.9688639224713886,-0.9988209815422258,-0.9988209815422258,4.440892098500626e-16,4.440892098500626e-16
identity_case_01,B,39,0.18788141201140662,0.9719775302242498,-0.9988209815422259,-0.9988209815422259,3.3306690738754696e-16,3.3306690738754696e-16
identity_case_01,B,40,0.18986289985180943,0.9747797772018248,-0.9988209815422258,-0.9988209815422258,4.440892098500626e-16,4.440892098500626e-16
identity_case_01,B,41,0.19164623890817195,0.9773017994816424,-0.998820981542226,-0.998820981542226,2.220446049250313e-16,2.220446049250313e-16
identity_case_01,B,42,0.1932512440588982,0.9795716195334783,-0.998820981542226,-0.998820981542226,2.220446049250313e-16,2.220446049250313e-16
identity_case_01,B,43,0.19469574869455183,0.9816144575801304,-0.9988209815422261,-0.9988209815422261,1.1102230246251565e-16,1.1102230246251565e-16
identity_case_01,B,44,0.1959958028666401,0.9834530118221174,-0.9988209815422261,-0.9988209815422261,1.1102230246251565e-16,1.1102230246251565e-16
identity_case_01,B,45,0.19716585162151953,0.9851077106399055,-0.998820981542226,-0.998820981542226,2.220446049250313e-16,2.220446049250313e-16
identity_case_01,B,46,0.19821889550091104,0.986596939575915,-0.998820981542226,-0.998820981542226,2.220446049250313e-16,2.220446049250313e-16
identity_case_01,B,47,0.1991666349923634,0.9879372456183234,-0.9988209815422259,-0.9988209815422259,3.3306690738754696e-16,3.3306690738754696e-16
identity_case_01,B,48,0.20001960053467052,0.9891435210564911,-0.9988209815422259,-0.9988209815422259,3.3306690738754696e-16,3.3306690738754696e-16
identity_case_01,B,49,0.20078726952274695,0.990229168950842,-0.9988209815422259,-0.9988209815422259,3.3306690738754696e-16,3.3306690738754696e-16
identity_case_01,B,50,0.20147817161201573,0.9912062520557577,-0.9988209815422258,-0.9988209815422258,4.440892098500626e-16,4.440892098500626e-16
identity_case_01,B,51,0.2020999834923576,0.9920856268501819,-0.9988209815422258,-0.9988209815422258,4.440892098500626e-16,4.440892098500626e-16
identity_case_01,B,52,0.20265961418466533,0.9928770641651636,-0.9988209815422258,-0.9988209815422258,4.440892098500626e-16,4.440892098500626e-16
identity_case_01,B,53,0.20316328180774226,0.9935893577486474,-0.9988209815422258,-0.9988209815422258,4.440892098500626e-16,4.440892098500626e-16
identity_case_01,B,54,0.20361658266851151,0.9942304219737825,-0.9988209815422258,-0.9988209815422258,4.440892098500626e-16,4.440892098500626e-16
identity_case_01,B,55,0.20402455344320383,0.9948073797764042,-0.9988209815422256,-0.9988209815422256,5.551115123125783e-16,5.551115123125783e-16
identity_case_01,B,56,0.20439172714042694,0.9953266417987638,-0.9988209815422255,-0.9988209815422255,6.661338147750939e-16,6.661338147750939e-16
identity_case_01,B,57,0.20472218346792773,0.9957939776188874,-0.9988209815422256,-0.9988209815422256,5.551115123125783e-16,5.551115123125783e-16
identity_case_01,B,58,0.20501959416267843,0.9962145798569987,-0.9988209815422255,-0.9988209815422255,6.661338147750939e-16,6.661338147750939e-16
identity_case_01,B,59,0.20528726378795406,0.9965931218712989,-0.9988209815422256,-0.9988209815422256,5.551115123125783e-16,5.551115123125783e-16
identity_case_01,B,60,0.20552816645070213,0.996933809684169,-0.9988209815422256,-0.9988209815422256,5.551115123125783e-16,5.551115123125783e-16
identity_case_01,B,61,0.20574497884717538,0.997240428715752,-0.9988209815422256,-0.9988209815422256,5.551115123125783e-16,5.551115123125783e-16
identity_case_01,B,62,0.2059401100040013,0.9975163858441769,-0.9988209815422258,-0.9988209815422258,4.440892098500626e-16,4.440892098500626e-16
identity_case_01,B,63,0.20611572804514466,0.9977647472597593,-0.9988209815422258,-0.9988209815422258,4.440892098500626e-16,4.440892098500626e-16
identity_case_01,B,64,0.20627378428217366,0.9979882725337832,-0.9988209815422256,-0.9988209815422256,5.551115123125783e-16,5.551115123125783e-16
identity_case_02,A,1,0.1,0.07071067811865475,,,,
identity_case_02,A,2,0.19,0.13435028842544403,,,,
identity_case_02,A,3,0.271,0.19162593770155437,,,,
identity_case_02,A,4,0.34390000000000004,0.2431740220500537,,,,
identity_case_02,A,5,0.40951000000000004,0.28956729796370306,,,,
identity_case_02,A,6,0.46855900000000006,0.3313212462859875,,,,
identity_case_02,A,7,0.5217031000000001,0.36889979977604354,,,,
identity_case_02,A,8,0.5695327900000001,0.40272049791709397,,,,
identity_case_02,A,9,0.6125795110000001,0.4331591262440393,,,,
identity_case_02,A,10,0.6513215599000001,0.4605538917382901,,,,
identity_case_02,A,11,0.68618940391,0.48520918068311586,,,,
identity_case_02,A,12,0.717570463519,0.5073989407334589,,,,
identity_case_02,A,13,0.7458134171671,0.5273697247787679,,,,
identity_case_02,A,14,0.7712320754503901,0.5453434304195458,,,,
identity_case_02,A,15,0.7941088679053511,0.561519765496246,,,,
identity_case_02,A,16,0.814697981114816,0.5760784670652761,,,,
identity_case_02,A,17,0.8332281830033343,0.5891812984774033,,,,
identity_case_02,A,18,0.8499053647030009,0.6009738467483177,,,,
identity_case_02,A,19,0.8649148282327008,0.6115871401921407,,,,
identity_case_02,A,20,0.8784233454094308,0.6211391042915814,,,,
identity_case_02,A,21,0.8905810108684877,0.629735871981078,,,,
identity_case_02,A,22,0.901522909781639,0.6374729629016249,,,,
identity_case_02,A,23,0.911370618803475,0.6444363447301171,,,,
identity_case_02,A,24,0.9202335569231275,0.6507033883757601,,,,
identity_case_02,A,25,0.9282102012308148,0.6563437276568389,,,,
identity_case_02,A,26,0.9353891811077333,0.6614200330098098,,,,
identity_case_02,A,27,0.94185026299696,0.6659887078274835,,,,
identity_case_02,A,28,0.947665236697264,0.67010051516339,,,,
identity_case_02,A,29,0.9528987130275376,0.6738011417657057,,,,
identity_case_02,A,30,0.9576088417247839,0.6771317057077899,,,,
identity_case_02,A,31,0.9618479575523055,0.6801292132556657,,,,
identity_case_02,A,32,0.9656631617970749,0.6828269700487538,,,,
identity_case_02,A,33,0.9690968456173674,0.6852549511625332,,,,
identity_case_02,A,34,0.9721871610556306,0.6874401341649345,,,,
identity_case_02,A,35,0.9749684449500675,0.6894067988670959,,,,
identity_case_02,A,36,0.9774716004550608,0.691176797099041,,,,
identity_case_02,A,37,0.9797244404095546,0.6927697955077916,,,,
identity_case_02,A,38,0.9817519963685992,0.6942034940756673,,,,
identity_case_02,A,39,0.9835767967317393,0.6954938227867552,,,,
identity_case_02,A,40,0.9852191170585654,0.6966551186267345,,,,
identity_case_02,A,41,0.9866972053527088,0.6977002848827157,,,,
identity_case_02,A,42,0.9880274848174379,0.6986409345130988,,,,
identity_case_02,A,43,0.9892247363356941,0.6994875191804437,,,,
identity_case_02,A,44,0.9903022627021246,0.700249445381054,,,,
identity_case_02,A,45,0.9912720364319122,0.7009351789616034,,,,
identity_case_02,A,46,0.992144832788721,0.7015523391840979,,,,
identity_case_02,A,47,0.9929303495098489,0.7021077833843429,,,,
identity_case_02,A,48,0.9936373145588641,0.7026076831645633,,,,
identity_case_02,A,49,0.9942735831029776,0.7030575929667617,,,,
identity_case_02,A,50,0.9948462247926799,0.7034625117887403,,,,
identity_case_02,A,51,0.995361602313412,0.7038269387285211,,,,
identity_case_02,A,52,0.9958254420820708,0.7041549229743237,,,,
identity_case_02,A,53,0.9962428978738638,0.7044501087955461,,,,
identity_case_02,A,54,0.9966186080864774,0.7047157760346463,,,,
identity_case_02,A,55,0.9969567472778297,0.7049548765498365,,,,
identity_case_02,A,56,0.9972610725500467,0.7051700670135075,,,,
identity_case_02,A,57,0.997534965295042,0.7053637384308115,,,,
identity_case_02,A,58,0.9977814687655379,0.7055380427063851,,,,
identity_case_02,A,59,0.9980033218889841,0.7056949165544014,,,,
identity_case_02,A,60,0.9982029897000857,0.705836103017616,,,,
identity_case_02,A,61,0.9983826907300771,0.7059631708345091,,,,
identity_case_02,A,62,0.9985444216570694,0.7060775318697129,,,,
identity_case_02,A,63,0.9986899794913624,0.7061804568013964,,,,
identity_case_02,A,64,0.9988209815422262,0.7062730892399115,,,,
identity_case_02,B,1,0.8781692543464601,0.5356457803159204,0.9988209815422262,0.9988209815422262,0.0,0.0
identity_case_02,B,2,0.7695826998702706,0.38208120228432824,0.9988209815422262,0.9988209815422262,0.0,0.0
identity_case_02,B,3,0.6718548008417001,0.24387308205589547,0.9988209815422262,0.9988209815422262,0.0,0.0
identity_case_02,B,4,0.5838996917159867,0.11948577385030595,0.9988209815422262,0.9988209815422262,0.0,0.0
identity_case_02,B,5,0.5047400935028445,0.007537196465275342,0.9988209815422262,0.9988209815422262,0.0,0.0
identity_case_02,B,6,0.43349645511101664,-0.09321652318125212,0.9988209815422261,0.9988209815422261,1.1102230246251565e-16,1.1102230246251565e-16
identity_case_02,B,7,0.36937718055837154,-0.1838948708631269,0.9988209815422261,0.9988209815422261,1.1102230246251565e-16,1.1102230246251565e-16
identity_case_02,B,8,0.311669833460991,-0.26550538377681415,0.9988209815422261,0.9988209815422261,1.1102230246251565e-16,1.1102230246251565e-16
identity_case_02,B,9,0.25973322107334845,-0.3389548453991328,0.9988209815422262,0.9988209815422262,0.0,0.0
identity_case_02,B,10,0.21299026992447018,-0.4050593608592194,0.9988209815422262,0.998820981542226,0.0,2.220446049250313e-16
identity_case_02,B,11,0.17092161389047972,-0.46455342477329753,0.9988209815422262,0.9988209815422262,0.0,0.0
identity_case_02,B,12,0.13305982345988832,-0.5180980822959677,0.9988209815422262,0.9988209815422263,0.0,1.1102230246251565e-16
identity_case_02,B,13,0.09898421207235603,-0.566288274066371,0.9988209815422262,0.9988209815422262,0.0,0.0
identity_case_02,B,14,0.06831616182357697,-0.6096594466597339,0.9988209815422262,0.9988209815422262,0.0,0.0
identity_case_02,B,15,0.04071491659967583,-0.6486935019937604,0.9988209815422262,0.9988209815422261,0.0,1.1102230246251565e-16
identity_case_02,B,16,0.015873795898164792,-0.6838241517943845,0.9988209815422262,0.9988209815422263,0.0,1.1102230246251565e-16
identity_case_02,B,17,-0.006483212733195128,-0.715441736614946,0.9988209815422262,0.9988209815422262,0.0,0.0
identity_case_02,B,18,-0.02660452050141906,-0.7438975629534512,0.9988209815422261,0.9988209815422261,1.1102230246251565e-16,1.1102230246251565e-16
identity_case_02,B,19,-0.044713697492820614,-0.7695078066581061,0.998820981542226,0.998820981542226,2.220446049250313e-16,2.220446049250313e-16
identity_case_02,B,20,-0.061011956785082005,-0.7925570259922955,0.998820981542226,0.998820981542226,2.220446049250313e-16,2.220446049250313e-16
identity_case_02,B,21,-0.07568039014811727,-0.8133013233930659,0.9988209815422261,0.9988209815422261,1.1102230246251565e-16,1.1102230246251565e-16
identity_case_02,B,22,-0.088881980174849,-0.8319711910537593,0.998820981542226,0.998820981542226,2.220446049250313e-16,2.220446049250313e-16
identity_case_02,B,23,-0.10076341119890755,-0.8487740719483834,0.998820981542226,0.998820981542226,2.220446049250313e-16,2.220446049250313e-16
identity_case_02,B,24,-0.11145669912056026,-0.8638966647535451,0.9988209815422261,0.9988209815422261,1.1102230246251565e-16,1.1102230246251565e-16
identity_case_02,B,25,-0.1210806582500477,-0.8775069982781906,0.998820981542226,0.998820981542226,2.220446049250313e-16,2.220446049250313e-16
identity_case_02,B,26,-0.1297422214665864,-0.8897562984503715,0.998820981542226,0.998820981542226,2.220446049250313e-16,2.220446049250313e-16
identity_case_02,B,27,-0.1375376283614712,-0.9007806686053345,0.9988209815422261,0.9988209815422261,1.1102230246251565e-16,1.1102230246251565e-16
identity_case_02,B,28,-0.14455349456686753,-0.910702601744801,0.9988209815422261,0.9988209815422261,1.1102230246251565e-16,1.1102230246251565e-16
identity_case_02,B,29,-0.15086777415172423,-0.9196323415703209,0.9988209815422261,0.9988209815422261,1.1102230246251565e-16,1.1102230246251565e-16
identity_case_02,B,30,-0.15655062577809525,-0.9276691074132888,0.998820981542226,0.998820981542226,2.220446049250313e-16,2.220446049250313e-16
identity_case_02,B,31,-0.16166519224182918,-0.93490219667196,0.9988209815422261,0.9988209815422261,1.1102230246251565e-16,1.1102230246251565e-16
identity_case_02,B,32,-0.16626830205918972,-0.9414119770047638,0.998820981542226,0.998820981542226,2.220446049250313e-16,2.220446049250313e-16
identity_case_02,B,33,-0.1704111008948142,-0.9472707793042874,0.998820981542226,0.998820981542226,2.220446049250313e-16,2.220446049250313e-16
identity_case_02,B,34,-0.17413961984687626,-0.9525437013738586,0.9988209815422258,0.9988209815422258,4.440892098500626e-16,4.440892098500626e-16
identity_case_02,B,35,-0.1774952869037321,-0.9572893312364728,0.9988209815422258,0.9988209815422258,4.440892098500626e-16,4.440892098500626e-16
identity_case_02,B,36,-0.18051538725490235,-0.9615603981128253,0.9988209815422258,0.9988209815422258,4.440892098500626e-16,4.440892098500626e-16
identity_case_02,B,37,-0.1832334775709556,-0.9654043583015429,0.9988209815422258,0.9988209815422258,4.440892098500626e-16,4.440892098500626e-16
identity_case_02,B,38,-0.1856797588554035,-0.9688639224713886,0.9988209815422258,0.9988209815422258,4.440892098500626e-16,4.440892098500626e-16
identity_case_02,B,39,-0.18788141201140662,-0.9719775302242498,0.9988209815422259,0.9988209815422259,3.3306690738754696e-16,3.3306690738754696e-16
identity_case_02,B,40,-0.18986289985180943,-0.9747797772018248,0.9988209815422258,0.9988209815422258,4.440892098500626e-16,4.440892098500626e-16
identity_case_02,B,41,-0.19164623890817195,-0.9773017994816424,0.998820981542226,0.998820981542226,2.220446049250313e-16,2.220446049250313e-16
identity_case_02,B,42,-0.1932512440588982,-0.9795716195334783,0.998820981542226,0.998820981542226,2.220446049250313e-16,2.220446049250313e-16
identity_case_02,B,43,-0.19469574869455183,-0.9816144575801304,0.9988209815422261,0.9988209815422261,1.1102230246251565e-16,1.1102230246251565e-16
identity_case_02,B,44,-0.1959958028666401,-0.9834530118221174,0.9988209815422261,0.9988209815422261,1.1102230246251565e-16,1.1102230246251565e-16
identity_case_02,B,45,-0.19716585162151953,-0.9851077106399055,0.998820981542226,0.998820981542226,2.220446049250313e-16,2.220446049250313e-16
identity_case_02,B,46,-0.19821889550091104,-0.986596939575915,0.998820981542226,0.998820981542226,2.220446049250313e-16,2.220446049250313e-16
identity_case_02,B,47,-0.1991666349923634,-0.9879372456183234,0.9988209815422259,0.9988209815422259,3.3306690738754696e-16,3.3306690738754696e-16
identity_case_02,B,48,-0.20001960053467052,-0.9891435210564911,0.9988209815422259,0.9988209815422259,3.3306690738754696e-16,3.3306690738754696e-16
identity_case_02,B,49,-0.20078726952274695,-0.990229168950842,0.9988209815422259,0.9988209815422259,3.3306690738754696e-16,3.3306690738754696e-16
identity_case_02,B,50,-0.20147817161201573,-0.9912062520557577,0.9988209815422258,0.9988209815422258,4.440892098500626e-16,4.440892098500626e-16
identity_case_02,B,51,-0.2020999834923576,-0.9920856268501819,0.9988209815422258,0.9988209815422258,4.440892098500626e-16,4.440892098500626e-16
identity_case_02,B,52,-0.20265961418466533,-0.9928770641651636,0.9988209815422258,0.9988209815422258,4.440892098500626e-16,4.440892098500626e-16
identity_case_02,B,53,-0.20316328180774226,-0.9935893577486474,0.9988209815422258,0.9988209815422258,4.440892098500626e-16,4.440892098500626e-16
identity_case_02,B,54,-0.20361658266851151,-0.9942304219737825,0.9988209815422258,0.9988209815422258,4.440892098500626e-16,4.440892098500626e-16
identity_case_02,B,55,-0.20402455344320383,-0.9948073797764042,0.9988209815422256,0.9988209815422256,5.551115123125783e-16,5.551115123125783e-16
identity_case_02,B,56,-0.20439172714042694,-0.9953266417987638,0.9988209815422255,0.9988209815422255,6.661338147750939e-16,6.661338147750939e-16
identity_case_02,B,57,-0.20472218346792773,-0.9957939776188874,0.9988209815422256,0.9988209815422256,5.551115123125783e-16,5.551115123125783e-16
identity_case_02,B,58,-0.20501959416267843,-0.9962145798569987,0.9988209815422255,0.9988209815422255,6.661338147750939e-16,6.661338147750939e-16
identity_case_02,B,59,-0.20528726378795406,-0.9965931218712989,0.9988209815422256,0.9988209815422256,5.551115123125783e-16,5.551115123125783e-16
identity_case_02,B,60,-0.20552816645070213,-0.996933809684169,0.9988209815422256,0.9988209815422256,5.551115123125783e-16,5.551115123125783e-16
identity_case_02,B,61,-0.20574497884717538,-0.997240428715752,0.9988209815422256,0.9988209815422256,5.551115123125783e-16,5.551115123125783e-16
identity_case_02,B,62,-0.2059401100040013,-0.9975163858441769,0.9988209815422258,0.9988209815422258,4.440892098500626e-16,4.440892098500626e-16
identity_case_02,B,63,-0.20611572804514466,-0.9977647472597593,0.9988209815422258,0.9988209815422258,4.440892098500626e-16,4.440892098500626e-16
identity_case_02,B,64,-0.20627378428217366,-0.9979882725337832,0.9988209815422256,0.9988209815422256,5.551115123125783e-16,5.551115123125783e-16
identity_case_03,A,1,0.1,0.07071067811865475,,,,
identity_case_03,A,2,0.19,0.13435028842544403,,,,
identity_case_03,A,3,0.271,0.19162593770155437,,,,
identity_case_03,A,4,0.34390000000000004,0.2431740220500537,,,,
identity_case_03,A,5,0.40951000000000004,0.28956729796370306,,,,
identity_case_03,A,6,0.46855900000000006,0.3313212462859875,,,,
identity_case_03,A,7,0.5217031000000001,0.36889979977604354,,,,
identity_case_03,A,8,0.5695327900000001,0.40272049791709397,,,,
identity_case_03,A,9,0.6125795110000001,0.4331591262440393,,,,
identity_case_03,A,10,0.6513215599000001,0.4605538917382901,,,,
identity_case_03,A,11,0.68618940391,0.48520918068311586,,,,
identity_case_03,A,12,0.717570463519,0.5073989407334589,,,,
identity_case_03,A,13,0.7458134171671,0.5273697247787679,,,,
identity_case_03,A,14,0.7712320754503901,0.5453434304195458,,,,
identity_case_03,A,15,0.7941088679053511,0.561519765496246,,,,
identity_case_03,A,16,0.814697981114816,0.5760784670652761,,,,
identity_case_03,A,17,0.8332281830033343,0.5891812984774033,,,,
identity_case_03,A,18,0.8499053647030009,0.6009738467483177,,,,
identity_case_03,A,19,0.8649148282327008,0.6115871401921407,,,,
identity_case_03,A,20,0.8784233454094308,0.6211391042915814,,,,
identity_case_03,A,21,0.8905810108684877,0.629735871981078,,,,
identity_case_03,A,22,0.901522909781639,0.6374729629016249,,,,
identity_case_03,A,23,0.911370618803475,0.6444363447301171,,,,
identity_case_03,A,24,0.9202335569231275,0.6507033883757601,,,,
identity_case_03,A,25,0.9282102012308148,0.6563437276568389,,,,
identity_case_03,A,26,0.9353891811077333,0.6614200330098098,,,,
identity_case_03,A,27,0.94185026299696,0.6659887078274835,,,,
identity_case_03,A,28,0.947665236697264,0.67010051516339,,,,
identity_case_03,A,29,0.9528987130275376,0.6738011417657057,,,,
identity_case_03,A,30,0.9576088417247839,0.6771317057077899,,,,
identity_case_03,A,31,0.9618479575523055,0.6801292132556657,,,,
identity_case_03,A,32,0.9656631617970749,0.6828269700487538,,,,
identity_case_03,A,33,0.9690968456173674,0.6852549511625332,,,,
identity_case_03,A,34,0.9721871610556306,0.6874401341649345,,,,
identity_case_03,A,35,0.9749684449500675,0.6894067988670959,,,,
identity_case_03,A,36,0.9774716004550608,0.691176797099041,,,,
identity_case_03,A,37,0.9797244404095546,0.6927697955077916,,,,
identity_case_03,A,38,0.9817519963685992,0.6942034940756673,,,,
identity_case_03,A,39,0.9835767967317393,0.6954938227867552,,,,
identity_case_03,A,40,0.9852191170585654,0.6966551186267345,,,,
identity_case_03,A,41,0.9866972053527088,0.6977002848827157,,,,
identity_case_03,A,42,0.9880274848174379,0.6986409345130988,,,,
identity_case_03,A,43,0.9892247363356941,0.6994875191804437,,,,
identity_case_03,A,44,0.9903022627021246,0.700249445381054,,,,
identity_case_03,A,45,0.9912720364319122,0.7009351789616034,,,,
identity_case_03,A,46,0.992144832788721,0.7015523391840979,,,,
identity_case_03,A,47,0.9929303495098489,0.7021077833843429,,,,
identity_case_03,A,48,0.9936373145588641,0.7026076831645633,,,,
identity_case_03,A,49,0.9942735831029776,0.7030575929667617,,,,
identity_case_03,A,50,0.9948462247926799,0.7034625117887403,,,,
identity_case_03,A,51,0.995361602313412,0.7038269387285211,,,,
identity_case_03,A,52,0.9958254420820708,0.7041549229743237,,,,
identity_case_03,A,53,0.9962428978738638,0.7044501087955461,,,,
identity_case_03,A,54,0.9966186080864774,0.7047157760346463,,,,
identity_case_03,A,55,0.9969567472778297,0.7049548765498365,,,,
identity_case_03,A,56,0.9972610725500467,0.7051700670135075,,,,
identity_case_03,A,57,0.997534965295042,0.7053637384308115,,,,
identity_case_03,A,58,0.9977814687655379,0.7055380427063851,,,,
identity_case_03,A,59,0.9980033218889841,0.7056949165544014,,,,
identity_case_03,A,60,0.9982029897000857,0.705836103017616,,,,
identity_case_03,A,61,0.9983826907300771,0.7059631708345091,,,,
identity_case_03,A,62,0.9985444216570694,0.7060775318697129,,,,
identity_case_03,A,63,0.9986899794913624,0.7061804568013964,,,,
identity_case_03,A,64,0.9988209815422262,0.7062730892399115,,,,
identity_case_03,B,1,1.0195906105837698,0.7356457803159204,0.9988209815422263,0.9988209815422263,1.1102230246251565e-16,1.1102230246251565e-16
identity_case_03,B,2,1.038283276721159,0.7620812022843284,0.9988209815422264,0.9988209815422264,2.220446049250313e-16,2.220446049250313e-16
identity_case_03,B,3,1.0551066762448091,0.7858730820558957,0.9988209815422264,0.9988209815422264,2.220446049250313e-16,2.220446049250313e-16
identity_case_03,B,4,1.0702477358160942,0.8072857738503061,0.9988209815422263,0.9988209815422263,1.1102230246251565e-16,1.1102230246251565e-16
identity_case_03,B,5,1.083874689430251,0.8265571964652754,0.9988209815422264,0.9988209815422264,2.220446049250313e-16,2.220446049250313e-16
identity_case_03,B,6,1.096138947682992,0.8439014768187478,0.9988209815422264,0.9988209815422264,2.220446049250313e-16,2.220446049250313e-16
identity_case_03,B,7,1.1071767801104588,0.8595113291368731,0.9988209815422264,0.9988209815422264,2.220446049250313e-16,2.220446049250313e-16
identity_case_03,B,8,1.117110829295179,0.8735601962231858,0.9988209815422264,0.9988209815422264,2.220446049250313e-16,2.220446049250313e-16
identity_case_03,B,9,1.126051473561427,0.8862041766008671,0.9988209815422263,0.9988209815422263,1.1102230246251565e-16,1.1102230246251565e-16
identity_case_03,B,10,1.1340980534010505,0.8975837589407805,0.9988209815422264,0.9988209815422264,2.220446049250313e-16,2.220446049250313e-16
identity_case_03,B,11,1.1413399752567115,0.9078253830467025,0.9988209815422263,0.9988209815422263,1.1102230246251565e-16,1.1102230246251565e-16
identity_case_03,B,12,1.1478577049268064,0.9170428447420321,0.9988209815422263,0.9988209815422263,1.1102230246251565e-16,1.1102230246251565e-16
identity_case_03,B,13,1.1537236616298918,0.9253385602678289,0.9988209815422263,0.9988209815422263,1.1102230246251565e-16,1.1102230246251565e-16
identity_case_03,B,14,1.1590030226626686,0.932804704241046,0.9988209815422262,0.9988209815422262,0.0,0.0
identity_case_03,B,15,1.1637544475921677,0.9395242338169413,0.9988209815422261,0.9988209815422261,1.1102230246251565e-16,1.1102230246251565e-16
identity_case_03,B,16,1.168030730028717,0.9455718104352471,0.998820981542226,0.998820981542226,2.220446049250313e-16,2.220446049250313e-16
identity_case_03,B,17,1.1718793842216113,0.9510146293917223,0.998820981542226,0.998820981542226,2.220446049250313e-16,2.220446049250313e-16
identity_case_03,B,18,1.1753431729952162,0.9559131664525501,0.998820981542226,0.998820981542226,2.220446049250313e-16,2.220446049250313e-16
identity_case_03,B,19,1.1784605828914607,0.9603218498072952,0.9988209815422261,0.9988209815422261,1.1102230246251565e-16,1.1102230246251565e-16
identity_case_03,B,20,1.1812662517980808,0.9642896648265658,0.9988209815422261,0.9988209815422261,1.1102230246251565e-16,1.1102230246251565e-16
identity_case_03,B,21,1.1837913538140388,0.9678606983439092,0.9988209815422262,0.9988209815422262,0.0,0.0
identity_case_03,B,22,1.186063945628401,0.9710746285095183,0.9988209815422262,0.9988209815422262,0.0,0.0
identity_case_03,B,23,1.188109278261327,0.9739671656585664,0.9988209815422262,0.9988209815422262,0.0,0.0
identity_case_03,B,24,1.1899500776309604,0.9765704490927098,0.9988209815422262,0.9988209815422262,0.0,0.0
identity_case_03,B,25,1.1916067970636304,0.9789134041834388,0.9988209815422262,0.9988209815422262,0.0,0.0
identity_case_03,B,26,1.1930978445530334,0.9810220637650949,0.9988209815422262,0.9988209815422262,0.0,0.0
identity_case_03,B,27,1.194439787293496,0.9829198573885853,0.998820981542226,0.998820981542226,2.220446049250313e-16,2.220446049250313e-16
identity_case_03,B,28,1.1956475357599123,0.9846278716497266,0.998820981542226,0.9988209815422259,2.220446049250313e-16,3.3306690738754696e-16
identity_case_03,B,29,1.196734509379687,0.986165084484754,0.9988209815422258,0.9988209815422258,4.440892098500626e-16,4.440892098500626e-16
identity_case_03,B,30,1.1977127856374845,0.9875485760362787,0.998820981542226,0.998820981542226,2.220446049250313e-16,2.220446049250313e-16
identity_case_03,B,31,1.198593234269502,0.9887937184326507,0.9988209815422259,0.9988209815422258,3.3306690738754696e-16,4.440892098500626e-16
identity_case_03,B,32,1.1993856380383179,0.9899143465893857,0.9988209815422259,0.9988209815422258,3.3306690738754696e-16,4.440892098500626e-16
identity_case_03,B,33,1.200098801430252,0.990922911930447,0.9988209815422258,0.9988209815422258,4.440892098500626e-16,4.440892098500626e-16
identity_case_03,B,34,1.200740648482993,0.9918306207374025,0.9988209815422259,0.9988209815422259,3.3306690738754696e-16,3.3306690738754696e-16
identity_case_03,B,35,1.2013183108304597,0.9926475586636622,0.9988209815422258,0.9988209815422258,4.440892098500626e-16,4.440892098500626e-16
identity_case_03,B,36,1.2018382069431799,0.993382802797296,0.998820981542226,0.998820981542226,2.220446049250313e-16,2.220446049250313e-16
identity_case_03,B,37,1.202306113444628,0.9940445225175665,0.998820981542226,0.998820981542226,2.220446049250313e-16,2.220446049250313e-16
identity_case_03,B,38,1.2027272292959312,0.9946400702658098,0.998820981542226,0.998820981542226,2.220446049250313e-16,2.220446049250313e-16
identity_case_03,B,39,1.203106233562104,0.9951760632392287,0.9988209815422259,0.9988209815422259,3.3306690738754696e-16,3.3306690738754696e-16
identity_case_03,B,40,1.2034473374016597,0.9956584569153057,0.9988209815422258,0.9988209815422258,4.440892098500626e-16,4.440892098500626e-16
identity_case_03,B,41,1.2037543308572598,0.9960926112237752,0.9988209815422259,0.9988209815422259,3.3306690738754696e-16,3.3306690738754696e-16
identity_case_03,B,42,1.2040306249672998,0.9964833501013978,0.9988209815422258,0.9988209815422258,4.440892098500626e-16,4.440892098500626e-16
identity_case_03,B,43,1.204279289666336,0.9968350150912579,0.9988209815422258,0.9988209815422258,4.440892098500626e-16,4.440892098500626e-16
identity_case_03,B,44,1.2045030878954683,0.9971515135821322,0.9988209815422258,0.9988209815422258,4.440892098500626e-16,4.440892098500626e-16
identity_case_03,B,45,1.2047045063016875,0.9974363622239188,0.9988209815422258,0.9988209815422258,4.440892098500626e-16,4.440892098500626e-16
identity_case_03,B,46,1.2048857828672848,0.9976927260015269,0.9988209815422258,0.9988209815422258,4.440892098500626e-16,4.440892098500626e-16
identity_case_03,B,47,1.2050489317763224,0.9979234534013743,0.9988209815422258,0.9988209815422258,4.440892098500626e-16,4.440892098500626e-16
identity_case_03,B,48,1.2051957657944563,0.998131108061237,0.9988209815422259,0.9988209815422259,3.3306690738754696e-16,3.3306690738754696e-16
identity_case_03,B,49,1.2053279164107766,0.9983179972551133,0.9988209815422258,0.9988209815422258,4.440892098500626e-16,4.440892098500626e-16
identity_case_03,B,50,1.205446851965465,0.9984861975296019,0.9988209815422259,0.9988209815422259,3.3306690738754696e-16,3.3306690738754696e-16
identity_case_03,B,51,1.2055538939646846,0.9986375777766417,0.9988209815422259,0.9988209815422259,3.3306690738754696e-16,3.3306690738754696e-16
identity_case_03,B,52,1.2056502317639821,0.9987738199989775,0.9988209815422258,0.9988209815422258,4.440892098500626e-16,4.440892098500626e-16
identity_case_03,B,53,1.2057369357833498,0.9988964379990797,0.9988209815422256,0.9988209815422256,5.551115123125783e-16,5.551115123125783e-16
identity_case_03,B,54,1.205814969400781,0.9990067941991716,0.9988209815422258,0.9988209815422258,4.440892098500626e-16,4.440892098500626e-16
identity_case_03,B,55,1.2058851996564688,0.9991061147792545,0.9988209815422256,0.9988209815422256,5.551115123125783e-16,5.551115123125783e-16
identity_case_03,B,56,1.205948406886588,0.9991955033013291,0.9988209815422256,0.9988209815422256,5.551115123125783e-16,5.551115123125783e-16
identity_case_03,B,57,1.2060052933936953,0.9992759529711963,0.9988209815422258,0.9988209815422258,4.440892098500626e-16,4.440892098500626e-16
identity_case_03,B,58,1.2060564912500917,0.9993483576740765,0.9988209815422256,0.9988209815422256,5.551115123125783e-16,5.551115123125783e-16
identity_case_03,B,59,1.2061025693208487,0.9994135219066689,0.9988209815422258,0.9988209815422258,4.440892098500626e-16,4.440892098500626e-16
identity_case_03,B,60,1.20614403958453,0.9994721697160022,0.9988209815422259,0.9988209815422259,3.3306690738754696e-16,3.3306690738754696e-16
identity_case_03,B,61,1.206181362821843,0.9995249527444019,0.9988209815422258,0.9988209815422258,4.440892098500626e-16,4.440892098500626e-16
identity_case_03,B,62,1.2062149537354248,0.9995724574699617,0.9988209815422259,0.9988209815422259,3.3306690738754696e-16,3.3306690738754696e-16
identity_case_03,B,63,1.2062451855576484,0.9996152117229655,0.9988209815422259,0.9988209815422259,3.3306690738754696e-16,3.3306690738754696e-16
identity_case_03,B,64,1.2062723941976496,0.999653690550669,0.998820981542226,0.998820981542226,2.220446049250313e-16,2.220446049250313e-16
identity_case_04,A,1,-0.1,0.0,,,,
identity_case_04,A,2,-0.19,0.0,,,,
identity_case_04,A,3,-0.271,0.0,,,,
identity_case_04,A,4,-0.34390000000000004,0.0,,,,
identity_case_04,A,5,-0.40951000000000004,0.0,,,,
identity_case_04,A,6,-0.46855900000000006,0.0,,,,
identity_case_04,A,7,-0.5217031000000001,0.0,,,,
identity_case_04,A,8,-0.5695327900000001,0.0,,,,
identity_case_04,A,9,-0.6125795110000001,0.0,,,,
identity_case_04,A,10,-0.6513215599000001,0.0,,,,
identity_case_04,A,11,-0.68618940391,0.0,,,,
identity_case_04,A,12,-0.717570463519,0.0,,,,
identity_case_04,A,13,-0.7458134171671,0.0,,,,
identity_case_04,A,14,-0.7712320754503901,0.0,,,,
identity_case_04,A,15,-0.7941088679053511,0.0,,,,
identity_case_04,A,16,-0.814697981114816,0.0,,,,
identity_case_04,A,17,-0.8332281830033343,0.0,,,,
identity_case_04,A,18,-0.8499053647030009,0.0,,,,
identity_case_04,A,19,-0.8649148282327008,0.0,,,,
identity_case_04,A,20,-0.8784233454094308,0.0,,,,
identity_case_04,A,21,-0.8905810108684877,0.0,,,,
identity_case_04,A,22,-0.901522909781639,0.0,,,,
identity_case_04,A,23,-0.911370618803475,0.0,,,,
identity_case_04,A,24,-0.9202335569231275,0.0,,,,
identity_case_04,A,25,-0.9282102012308148,0.0,,,,
identity_case_04,A,26,-0.9353891811077333,0.0,,,,
identity_case_04,A,27,-0.94185026299696,0.0,,,,
identity_case_04,A,28,-0.947665236697264,0.0,,,,
identity_case_04,A,29,-0.9528987130275376,0.0,,,,
identity_case_04,A,30,-0.9576088417247839,0.0,,,,
identity_case_04,A,31,-0.9618479575523055,0.0,,,,
identity_case_04,A,32,-0.9656631617970749,0.0,,,,
identity_case_04,A,33,-0.9690968456173674,0.0,,,,
identity_case_04,A,34,-0.9721871610556306,0.0,,,,
identity_case_04,A,35,-0.9749684449500675,0.0,,,,
identity_case_04,A,36,-0.9774716004550608,0.0,,,,
identity_case_04,A,37,-0.9797244404095546,0.0,,,,
identity_case_04,A,38,-0.9817519963685992,0.0,,,,
identity_case_04,A,39,-0.9835767967317393,0.0,,,,
identity_case_04,A,40,-0.9852191170585654,0.0,,,,
identity_case_04,A,41,-0.9866972053527088,0.0,,,,
identity_case_04,A,42,-0.9880274848174379,0.0,,,,
identity_case_04,A,43,-0.9892247363356941,0.0,,,,
identity_case_04,A,44,-0.9903022627021246,0.0,,,,
identity_case_04,A,45,-0.9912720364319122,0.0,,,,
identity_case_04,A,46,-0.992144832788721,0.0,,,,
identity_case_04,A,47,-0.9929303495098489,0.0,,,,
identity_case_04,A,48,-0.9936373145588641,0.0,,,,
identity_case_04,A,49,-0.9942735831029776,0.0,,,,
identity_case_04,A,50,-0.9948462247926799,0.0,,,,
identity_case_04,A,51,-0.995361602313412,0.0,,,,
identity_case_04,A,52,-0.9958254420820708,0.0,,,,
identity_case_04,A,53,-0.9962428978738638,0.0,,,,
identity_case_04,A,54,-0.9966186080864774,0.0,,,,
identity_case_04,A,55,-0.9969567472778297,0.0,,,,
identity_case_04,A,56,-0.9972610725500467,0.0,,,,
identity_case_04,A,57,-0.997534965295042,0.0,,,,
identity_case_04,A,58,-0.9977814687655379,0.0,,,,
identity_case_04,A,59,-0.9980033218889841,0.0,,,,
identity_case_04,A,60,-0.9982029897000857,0.0,,,,
identity_case_04,A,61,-0.9983826907300771,0.0,,,,
identity_case_04,A,62,-0.9985444216570694,0.0,,,,
identity_case_04,A,63,-0.9986899794913624,0.0,,,,
identity_case_04,A,64,-0.9988209815422262,0.0,,,,
identity_case_04,B,1,-0.9988209815422262,-0.1,-0.9988209815422262,-0.9988209815422262,0.0,0.0
identity_case_04,B,2,-0.9988209815422262,-0.19,-0.9988209815422262,-0.9988209815422262,0.0,0.0
identity_case_04,B,3,-0.9988209815422262,-0.271,-0.9988209815422262,-0.9988209815422262,0.0,0.0
identity_case_04,B,4,-0.9988209815422262,-0.34390000000000004,-0.9988209815422262,-0.9988209815422262,0.0,0.0
identity_case_04,B,5,-0.9988209815422262,-0.40951000000000004,-0.9988209815422262,-0.9988209815422262,0.0,0.0
identity_case_04,B,6,-0.9988209815422262,-0.46855900000000006,-0.9988209815422262,-0.9988209815422262,0.0,0.0
identity_case_04,B,7,-0.9988209815422262,-0.5217031000000001,-0.9988209815422262,-0.9988209815422262,0.0,0.0
identity_case_04,B,8,-0.9988209815422262,-0.5695327900000001,-0.9988209815422262,-0.9988209815422262,0.0,0.0
identity_case_04,B,9,-0.9988209815422262,-0.6125795110000001,-0.9988209815422262,-0.9988209815422262,0.0,0.0
identity_case_04,B,10,-0.9988209815422262,-0.6513215599000001,-0.9988209815422262,-0.9988209815422262,0.0,0.0
identity_case_04,B,11,-0.9988209815422262,-0.68618940391,-0.9988209815422262,-0.9988209815422262,0.0,0.0
identity_case_04,B,12,-0.9988209815422262,-0.717570463519,-0.9988209815422262,-0.9988209815422262,0.0,0.0
identity_case_04,B,13,-0.9988209815422262,-0.7458134171671,-0.9988209815422262,-0.9988209815422262,0.0,0.0
identity_case_04,B,14,-0.9988209815422262,-0.7712320754503901,-0.9988209815422262,-0.9988209815422262,0.0,0.0
identity_case_04,B,15,-0.9988209815422262,-0.7941088679053511,-0.9988209815422262,-0.9988209815422262,0.0,0.0
identity_case_04,B,16,-0.9988209815422262,-0.814697981114816,-0.9988209815422262,-0.9988209815422262,0.0,0.0
identity_case_04,B,17,-0.9988209815422262,-0.8332281830033343,-0.9988209815422262,-0.9988209815422262,0.0,0.0
identity_case_04,B,18,-0.9988209815422262,-0.8499053647030009,-0.9988209815422262,-0.9988209815422262,0.0,0.0
identity_case_04,B,19,-0.9988209815422262,-0.8649148282327008,-0.9988209815422262,-0.9988209815422262,0.0,0.0
identity_case_04,B,20,-0.9988209815422262,-0.8784233454094308,-0.9988209815422262,-0.9988209815422262,0.0,0.0
identity_case_04,B,21,-0.9988209815422262,-0.8905810108684877,-0.9988209815422262,-0.9988209815422262,0.0,0.0
identity_case_04,B,22,-0.9988209815422262,-0.901522909781639,-0.9988209815422262,-0.9988209815422262,0.0,0.0
identity_case_04,B,23,-0.9988209815422262,-0.911370618803475,-0.9988209815422262,-0.9988209815422262,0.0,0.0
identity_case_04,B,24,-0.9988209815422262,-0.9202335569231275,-0.9988209815422262,-0.9988209815422262,0.0,0.0
identity_case_04,B,25,-0.9988209815422262,-0.9282102012308148,-0.9988209815422262,-0.9988209815422262,0.0,0.0
identity_case_04,B,26,-0.9988209815422262,-0.9353891811077333,-0.9988209815422262,-0.9988209815422262,0.0,0.0
identity_case_04,B,27,-0.9988209815422262,-0.94185026299696,-0.9988209815422262,-0.9988209815422262,0.0,0.0
identity_case_04,B,28,-0.9988209815422262,-0.947665236697264,-0.9988209815422262,-0.9988209815422262,0.0,0.0
identity_case_04,B,29,-0.9988209815422262,-0.9528987130275376,-0.9988209815422262,-0.9988209815422262,0.0,0.0
identity_case_04,B,30,-0.9988209815422262,-0.9576088417247839,-0.9988209815422262,-0.9988209815422262,0.0,0.0
identity_case_04,B,31,-0.9988209815422262,-0.9618479575523055,-0.9988209815422262,-0.9988209815422262,0.0,0.0
identity_case_04,B,32,-0.9988209815422262,-0.9656631617970749,-0.9988209815422262,-0.9988209815422262,0.0,0.0
identity_case_04,B,33,-0.9988209815422262,-0.9690968456173674,-0.9988209815422262,-0.9988209815422262,0.0,0.0
identity_case_04,B,34,-0.9988209815422262,-0.9721871610556306,-0.9988209815422262,-0.9988209815422262,0.0,0.0
identity_case_04,B,35,-0.9988209815422262,-0.9749684449500675,-0.9988209815422262,-0.9988209815422262,0.0,0.0
identity_case_04,B,36,-0.9988209815422262,-0.9774716004550608,-0.9988209815422262,-0.9988209815422262,0.0,0.0
identity_case_04,B,37,-0.9988209815422262,-0.9797244404095546,-0.9988209815422262,-0.9988209815422262,0.0,0.0
identity_case_04,B,38,-0.9988209815422262,-0.9817519963685992,-0.9988209815422262,-0.9988209815422262,0.0,0.0
identity_case_04,B,39,-0.9988209815422262,-0.9835767967317393,-0.9988209815422262,-0.9988209815422262,0.0,0.0
identity_case_04,B,40,-0.9988209815422262,-0.9852191170585654,-0.9988209815422262,-0.9988209815422262,0.0,0.0
identity_case_04,B,41,-0.9988209815422262,-0.9866972053527088,-0.9988209815422262,-0.9988209815422262,0.0,0.0
identity_case_04,B,42,-0.9988209815422262,-0.9880274848174379,-0.9988209815422262,-0.9988209815422262,0.0,0.0
identity_case_04,B,43,-0.9988209815422262,-0.9892247363356941,-0.9988209815422262,-0.9988209815422262,0.0,0.0
identity_case_04,B,44,-0.9988209815422262,-0.9903022627021246,-0.9988209815422262,-0.9988209815422262,0.0,0.0
identity_case_04,B,45,-0.9988209815422262,-0.9912720364319122,-0.9988209815422262,-0.9988209815422262,0.0,0.0
identity_case_04,B,46,-0.9988209815422262,-0.992144832788721,-0.9988209815422262,-0.9988209815422262,0.0,0.0
identity_case_04,B,47,-0.9988209815422262,-0.9929303495098489,-0.9988209815422262,-0.9988209815422262,0.0,0.0
identity_case_04,B,48,-0.9988209815422262,-0.9936373145588641,-0.9988209815422262,-0.9988209815422262,0.0,0.0
identity_case_04,B,49,-0.9988209815422262,-0.9942735831029776,-0.9988209815422262,-0.9988209815422262,0.0,0.0
identity_case_04,B,50,-0.9988209815422262,-0.9948462247926799,-0.9988209815422262,-0.9988209815422262,0.0,0.0
identity_case_04,B,51,-0.9988209815422262,-0.995361602313412,-0.9988209815422262,-0.9988209815422262,0.0,0.0
identity_case_04,B,52,-0.9988209815422262,-0.9958254420820708,-0.9988209815422262,-0.9988209815422262,0.0,0.0
identity_case_04,B,53,-0.9988209815422262,-0.9962428978738638,-0.9988209815422262,-0.9988209815422262,0.0,0.0
identity_case_04,B,54,-0.9988209815422262,-0.9966186080864774,-0.9988209815422262,-0.9988209815422262,0.0,0.0
identity_case_04,B,55,-0.9988209815422262,-0.9969567472778297,-0.9988209815422262,-0.9988209815422262,0.0,0.0
identity_case_04,B,56,-0.9988209815422262,-0.9972610725500467,-0.9988209815422262,-0.9988209815422262,0.0,0.0
identity_case_04,B,57,-0.9988209815422262,-0.997534965295042,-0.9988209815422262,-0.9988209815422262,0.0,0.0
identity_case_04,B,58,-0.9988209815422262,-0.9977814687655379,-0.9988209815422262,-0.9988209815422262,0.0,0.0
identity_case_04,B,59,-0.9988209815422262,-0.9980033218889841,-0.9988209815422262,-0.9988209815422262,0.0,0.0
identity_case_04,B,60,-0.9988209815422262,-0.9982029897000857,-0.9988209815422262,-0.9988209815422262,0.0,0.0
identity_case_04,B,61,-0.9988209815422262,-0.9983826907300771,-0.9988209815422262,-0.9988209815422262,0.0,0.0
identity_case_04,B,62,-0.9988209815422262,-0.9985444216570694,-0.9988209815422262,-0.9988209815422262,0.0,0.0
identity_case_04,B,63,-0.9988209815422262,-0.9986899794913624,-0.9988209815422262,-0.9988209815422262,0.0,0.0
identity_case_04,B,64,-0.9988209815422262,-0.9988209815422262,-0.9988209815422262,-0.9988209815422262,0.0,0.0
identity_case_05,A,1,-0.1,0.0,,,,
identity_case_05,A,2,-0.19,0.0,,,,
identity_case_05,A,3,-0.271,0.0,,,,
identity_case_05,A,4,-0.34390000000000004,0.0,,,,
identity_case_05,A,5,-0.40951000000000004,0.0,,,,
identity_case_05,A,6,-0.46855900000000006,0.0,,,,
identity_case_05,A,7,-0.5217031000000001,0.0,,,,
identity_case_05,A,8,-0.5695327900000001,0.0,,,,
identity_case_05,A,9,-0.6125795110000001,0.0,,,,
identity_case_05,A,10,-0.6513215599000001,0.0,,,,
identity_case_05,A,11,-0.68618940391,0.0,,,,
identity_case_05,A,12,-0.717570463519,0.0,,,,
identity_case_05,A,13,-0.7458134171671,0.0,,,,
identity_case_05,A,14,-0.7712320754503901,0.0,,,,
identity_case_05,A,15,-0.7941088679053511,0.0,,,,
identity_case_05,A,16,-0.814697981114816,0.0,,,,
identity_case_05,A,17,-0.8332281830033343,0.0,,,,
identity_case_05,A,18,-0.8499053647030009,0.0,,,,
identity_case_05,A,19,-0.8649148282327008,0.0,,,,
identity_case_05,A,20,-0.8784233454094308,0.0,,,,
identity_case_05,A,21,-0.8905810108684877,0.0,,,,
identity_case_05,A,22,-0.901522909781639,0.0,,,,
identity_case_05,A,23,-0.911370618803475,0.0,,,,
identity_case_05,A,24,-0.9202335569231275,0.0,,,,
identity_case_05,A,25,-0.9282102012308148,0.0,,,,
identity_case_05,A,26,-0.9353891811077333,0.0,,,,
identity_case_05,A,27,-0.94185026299696,0.0,,,,
identity_case_05,A,28,-0.947665236697264,0.0,,,,
identity_case_05,A,29,-0.9528987130275376,0.0,,,,
identity_case_05,A,30,-0.9576088417247839,0.0,,,,
identity_case_05,A,31,-0.9618479575523055,0.0,,,,
identity_case_05,A,32,-0.9656631617970749,0.0,,,,
identity_case_05,A,33,-0.9690968456173674,0.0,,,,
identity_case_05,A,34,-0.9721871610556306,0.0,,,,
identity_case_05,A,35,-0.9749684449500675,0.0,,,,
identity_case_05,A,36,-0.9774716004550608,0.0,,,,
identity_case_05,A,37,-0.9797244404095546,0.0,,,,
identity_case_05,A,38,-0.9817519963685992,0.0,,,,
identity_case_05,A,39,-0.9835767967317393,0.0,,,,
identity_case_05,A,40,-0.9852191170585654,0.0,,,,
identity_case_05,A,41,-0.9866972053527088,0.0,,,,
identity_case_05,A,42,-0.9880274848174379,0.0,,,,
identity_case_05,A,43,-0.9892247363356941,0.0,,,,
identity_case_05,A,44,-0.9903022627021246,0.0,,,,
identity_case_05,A,45,-0.9912720364319122,0.0,,,,
identity_case_05,A,46,-0.992144832788721,0.0,,,,
identity_case_05,A,47,-0.9929303495098489,0.0,,,,
identity_case_05,A,48,-0.9936373145588641,0.0,,,,
identity_case_05,A,49,-0.9942735831029776,0.0,,,,
identity_case_05,A,50,-0.9948462247926799,0.0,,,,
identity_case_05,A,51,-0.995361602313412,0.0,,,,
identity_case_05,A,52,-0.9958254420820708,0.0,,,,
identity_case_05,A,53,-0.9962428978738638,0.0,,,,
identity_case_05,A,54,-0.9966186080864774,0.0,,,,
identity_case_05,A,55,-0.9969567472778297,0.0,,,,
identity_case_05,A,56,-0.9972610725500467,0.0,,,,
identity_case_05,A,57,-0.997534965295042,0.0,,,,
identity_case_05,A,58,-0.9977814687655379,0.0,,,,
identity_case_05,A,59,-0.9980033218889841,0.0,,,,
identity_case_05,A,60,-0.9982029897000857,0.0,,,,
identity_case_05,A,61,-0.9983826907300771,0.0,,,,
identity_case_05,A,62,-0.9985444216570694,0.0,,,,
identity_case_05,A,63,-0.9986899794913624,0.0,,,,
identity_case_05,A,64,-0.9988209815422262,0.0,,,,
identity_case_05,B,1,-0.9988209815422262,0.1,-0.9988209815422262,-0.9988209815422262,0.0,0.0
identity_case_05,B,2,-0.9988209815422262,0.19,-0.9988209815422262,-0.9988209815422262,0.0,0.0
identity_case_05,B,3,-0.9988209815422262,0.271,-0.9988209815422262,-0.9988209815422262,0.0,0.0
identity_case_05,B,4,-0.9988209815422262,0.34390000000000004,-0.9988209815422262,-0.9988209815422262,0.0,0.0
identity_case_05,B,5,-0.9988209815422262,0.40951000000000004,-0.9988209815422262,-0.9988209815422262,0.0,0.0
identity_case_05,B,6,-0.9988209815422262,0.46855900000000006,-0.9988209815422262,-0.9988209815422262,0.0,0.0
identity_case_05,B,7,-0.9988209815422262,0.5217031000000001,-0.9988209815422262,-0.9988209815422262,0.0,0.0
identity_case_05,B,8,-0.9988209815422262,0.5695327900000001,-0.9988209815422262,-0.9988209815422262,0.0,0.0
identity_case_05,B,9,-0.9988209815422262,0.6125795110000001,-0.9988209815422262,-0.9988209815422262,0.0,0.0
identity_case_05,B,10,-0.9988209815422262,0.6513215599000001,-0.9988209815422262,-0.9988209815422262,0.0,0.0
identity_case_05,B,11,-0.9988209815422262,0.68618940391,-0.9988209815422262,-0.9988209815422262,0.0,0.0
identity_case_05,B,12,-0.9988209815422262,0.717570463519,-0.9988209815422262,-0.9988209815422262,0.0,0.0
identity_case_05,B,13,-0.9988209815422262,0.7458134171671,-0.9988209815422262,-0.9988209815422262,0.0,0.0
identity_case_05,B,14,-0.9988209815422262,0.7712320754503901,-0.9988209815422262,-0.9988209815422262,0.0,0.0
identity_case_05,B,15,-0.9988209815422262,0.7941088679053511,-0.9988209815422262,-0.9988209815422262,0.0,0.0
identity_case_05,B,16,-0.9988209815422262,0.814697981114816,-0.9988209815422262,-0.9988209815422262,0.0,0.0
identity_case_05,B,17,-0.9988209815422262,0.8332281830033343,-0.9988209815422262,-0.9988209815422262,0.0,0.0
identity_case_05,B,18,-0.9988209815422262,0.8499053647030009,-0.9988209815422262,-0.9988209815422262,0.0,0.0
identity_case_05,B,19,-0.9988209815422262,0.8649148282327008,-0.9988209815422262,-0.9988209815422262,0.0,0.0
identity_case_05,B,20,-0.9988209815422262,0.8784233454094308,-0.9988209815422262,-0.9988209815422262,0.0,0.0
identity_case_05,B,21,-0.9988209815422262,0.8905810108684877,-0.9988209815422262,-0.9988209815422262,0.0,0.0
identity_case_05,B,22,-0.9988209815422262,0.901522909781639,-0.9988209815422262,-0.9988209815422262,0.0,0.0
identity_case_05,B,23,-0.9988209815422262,0.911370618803475,-0.9988209815422262,-0.9988209815422262,0.0,0.0
identity_case_05,B,24,-0.9988209815422262,0.9202335569231275,-0.9988209815422262,-0.9988209815422262,0.0,0.0
identity_case_05,B,25,-0.9988209815422262,0.9282102012308148,-0.9988209815422262,-0.9988209815422262,0.0,0.0
identity_case_05,B,26,-0.9988209815422262,0.9353891811077333,-0.9988209815422262,-0.9988209815422262,0.0,0.0
identity_case_05,B,27,-0.9988209815422262,0.94185026299696,-0.9988209815422262,-0.9988209815422262,0.0,0.0
identity_case_05,B,28,-0.9988209815422262,0.947665236697264,-0.9988209815422262,-0.9988209815422262,0.0,0.0
identity_case_05,B,29,-0.9988209815422262,0.9528987130275376,-0.9988209815422262,-0.9988209815422262,0.0,0.0
identity_case_05,B,30,-0.9988209815422262,0.9576088417247839,-0.9988209815422262,-0.9988209815422262,0.0,0.0
identity_case_05,B,31,-0.9988209815422262,0.9618479575523055,-0.9988209815422262,-0.9988209815422262,0.0,0.0
identity_case_05,B,32,-0.9988209815422262,0.9656631617970749,-0.9988209815422262,-0.9988209815422262,0.0,0.0
identity_case_05,B,33,-0.9988209815422262,0.9690968456173674,-0.9988209815422262,-0.9988209815422262,0.0,0.0
identity_case_05,B,34,-0.9988209815422262,0.9721871610556306,-0.9988209815422262,-0.9988209815422262,0.0,0.0
identity_case_05,B,35,-0.9988209815422262,0.9749684449500675,-0.9988209815422262,-0.9988209815422262,0.0,0.0
identity_case_05,B,36,-0.9988209815422262,0.9774716004550608,-0.9988209815422262,-0.9988209815422262,0.0,0.0
identity_case_05,B,37,-0.9988209815422262,0.9797244404095546,-0.9988209815422262,-0.9988209815422262,0.0,0.0
identity_case_05,B,38,-0.9988209815422262,0.9817519963685992,-0.9988209815422262,-0.9988209815422262,0.0,0.0
identity_case_05,B,39,-0.9988209815422262,0.9835767967317393,-0.9988209815422262,-0.9988209815422262,0.0,0.0
identity_case_05,B,40,-0.9988209815422262,0.9852191170585654,-0.9988209815422262,-0.9988209815422262,0.0,0.0
identity_case_05,B,41,-0.9988209815422262,0.9866972053527088,-0.9988209815422262,-0.9988209815422262,0.0,0.0
identity_case_05,B,42,-0.9988209815422262,0.9880274848174379,-0.9988209815422262,-0.9988209815422262,0.0,0.0
identity_case_05,B,43,-0.9988209815422262,0.9892247363356941,-0.9988209815422262,-0.9988209815422262,0.0,0.0
identity_case_05,B,44,-0.9988209815422262,0.9903022627021246,-0.9988209815422262,-0.9988209815422262,0.0,0.0
identity_case_05,B,45,-0.9988209815422262,0.9912720364319122,-0.9988209815422262,-0.9988209815422262,0.0,0.0
identity_case_05,B,46,-0.9988209815422262,0.992144832788721,-0.9988209815422262,-0.9988209815422262,0.0,0.0
identity_case_05,B,47,-0.9988209815422262,0.9929303495098489,-0.9988209815422262,-0.9988209815422262,0.0,0.0
identity_case_05,B,48,-0.9988209815422262,0.9936373145588641,-0.9988209815422262,-0.9988209815422262,0.0,0.0
identity_case_05,B,49,-0.9988209815422262,0.9942735831029776,-0.9988209815422262,-0.9988209815422262,0.0,0.0
identity_case_05,B,50,-0.9988209815422262,0.9948462247926799,-0.9988209815422262,-0.9988209815422262,0.0,0.0
identity_case_05,B,51,-0.9988209815422262,0.995361602313412,-0.9988209815422262,-0.9988209815422262,0.0,0.0
identity_case_05,B,52,-0.9988209815422262,0.9958254420820708,-0.9988209815422262,-0.9988209815422262,0.0,0.0
identity_case_05,B,53,-0.9988209815422262,0.9962428978738638,-0.9988209815422262,-0.9988209815422262,0.0,0.0
identity_case_05,B,54,-0.9988209815422262,0.9966186080864774,-0.9988209815422262,-0.9988209815422262,0.0,0.0
identity_case_05,B,55,-0.9988209815422262,0.9969567472778297,-0.9988209815422262,-0.9988209815422262,0.0,0.0
identity_case_05,B,56,-0.9988209815422262,0.9972610725500467,-0.9988209815422262,-0.9988209815422262,0.0,0.0
identity_case_05,B,57,-0.9988209815422262,0.997534965295042,-0.9988209815422262,-0.9988209815422262,0.0,0.0
identity_case_05,B,58,-0.9988209815422262,0.9977814687655379,-0.9988209815422262,-0.9988209815422262,0.0,0.0
identity_case_05,B,59,-0.9988209815422262,0.9980033218889841,-0.9988209815422262,-0.9988209815422262,0.0,0.0
identity_case_05,B,60,-0.9988209815422262,0.9982029897000857,-0.9988209815422262,-0.9988209815422262,0.0,0.0
identity_case_05,B,61,-0.9988209815422262,0.9983826907300771,-0.9988209815422262,-0.9988209815422262,0.0,0.0
identity_case_05,B,62,-0.9988209815422262,0.9985444216570694,-0.9988209815422262,-0.9988209815422262,0.0,0.0
identity_case_05,B,63,-0.9988209815422262,0.9986899794913624,-0.9988209815422262,-0.9988209815422262,0.0,0.0
identity_case_05,B,64,-0.9988209815422262,0.9988209815422262,-0.9988209815422262,-0.9988209815422262,0.0,0.0
identity_case_06,A,1,0.1,0.0,,,,
identity_case_06,A,2,0.19,0.0,,,,
identity_case_06,A,3,0.271,0.0,,,,
identity_case_06,A,4,0.34390000000000004,0.0,,,,
identity_case_06,A,5,0.40951000000000004,0.0,,,,
identity_case_06,A,6,0.46855900000000006,0.0,,,,
identity_case_06,A,7,0.5217031000000001,0.0,,,,
identity_case_06,A,8,0.5695327900000001,0.0,,,,
identity_case_06,A,9,0.6125795110000001,0.0,,,,
identity_case_06,A,10,0.6513215599000001,0.0,,,,
identity_case_06,A,11,0.68618940391,0.0,,,,
identity_case_06,A,12,0.717570463519,0.0,,,,
identity_case_06,A,13,0.7458134171671,0.0,,,,
identity_case_06,A,14,0.7712320754503901,0.0,,,,
identity_case_06,A,15,0.7941088679053511,0.0,,,,
identity_case_06,A,16,0.814697981114816,0.0,,,,
identity_case_06,A,17,0.8332281830033343,0.0,,,,
identity_case_06,A,18,0.8499053647030009,0.0,,,,
identity_case_06,A,19,0.8649148282327008,0.0,,,,
identity_case_06,A,20,0.8784233454094308,0.0,,,,
identity_case_06,A,21,0.8905810108684877,0.0,,,,
identity_case_06,A,22,0.901522909781639,0.0,,,,
identity_case_06,A,23,0.911370618803475,0.0,,,,
identity_case_06,A,24,0.9202335569231275,0.0,,,,
identity_case_06,A,25,0.9282102012308148,0.0,,,,
identity_case_06,A,26,0.9353891811077333,0.0,,,,
identity_case_06,A,27,0.94185026299696,0.0,,,,
identity_case_06,A,28,0.947665236697264,0.0,,,,
identity_case_06,A,29,0.9528987130275376,0.0,,,,
identity_case_06,A,30,0.9576088417247839,0.0,,,,
identity_case_06,A,31,0.9618479575523055,0.0,,,,
identity_case_06,A,32,0.9656631617970749,0.0,,,,
identity_case_06,A,33,0.9690968456173674,0.0,,,,
identity_case_06,A,34,0.9721871610556306,0.0,,,,
identity_case_06,A,35,0.9749684449500675,0.0,,,,
identity_case_06,A,36,0.9774716004550608,0.0,,,,
identity_case_06,A,37,0.9797244404095546,0.0,,,,
identity_case_06,A,38,0.9817519963685992,0.0,,,,
identity_case_06,A,39,0.9835767967317393,0.0,,,,
identity_case_06,A,40,0.9852191170585654,0.0,,,,
identity_case_06,A,41,0.9866972053527088,0.0,,,,
identity_case_06,A,42,0.9880274848174379,0.0,,,,
identity_case_06,A,43,0.9892247363356941,0.0,,,,
identity_case_06,A,44,0.9903022627021246,0.0,,,,
identity_case_06,A,45,0.9912720364319122,0.0,,,,
identity_case_06,A,46,0.992144832788721,0.0,,,,
identity_case_06,A,47,0.9929303495098489,0.0,,,,
identity_case_06,A,48,0.9936373145588641,0.0,,,,
identity_case_06,A,49,0.9942735831029776,0.0,,,,
identity_case_06,A,50,0.9948462247926799,0.0,,,,
identity_case_06,A,51,0.995361602313412,0.0,,,,
identity_case_06,A,52,0.9958254420820708,0.0,,,,
identity_case_06,A,53,0.9962428978738638,0.0,,,,
identity_case_06,A,54,0.9966186080864774,0.0,,,,
identity_case_06,A,55,0.9969567472778297,0.0,,,,
identity_case_06,A,56,0.9972610725500467,0.0,,,,
identity_case_06,A,57,0.997534965295042,0.0,,,,
identity_case_06,A,58,0.9977814687655379,0.0,,,,
identity_case_06,A,59,0.9980033218889841,0.0,,,,
identity_case_06,A,60,0.9982029897000857,0.0,,,,
identity_case_06,A,61,0.9983826907300771,0.0,,,,
identity_case_06,A,62,0.9985444216570694,0.0,,,,
identity_case_06,A,63,0.9986899794913624,0.0,,,,
identity_case_06,A,64,0.9988209815422262,0.0,,,,
identity_case_06,B,1,0.9988209815422262,-0.1,0.9988209815422262,0.9988209815422262,0.0,0.0
identity_case_06,B,2,0.9988209815422262,-0.19,0.9988209815422262,0.9988209815422262,0.0,0.0
identity_case_06,B,3,0.9988209815422262,-0.271,0.9988209815422262,0.9988209815422262,0.0,0.0
identity_case_06,B,4,0.9988209815422262,-0.34390000000000004,0.9988209815422262,0.9988209815422262,0.0,0.0
identity_case_06,B,5,0.9988209815422262,-0.40951000000000004,0.9988209815422262,0.9988209815422262,0.0,0.0
identity_case_06,B,6,0.9988209815422262,-0.46855900000000006,0.9988209815422262,0.9988209815422262,0.0,0.0
identity_case_06,B,7,0.9988209815422262,-0.5217031000000001,0.9988209815422262,0.9988209815422262,0.0,0.0
identity_case_06,B,8,0.9988209815422262,-0.5695327900000001,0.9988209815422262,0.9988209815422262,0.0,0.0
identity_case_06,B,9,0.9988209815422262,-0.6125795110000001,0.9988209815422262,0.9988209815422262,0.0,0.0
identity_case_06,B,10,0.9988209815422262,-0.6513215599000001,0.9988209815422262,0.9988209815422262,0.0,0.0
identity_case_06,B,11,0.9988209815422262,-0.68618940391,0.9988209815422262,0.9988209815422262,0.0,0.0
identity_case_06,B,12,0.9988209815422262,-0.717570463519,0.9988209815422262,0.9988209815422262,0.0,0.0
identity_case_06,B,13,0.9988209815422262,-0.7458134171671,0.9988209815422262,0.9988209815422262,0.0,0.0
identity_case_06,B,14,0.9988209815422262,-0.7712320754503901,0.9988209815422262,0.9988209815422262,0.0,0.0
identity_case_06,B,15,0.9988209815422262,-0.7941088679053511,0.9988209815422262,0.9988209815422262,0.0,0.0
identity_case_06,B,16,0.9988209815422262,-0.814697981114816,0.9988209815422262,0.9988209815422262,0.0,0.0
identity_case_06,B,17,0.9988209815422262,-0.8332281830033343,0.9988209815422262,0.9988209815422262,0.0,0.0
identity_case_06,B,18,0.9988209815422262,-0.8499053647030009,0.9988209815422262,0.9988209815422262,0.0,0.0
identity_case_06,B,19,0.9988209815422262,-0.8649148282327008,0.9988209815422262,0.9988209815422262,0.0,0.0
identity_case_06,B,20,0.9988209815422262,-0.8784233454094308,0.9988209815422262,0.9988209815422262,0.0,0.0
identity_case_06,B,21,0.9988209815422262,-0.8905810108684877,0.9988209815422262,0.9988209815422262,0.0,0.0
identity_case_06,B,22,0.9988209815422262,-0.901522909781639,0.9988209815422262,0.9988209815422262,0.0,0.0
identity_case_06,B,23,0.9988209815422262,-0.911370618803475,0.9988209815422262,0.9988209815422262,0.0,0.0
identity_case_06,B,24,0.9988209815422262,-0.9202335569231275,0.9988209815422262,0.9988209815422262,0.0,0.0
identity_case_06,B,25,0.9988209815422262,-0.9282102012308148,0.9988209815422262,0.9988209815422262,0.0,0.0
identity_case_06,B,26,0.9988209815422262,-0.9353891811077333,0.9988209815422262,0.9988209815422262,0.0,0.0
identity_case_06,B,27,0.9988209815422262,-0.94185026299696,0.9988209815422262,0.9988209815422262,0.0,0.0
identity_case_06,B,28,0.9988209815422262,-0.947665236697264,0.9988209815422262,0.9988209815422262,0.0,0.0
identity_case_06,B,29,0.9988209815422262,-0.9528987130275376,0.9988209815422262,0.9988209815422262,0.0,0.0
identity_case_06,B,30,0.9988209815422262,-0.9576088417247839,0.9988209815422262,0.9988209815422262,0.0,0.0
identity_case_06,B,31,0.9988209815422262,-0.9618479575523055,0.9988209815422262,0.9988209815422262,0.0,0.0
identity_case_06,B,32,0.9988209815422262,-0.9656631617970749,0.9988209815422262,0.9988209815422262,0.0,0.0
identity_case_06,B,33,0.9988209815422262,-0.9690968456173674,0.9988209815422262,0.9988209815422262,0.0,0.0
identity_case_06,B,34,0.9988209815422262,-0.9721871610556306,0.9988209815422262,0.9988209815422262,0.0,0.0
identity_case_06,B,35,0.9988209815422262,-0.9749684449500675,0.9988209815422262,0.9988209815422262,0.0,0.0
identity_case_06,B,36,0.9988209815422262,-0.9774716004550608,0.9988209815422262,0.9988209815422262,0.0,0.0
identity_case_06,B,37,0.9988209815422262,-0.9797244404095546,0.9988209815422262,0.9988209815422262,0.0,0.0
identity_case_06,B,38,0.9988209815422262,-0.9817519963685992,0.9988209815422262,0.9988209815422262,0.0,0.0
identity_case_06,B,39,0.9988209815422262,-0.9835767967317393,0.9988209815422262,0.9988209815422262,0.0,0.0
identity_case_06,B,40,0.9988209815422262,-0.9852191170585654,0.9988209815422262,0.9988209815422262,0.0,0.0
identity_case_06,B,41,0.9988209815422262,-0.9866972053527088,0.9988209815422262,0.9988209815422262,0.0,0.0
identity_case_06,B,42,0.9988209815422262,-0.9880274848174379,0.9988209815422262,0.9988209815422262,0.0,0.0
identity_case_06,B,43,0.9988209815422262,-0.9892247363356941,0.9988209815422262,0.9988209815422262,0.0,0.0
identity_case_06,B,44,0.9988209815422262,-0.9903022627021246,0.9988209815422262,0.9988209815422262,0.0,0.0
identity_case_06,B,45,0.9988209815422262,-0.9912720364319122,0.9988209815422262,0.9988209815422262,0.0,0.0
identity_case_06,B,46,0.9988209815422262,-0.992144832788721,0.9988209815422262,0.9988209815422262,0.0,0.0
identity_case_06,B,47,0.9988209815422262,-0.9929303495098489,0.9988209815422262,0.9988209815422262,0.0,0.0
identity_case_06,B,48,0.9988209815422262,-0.9936373145588641,0.9988209815422262,0.9988209815422262,0.0,0.0
identity_case_06,B,49,0.9988209815422262,-0.9942735831029776,0.9988209815422262,0.9988209815422262,0.0,0.0
identity_case_06,B,50,0.9988209815422262,-0.9948462247926799,0.9988209815422262,0.9988209815422262,0.0,0.0
identity_case_06,B,51,0.9988209815422262,-0.995361602313412,0.9988209815422262,0.9988209815422262,0.0,0.0
identity_case_06,B,52,0.9988209815422262,-0.9958254420820708,0.9988209815422262,0.9988209815422262,0.0,0.0
identity_case_06,B,53,0.9988209815422262,-0.9962428978738638,0.9988209815422262,0.9988209815422262,0.0,0.0
identity_case_06,B,54,0.9988209815422262,-0.9966186080864774,0.9988209815422262,0.9988209815422262,0.0,0.0
identity_case_06,B,55,0.9988209815422262,-0.9969567472778297,0.9988209815422262,0.9988209815422262,0.0,0.0
identity_case_06,B,56,0.9988209815422262,-0.9972610725500467,0.9988209815422262,0.9988209815422262,0.0,0.0
identity_case_06,B,57,0.9988209815422262,-0.997534965295042,0.9988209815422262,0.9988209815422262,0.0,0.0
identity_case_06,B,58,0.9988209815422262,-0.9977814687655379,0.9988209815422262,0.9988209815422262,0.0,0.0
identity_case_06,B,59,0.9988209815422262,-0.9980033218889841,0.9988209815422262,0.9988209815422262,0.0,0.0
identity_case_06,B,60,0.9988209815422262,-0.9982029897000857,0.9988209815422262,0.9988209815422262,0.0,0.0
identity_case_06,B,61,0.9988209815422262,-0.9983826907300771,0.9988209815422262,0.9988209815422262,0.0,0.0
identity_case_06,B,62,0.9988209815422262,-0.9985444216570694,0.9988209815422262,0.9988209815422262,0.0,0.0
identity_case_06,B,63,0.9988209815422262,-0.9986899794913624,0.9988209815422262,0.9988209815422262,0.0,0.0
identity_case_06,B,64,0.9988209815422262,-0.9988209815422262,0.9988209815422262,0.9988209815422262,0.0,0.0
identity_case_07,A,1,0.1,0.0,,,,
identity_case_07,A,2,0.19,0.0,,,,
identity_case_07,A,3,0.271,0.0,,,,
identity_case_07,A,4,0.34390000000000004,0.0,,,,
identity_case_07,A,5,0.40951000000000004,0.0,,,,
identity_case_07,A,6,0.46855900000000006,0.0,,,,
identity_case_07,A,7,0.5217031000000001,0.0,,,,
identity_case_07,A,8,0.5695327900000001,0.0,,,,
identity_case_07,A,9,0.6125795110000001,0.0,,,,
identity_case_07,A,10,0.6513215599000001,0.0,,,,
identity_case_07,A,11,0.68618940391,0.0,,,,
identity_case_07,A,12,0.717570463519,0.0,,,,
identity_case_07,A,13,0.7458134171671,0.0,,,,
identity_case_07,A,14,0.7712320754503901,0.0,,,,
identity_case_07,A,15,0.7941088679053511,0.0,,,,
identity_case_07,A,16,0.814697981114816,0.0,,,,
identity_case_07,A,17,0.8332281830033343,0.0,,,,
identity_case_07,A,18,0.8499053647030009,0.0,,,,
identity_case_07,A,19,0.8649148282327008,0.0,,,,
identity_case_07,A,20,0.8784233454094308,0.0,,,,
identity_case_07,A,21,0.8905810108684877,0.0,,,,
identity_case_07,A,22,0.901522909781639,0.0,,,,
identity_case_07,A,23,0.911370618803475,0.0,,,,
identity_case_07,A,24,0.9202335569231275,0.0,,,,
identity_case_07,A,25,0.9282102012308148,0.0,,,,
identity_case_07,A,26,0.9353891811077333,0.0,,,,
identity_case_07,A,27,0.94185026299696,0.0,,,,
identity_case_07,A,28,0.947665236697264,0.0,,,,
identity_case_07,A,29,0.9528987130275376,0.0,,,,
identity_case_07,A,30,0.9576088417247839,0.0,,,,
identity_case_07,A,31,0.9618479575523055,0.0,,,,
identity_case_07,A,32,0.9656631617970749,0.0,,,,
identity_case_07,A,33,0.9690968456173674,0.0,,,,
identity_case_07,A,34,0.9721871610556306,0.0,,,,
identity_case_07,A,35,0.9749684449500675,0.0,,,,
identity_case_07,A,36,0.9774716004550608,0.0,,,,
identity_case_07,A,37,0.9797244404095546,0.0,,,,
identity_case_07,A,38,0.9817519963685992,0.0,,,,
identity_case_07,A,39,0.9835767967317393,0.0,,,,
identity_case_07,A,40,0.9852191170585654,0.0,,,,
identity_case_07,A,41,0.9866972053527088,0.0,,,,
identity_case_07,A,42,0.9880274848174379,0.0,,,,
identity_case_07,A,43,0.9892247363356941,0.0,,,,
identity_case_07,A,44,0.9903022627021246,0.0,,,,
identity_case_07,A,45,0.9912720364319122,0.0,,,,
identity_case_07,A,46,0.992144832788721,0.0,,,,
identity_case_07,A,47,0.9929303495098489,0.0,,,,
identity_case_07,A,48,0.9936373145588641,0.0,,,,
identity_case_07,A,49,0.9942735831029776,0.0,,,,
identity_case_07,A,50,0.9948462247926799,0.0,,,,
identity_case_07,A,51,0.995361602313412,0.0,,,,
identity_case_07,A,52,0.9958254420820708,0.0,,,,
identity_case_07,A,53,0.9962428978738638,0.0,,,,
identity_case_07,A,54,0.9966186080864774,0.0,,,,
identity_case_07,A,55,0.9969567472778297,0.0,,,,
identity_case_07,A,56,0.9972610725500467,0.0,,,,
identity_case_07,A,57,0.997534965295042,0.0,,,,
identity_case_07,A,58,0.9977814687655379,0.0,,,,
identity_case_07,A,59,0.9980033218889841,0.0,,,,
identity_case_07,A,60,0.9982029897000857,0.0,,,,
identity_case_07,A,61,0.9983826907300771,0.0,,,,
identity_case_07,A,62,0.9985444216570694,0.0,,,,
identity_case_07,A,63,0.9986899794913624,0.0,,,,
identity_case_07,A,64,0.9988209815422262,0.0,,,,
identity_case_07,B,1,0.9988209815422262,0.1,0.9988209815422262,0.9988209815422262,0.0,0.0
identity_case_07,B,2,0.9988209815422262,0.19,0.9988209815422262,0.9988209815422262,0.0,0.0
identity_case_07,B,3,0.9988209815422262,0.271,0.9988209815422262,0.9988209815422262,0.0,0.0
identity_case_07,B,4,0.9988209815422262,0.34390000000000004,0.9988209815422262,0.9988209815422262,0.0,0.0
identity_case_07,B,5,0.9988209815422262,0.40951000000000004,0.9988209815422262,0.9988209815422262,0.0,0.0
identity_case_07,B,6,0.9988209815422262,0.46855900000000006,0.9988209815422262,0.9988209815422262,0.0,0.0
identity_case_07,B,7,0.9988209815422262,0.5217031000000001,0.9988209815422262,0.9988209815422262,0.0,0.0
identity_case_07,B,8,0.9988209815422262,0.5695327900000001,0.9988209815422262,0.9988209815422262,0.0,0.0
identity_case_07,B,9,0.9988209815422262,0.6125795110000001,0.9988209815422262,0.9988209815422262,0.0,0.0
identity_case_07,B,10,0.9988209815422262,0.6513215599000001,0.9988209815422262,0.9988209815422262,0.0,0.0
identity_case_07,B,11,0.9988209815422262,0.68618940391,0.9988209815422262,0.9988209815422262,0.0,0.0
identity_case_07,B,12,0.9988209815422262,0.717570463519,0.9988209815422262,0.9988209815422262,0.0,0.0
identity_case_07,B,13,0.9988209815422262,0.7458134171671,0.9988209815422262,0.9988209815422262,0.0,0.0
identity_case_07,B,14,0.9988209815422262,0.7712320754503901,0.9988209815422262,0.9988209815422262,0.0,0.0
identity_case_07,B,15,0.9988209815422262,0.7941088679053511,0.9988209815422262,0.9988209815422262,0.0,0.0
identity_case_07,B,16,0.9988209815422262,0.814697981114816,0.9988209815422262,0.9988209815422262,0.0,0.0
identity_case_07,B,17,0.9988209815422262,0.8332281830033343,0.9988209815422262,0.9988209815422262,0.0,0.0
identity_case_07,B,18,0.9988209815422262,0.8499053647030009,0.9988209815422262,0.9988209815422262,0.0,0.0
identity_case_07,B,19,0.9988209815422262,0.8649148282327008,0.9988209815422262,0.9988209815422262,0.0,0.0
identity_case_07,B,20,0.9988209815422262,0.8784233454094308,0.9988209815422262,0.9988209815422262,0.0,0.0
identity_case_07,B,21,0.9988209815422262,0.8905810108684877,0.9988209815422262,0.9988209815422262,0.0,0.0
identity_case_07,B,22,0.9988209815422262,0.901522909781639,0.9988209815422262,0.9988209815422262,0.0,0.0
identity_case_07,B,23,0.9988209815422262,0.911370618803475,0.9988209815422262,0.9988209815422262,0.0,0.0
identity_case_07,B,24,0.9988209815422262,0.9202335569231275,0.9988209815422262,0.9988209815422262,0.0,0.0
identity_case_07,B,25,0.9988209815422262,0.9282102012308148,0.9988209815422262,0.9988209815422262,0.0,0.0
identity_case_07,B,26,0.9988209815422262,0.9353891811077333,0.9988209815422262,0.9988209815422262,0.0,0.0
identity_case_07,B,27,0.9988209815422262,0.94185026299696,0.9988209815422262,0.9988209815422262,0.0,0.0
identity_case_07,B,28,0.9988209815422262,0.947665236697264,0.9988209815422262,0.9988209815422262,0.0,0.0
identity_case_07,B,29,0.9988209815422262,0.9528987130275376,0.9988209815422262,0.9988209815422262,0.0,0.0
identity_case_07,B,30,0.9988209815422262,0.9576088417247839,0.9988209815422262,0.9988209815422262,0.0,0.0
identity_case_07,B,31,0.9988209815422262,0.9618479575523055,0.9988209815422262,0.9988209815422262,0.0,0.0
identity_case_07,B,32,0.9988209815422262,0.9656631617970749,0.9988209815422262,0.9988209815422262,0.0,0.0
identity_case_07,B,33,0.9988209815422262,0.9690968456173674,0.9988209815422262,0.9988209815422262,0.0,0.0
identity_case_07,B,34,0.9988209815422262,0.9721871610556306,0.9988209815422262,0.9988209815422262,0.0,0.0
identity_case_07,B,35,0.9988209815422262,0.9749684449500675,0.9988209815422262,0.9988209815422262,0.0,0.0
identity_case_07,B,36,0.9988209815422262,0.9774716004550608,0.9988209815422262,0.9988209815422262,0.0,0.0
identity_case_07,B,37,0.9988209815422262,0.9797244404095546,0.9988209815422262,0.9988209815422262,0.0,0.0
identity_case_07,B,38,0.9988209815422262,0.9817519963685992,0.9988209815422262,0.9988209815422262,0.0,0.0
identity_case_07,B,39,0.9988209815422262,0.9835767967317393,0.9988209815422262,0.9988209815422262,0.0,0.0
identity_case_07,B,40,0.9988209815422262,0.9852191170585654,0.9988209815422262,0.9988209815422262,0.0,0.0
identity_case_07,B,41,0.9988209815422262,0.9866972053527088,0.9988209815422262,0.9988209815422262,0.0,0.0
identity_case_07,B,42,0.9988209815422262,0.9880274848174379,0.9988209815422262,0.9988209815422262,0.0,0.0
identity_case_07,B,43,0.9988209815422262,0.9892247363356941,0.9988209815422262,0.9988209815422262,0.0,0.0
identity_case_07,B,44,0.9988209815422262,0.9903022627021246,0.9988209815422262,0.9988209815422262,0.0,0.0
identity_case_07,B,45,0.9988209815422262,0.9912720364319122,0.9988209815422262,0.9988209815422262,0.0,0.0
identity_case_07,B,46,0.9988209815422262,0.992144832788721,0.9988209815422262,0.9988209815422262,0.0,0.0
identity_case_07,B,47,0.9988209815422262,0.9929303495098489,0.9988209815422262,0.9988209815422262,0.0,0.0
identity_case_07,B,48,0.9988209815422262,0.9936373145588641,0.9988209815422262,0.9988209815422262,0.0,0.0
identity_case_07,B,49,0.9988209815422262,0.9942735831029776,0.9988209815422262,0.9988209815422262,0.0,0.0
identity_case_07,B,50,0.9988209815422262,0.9948462247926799,0.9988209815422262,0.9988209815422262,0.0,0.0
identity_case_07,B,51,0.9988209815422262,0.995361602313412,0.9988209815422262,0.9988209815422262,0.0,0.0
identity_case_07,B,52,0.9988209815422262,0.9958254420820708,0.9988209815422262,0.9988209815422262,0.0,0.0
identity_case_07,B,53,0.9988209815422262,0.9962428978738638,0.9988209815422262,0.9988209815422262,0.0,0.0
identity_case_07,B,54,0.9988209815422262,0.9966186080864774,0.9988209815422262,0.9988209815422262,0.0,0.0
identity_case_07,B,55,0.9988209815422262,0.9969567472778297,0.9988209815422262,0.9988209815422262,0.0,0.0
identity_case_07,B,56,0.9988209815422262,0.9972610725500467,0.9988209815422262,0.9988209815422262,0.0,0.0
identity_case_07,B,57,0.9988209815422262,0.997534965295042,0.9988209815422262,0.9988209815422262,0.0,0.0
identity_case_07,B,58,0.9988209815422262,0.9977814687655379,0.9988209815422262,0.9988209815422262,0.0,0.0
identity_case_07,B,59,0.9988209815422262,0.9980033218889841,0.9988209815422262,0.9988209815422262,0.0,0.0
identity_case_07,B,60,0.9988209815422262,0.9982029897000857,0.9988209815422262,0.9988209815422262,0.0,0.0
identity_case_07,B,61,0.9988209815422262,0.9983826907300771,0.9988209815422262,0.9988209815422262,0.0,0.0
identity_case_07,B,62,0.9988209815422262,0.9985444216570694,0.9988209815422262,0.9988209815422262,0.0,0.0
identity_case_07,B,63,0.9988209815422262,0.9986899794913624,0.9988209815422262,0.9988209815422262,0.0,0.0
identity_case_07,B,64,0.9988209815422262,0.9988209815422262,0.9988209815422262,0.9988209815422262,0.0,0.0
identity_case_08,A,1,-0.1,-0.07071067811865475,,,,
identity_case_08,A,2,-0.19,-0.13435028842544403,,,,
identity_case_08,A,3,-0.271,-0.19162593770155437,,,,
identity_case_08,A,4,-0.34390000000000004,-0.2431740220500537,,,,
identity_case_08,A,5,-0.40951000000000004,-0.28956729796370306,,,,
identity_case_08,A,6,-0.46855900000000006,-0.3313212462859875,,,,
identity_case_08,A,7,-0.5217031000000001,-0.36889979977604354,,,,
identity_case_08,A,8,-0.5695327900000001,-0.40272049791709397,,,,
identity_case_08,A,9,-0.6125795110000001,-0.4331591262440393,,,,
identity_case_08,A,10,-0.6513215599000001,-0.4605538917382901,,,,
identity_case_08,A,11,-0.68618940391,-0.48520918068311586,,,,
identity_case_08,A,12,-0.717570463519,-0.5073989407334589,,,,
identity_case_08,A,13,-0.7458134171671,-0.5273697247787679,,,,
identity_case_08,A,14,-0.7712320754503901,-0.5453434304195458,,,,
identity_case_08,A,15,-0.7941088679053511,-0.561519765496246,,,,
identity_case_08,A,16,-0.814697981114816,-0.5760784670652761,,,,
identity_case_08,A,17,-0.8332281830033343,-0.5891812984774033,,,,
identity_case_08,A,18,-0.8499053647030009,-0.6009738467483177,,,,
identity_case_08,A,19,-0.8649148282327008,-0.6115871401921407,,,,
identity_case_08,A,20,-0.8784233454094308,-0.6211391042915814,,,,
identity_case_08,A,21,-0.8905810108684877,-0.629735871981078,,,,
identity_case_08,A,22,-0.901522909781639,-0.6374729629016249,,,,
identity_case_08,A,23,-0.911370618803475,-0.6444363447301171,,,,
identity_case_08,A,24,-0.9202335569231275,-0.6507033883757601,,,,
identity_case_08,A,25,-0.9282102012308148,-0.6563437276568389,,,,
identity_case_08,A,26,-0.9353891811077333,-0.6614200330098098,,,,
identity_case_08,A,27,-0.94185026299696,-0.6659887078274835,,,,
identity_case_08,A,28,-0.947665236697264,-0.67010051516339,,,,
identity_case_08,A,29,-0.9528987130275376,-0.6738011417657057,,,,
identity_case_08,A,30,-0.9576088417247839,-0.6771317057077899,,,,
identity_case_08,A,31,-0.9618479575523055,-0.6801292132556657,,,,
identity_case_08,A,32,-0.9656631617970749,-0.6828269700487538,,,,
identity_case_08,A,33,-0.9690968456173674,-0.6852549511625332,,,,
identity_case_08,A,34,-0.9721871610556306,-0.6874401341649345,,,,
identity_case_08,A,35,-0.9749684449500675,-0.6894067988670959,,,,
identity_case_08,A,36,-0.9774716004550608,-0.691176797099041,,,,
identity_case_08,A,37,-0.9797244404095546,-0.6927697955077916,,,,
identity_case_08,A,38,-0.9817519963685992,-0.6942034940756673,,,,
identity_case_08,A,39,-0.9835767967317393,-0.6954938227867552,,,,
identity_case_08,A,40,-0.9852191170585654,-0.6966551186267345,,,,
identity_case_08,A,41,-0.9866972053527088,-0.6977002848827157,,,,
identity_case_08,A,42,-0.9880274848174379,-0.6986409345130988,,,,
identity_case_08,A,43,-0.9892247363356941,-0.6994875191804437,,,,
identity_case_08,A,44,-0.9903022627021246,-0.700249445381054,,,,
identity_case_08,A,45,-0.9912720364319122,-0.7009351789616034,,,,
identity_case_08,A,46,-0.992144832788721,-0.7015523391840979,,,,
identity_case_08,A,47,-0.9929303495098489,-0.7021077833843429,,,,
identity_case_08,A,48,-0.9936373145588641,-0.7026076831645633,,,,
identity_case_08,A,49,-0.9942735831029776,-0.7030575929667617,,,,
identity_case_08,A,50,-0.9948462247926799,-0.7034625117887403,,,,
identity_case_08,A,51,-0.995361602313412,-0.7038269387285211,,,,
identity_case_08,A,52,-0.9958254420820708,-0.7041549229743237,,,,
identity_case_08,A,53,-0.9962428978738638,-0.7044501087955461,,,,
identity_case_08,A,54,-0.9966186080864774,-0.7047157760346463,,,,
identity_case_08,A,55,-0.9969567472778297,-0.7049548765498365,,,,
identity_case_08,A,56,-0.9972610725500467,-0.7051700670135075,,,,
identity_case_08,A,57,-0.997534965295042,-0.7053637384308115,,,,
identity_case_08,A,58,-0.9977814687655379,-0.7055380427063851,,,,
identity_case_08,A,59,-0.9980033218889841,-0.7056949165544014,,,,
identity_case_08,A,60,-0.9982029897000857,-0.705836103017616,,,,
identity_case_08,A,61,-0.9983826907300771,-0.7059631708345091,,,,
identity_case_08,A,62,-0.9985444216570694,-0.7060775318697129,,,,
identity_case_08,A,63,-0.9986899794913624,-0.7061804568013964,,,,
identity_case_08,A,64,-0.9988209815422262,-0.7062730892399115,,,,
identity_case_08,B,1,-0.9988209815422262,-0.7062730892399115,-0.9988209815422262,-0.9988209815422262,0.0,0.0
identity_case_08,B,2,-0.9988209815422262,-0.7062730892399115,-0.9988209815422262,-0.9988209815422262,0.0,0.0
identity_case_08,B,3,-0.9988209815422262,-0.7062730892399115,-0.9988209815422262,-0.9988209815422262,0.0,0.0
identity_case_08,B,4,-0.9988209815422262,-0.7062730892399115,-0.9988209815422262,-0.9988209815422262,0.0,0.0
identity_case_08,B,5,-0.9988209815422262,-0.7062730892399115,-0.9988209815422262,-0.9988209815422262,0.0,0.0
identity_case_08,B,6,-0.9988209815422262,-0.7062730892399115,-0.9988209815422262,-0.9988209815422262,0.0,0.0
identity_case_08,B,7,-0.9988209815422262,-0.7062730892399115,-0.9988209815422262,-0.9988209815422262,0.0,0.0
identity_case_08,B,8,-0.9988209815422262,-0.7062730892399115,-0.9988209815422262,-0.9988209815422262,0.0,0.0
identity_case_08,B,9,-0.9988209815422262,-0.7062730892399115,-0.9988209815422262,-0.9988209815422262,0.0,0.0
identity_case_08,B,10,-0.9988209815422262,-0.7062730892399115,-0.9988209815422262,-0.9988209815422262,0.0,0.0
identity_case_08,B,11,-0.9988209815422262,-0.7062730892399115,-0.9988209815422262,-0.9988209815422262,0.0,0.0
identity_case_08,B,12,-0.9988209815422262,-0.7062730892399115,-0.9988209815422262,-0.9988209815422262,0.0,0.0
identity_case_08,B,13,-0.9988209815422262,-0.7062730892399115,-0.9988209815422262,-0.9988209815422262,0.0,0.0
identity_case_08,B,14,-0.9988209815422262,-0.7062730892399115,-0.9988209815422262,-0.9988209815422262,0.0,0.0
identity_case_08,B,15,-0.9988209815422262,-0.7062730892399115,-0.9988209815422262,-0.9988209815422262,0.0,0.0
identity_case_08,B,16,-0.9988209815422262,-0.7062730892399115,-0.9988209815422262,-0.9988209815422262,0.0,0.0
identity_case_08,B,17,-0.9988209815422262,-0.7062730892399115,-0.9988209815422262,-0.9988209815422262,0.0,0.0
identity_case_08,B,18,-0.9988209815422262,-0.7062730892399115,-0.9988209815422262,-0.9988209815422262,0.0,0.0
identity_case_08,B,19,-0.9988209815422262,-0.7062730892399115,-0.9988209815422262,-0.9988209815422262,0.0,0.0
identity_case_08,B,20,-0.9988209815422262,-0.7062730892399115,-0.9988209815422262,-0.9988209815422262,0.0,0.0
identity_case_08,B,21,-0.9988209815422262,-0.7062730892399115,-0.9988209815422262,-0.9988209815422262,0.0,0.0
identity_case_08,B,22,-0.9988209815422262,-0.7062730892399115,-0.9988209815422262,-0.9988209815422262,0.0,0.0
identity_case_08,B,23,-0.9988209815422262,-0.7062730892399115,-0.9988209815422262,-0.9988209815422262,0.0,0.0
identity_case_08,B,24,-0.9988209815422262,-0.7062730892399115,-0.9988209815422262,-0.9988209815422262,0.0,0.0
identity_case_08,B,25,-0.9988209815422262,-0.7062730892399115,-0.9988209815422262,-0.9988209815422262,0.0,0.0
identity_case_08,B,26,-0.9988209815422262,-0.7062730892399115,-0.9988209815422262,-0.9988209815422262,0.0,0.0
identity_case_08,B,27,-0.9988209815422262,-0.7062730892399115,-0.9988209815422262,-0.9988209815422262,0.0,0.0
identity_case_08,B,28,-0.9988209815422262,-0.7062730892399115,-0.9988209815422262,-0.9988209815422262,0.0,0.0
identity_case_08,B,29,-0.9988209815422262,-0.7062730892399115,-0.9988209815422262,-0.9988209815422262,0.0,0.0
identity_case_08,B,30,-0.9988209815422262,-0.7062730892399115,-0.9988209815422262,-0.9988209815422262,0.0,0.0
identity_case_08,B,31,-0.9988209815422262,-0.7062730892399115,-0.9988209815422262,-0.9988209815422262,0.0,0.0
identity_case_08,B,32,-0.9988209815422262,-0.7062730892399115,-0.9988209815422262,-0.9988209815422262,0.0,0.0
identity_case_08,B,33,-0.9988209815422262,-0.7062730892399115,-0.9988209815422262,-0.9988209815422262,0.0,0.0
identity_case_08,B,34,-0.9988209815422262,-0.7062730892399115,-0.9988209815422262,-0.9988209815422262,0.0,0.0
identity_case_08,B,35,-0.9988209815422262,-0.7062730892399115,-0.9988209815422262,-0.9988209815422262,0.0,0.0
identity_case_08,B,36,-0.9988209815422262,-0.7062730892399115,-0.9988209815422262,-0.9988209815422262,0.0,0.0
identity_case_08,B,37,-0.9988209815422262,-0.7062730892399115,-0.9988209815422262,-0.9988209815422262,0.0,0.0
identity_case_08,B,38,-0.9988209815422262,-0.7062730892399115,-0.9988209815422262,-0.9988209815422262,0.0,0.0
identity_case_08,B,39,-0.9988209815422262,-0.7062730892399115,-0.9988209815422262,-0.9988209815422262,0.0,0.0
identity_case_08,B,40,-0.9988209815422262,-0.7062730892399115,-0.9988209815422262,-0.9988209815422262,0.0,0.0
identity_case_08,B,41,-0.9988209815422262,-0.7062730892399115,-0.9988209815422262,-0.9988209815422262,0.0,0.0
identity_case_08,B,42,-0.9988209815422262,-0.7062730892399115,-0.9988209815422262,-0.9988209815422262,0.0,0.0
identity_case_08,B,43,-0.9988209815422262,-0.7062730892399115,-0.9988209815422262,-0.9988209815422262,0.0,0.0
identity_case_08,B,44,-0.9988209815422262,-0.7062730892399115,-0.9988209815422262,-0.9988209815422262,0.0,0.0
identity_case_08,B,45,-0.9988209815422262,-0.7062730892399115,-0.9988209815422262,-0.9988209815422262,0.0,0.0
identity_case_08,B,46,-0.9988209815422262,-0.7062730892399115,-0.9988209815422262,-0.9988209815422262,0.0,0.0
identity_case_08,B,47,-0.9988209815422262,-0.7062730892399115,-0.9988209815422262,-0.9988209815422262,0.0,0.0
identity_case_08,B,48,-0.9988209815422262,-0.7062730892399115,-0.9988209815422262,-0.9988209815422262,0.0,0.0
identity_case_08,B,49,-0.9988209815422262,-0.7062730892399115,-0.9988209815422262,-0.9988209815422262,0.0,0.0
identity_case_08,B,50,-0.9988209815422262,-0.7062730892399115,-0.9988209815422262,-0.9988209815422262,0.0,0.0
identity_case_08,B,51,-0.9988209815422262,-0.7062730892399115,-0.9988209815422262,-0.9988209815422262,0.0,0.0
identity_case_08,B,52,-0.9988209815422262,-0.7062730892399115,-0.9988209815422262,-0.9988209815422262,0.0,0.0
identity_case_08,B,53,-0.9988209815422262,-0.7062730892399115,-0.9988209815422262,-0.9988209815422262,0.0,0.0
identity_case_08,B,54,-0.9988209815422262,-0.7062730892399115,-0.9988209815422262,-0.9988209815422262,0.0,0.0
identity_case_08,B,55,-0.9988209815422262,-0.7062730892399115,-0.9988209815422262,-0.9988209815422262,0.0,0.0
identity_case_08,B,56,-0.9988209815422262,-0.7062730892399115,-0.9988209815422262,-0.9988209815422262,0.0,0.0
identity_case_08,B,57,-0.9988209815422262,-0.7062730892399115,-0.9988209815422262,-0.9988209815422262,0.0,0.0
identity_case_08,B,58,-0.9988209815422262,-0.7062730892399115,-0.9988209815422262,-0.9988209815422262,0.0,0.0
identity_case_08,B,59,-0.9988209815422262,-0.7062730892399115,-0.9988209815422262,-0.9988209815422262,0.0,0.0
identity_case_08,B,60,-0.9988209815422262,-0.7062730892399115,-0.9988209815422262,-0.9988209815422262,0.0,0.0
identity_case_08,B,61,-0.9988209815422262,-0.7062730892399115,-0.9988209815422262,-0.9988209815422262,0.0,0.0
identity_case_08,B,62,-0.9988209815422262,-0.7062730892399115,-0.9988209815422262,-0.9988209815422262,0.0,0.0
identity_case_08,B,63,-0.9988209815422262,-0.7062730892399115,-0.9988209815422262,-0.9988209815422262,0.0,0.0
identity_case_08,B,64,-0.9988209815422262,-0.7062730892399115,-0.9988209815422262,-0.9988209815422262,0.0,0.0
identity_case_09,A,1,-0.1,-0.07071067811865475,,,,
identity_case_09,A,2,-0.19,-0.13435028842544403,,,,
identity_case_09,A,3,-0.271,-0.19162593770155437,,,,
identity_case_09,A,4,-0.34390000000000004,-0.2431740220500537,,,,
identity_case_09,A,5,-0.40951000000000004,-0.28956729796370306,,,,
identity_case_09,A,6,-0.46855900000000006,-0.3313212462859875,,,,
identity_case_09,A,7,-0.5217031000000001,-0.36889979977604354,,,,
identity_case_09,A,8,-0.5695327900000001,-0.40272049791709397,,,,
identity_case_09,A,9,-0.6125795110000001,-0.4331591262440393,,,,
identity_case_09,A,10,-0.6513215599000001,-0.4605538917382901,,,,
identity_case_09,A,11,-0.68618940391,-0.48520918068311586,,,,
identity_case_09,A,12,-0.717570463519,-0.5073989407334589,,,,
identity_case_09,A,13,-0.7458134171671,-0.5273697247787679,,,,
identity_case_09,A,14,-0.7712320754503901,-0.5453434304195458,,,,
identity_case_09,A,15,-0.7941088679053511,-0.561519765496246,,,,
identity_case_09,A,16,-0.814697981114816,-0.5760784670652761,,,,
identity_case_09,A,17,-0.8332281830033343,-0.5891812984774033,,,,
identity_case_09,A,18,-0.8499053647030009,-0.6009738467483177,,,,
identity_case_09,A,19,-0.8649148282327008,-0.6115871401921407,,,,
identity_case_09,A,20,-0.8784233454094308,-0.6211391042915814,,,,
identity_case_09,A,21,-0.8905810108684877,-0.629735871981078,,,,
identity_case_09,A,22,-0.901522909781639,-0.6374729629016249,,,,
identity_case_09,A,23,-0.911370618803475,-0.6444363447301171,,,,
identity_case_09,A,24,-0.9202335569231275,-0.6507033883757601,,,,
identity_case_09,A,25,-0.9282102012308148,-0.6563437276568389,,,,
identity_case_09,A,26,-0.9353891811077333,-0.6614200330098098,,,,
identity_case_09,A,27,-0.94185026299696,-0.6659887078274835,,,,
identity_case_09,A,28,-0.947665236697264,-0.67010051516339,,,,
identity_case_09,A,29,-0.9528987130275376,-0.6738011417657057,,,,
identity_case_09,A,30,-0.9576088417247839,-0.6771317057077899,,,,
identity_case_09,A,31,-0.9618479575523055,-0.6801292132556657,,,,
identity_case_09,A,32,-0.9656631617970749,-0.6828269700487538,,,,
identity_case_09,A,33,-0.9690968456173674,-0.6852549511625332,,,,
identity_case_09,A,34,-0.9721871610556306,-0.6874401341649345,,,,
identity_case_09,A,35,-0.9749684449500675,-0.6894067988670959,,,,
identity_case_09,A,36,-0.9774716004550608,-0.691176797099041,,,,
identity_case_09,A,37,-0.9797244404095546,-0.6927697955077916,,,,
identity_case_09,A,38,-0.9817519963685992,-0.6942034940756673,,,,
identity_case_09,A,39,-0.9835767967317393,-0.6954938227867552,,,,
identity_case_09,A,40,-0.9852191170585654,-0.6966551186267345,,,,
identity_case_09,A,41,-0.9866972053527088,-0.6977002848827157,,,,
identity_case_09,A,42,-0.9880274848174379,-0.6986409345130988,,,,
identity_case_09,A,43,-0.9892247363356941,-0.6994875191804437,,,,
identity_case_09,A,44,-0.9903022627021246,-0.700249445381054,,,,
identity_case_09,A,45,-0.9912720364319122,-0.7009351789616034,,,,
identity_case_09,A,46,-0.992144832788721,-0.7015523391840979,,,,
identity_case_09,A,47,-0.9929303495098489,-0.7021077833843429,,,,
identity_case_09,A,48,-0.9936373145588641,-0.7026076831645633,,,,
identity_case_09,A,49,-0.9942735831029776,-0.7030575929667617,,,,
identity_case_09,A,50,-0.9948462247926799,-0.7034625117887403,,,,
identity_case_09,A,51,-0.995361602313412,-0.7038269387285211,,,,
identity_case_09,A,52,-0.9958254420820708,-0.7041549229743237,,,,
identity_case_09,A,53,-0.9962428978738638,-0.7044501087955461,,,,
identity_case_09,A,54,-0.9966186080864774,-0.7047157760346463,,,,
identity_case_09,A,55,-0.9969567472778297,-0.7049548765498365,,,,
identity_case_09,A,56,-0.9972610725500467,-0.7051700670135075,,,,
identity_case_09,A,57,-0.997534965295042,-0.7053637384308115,,,,
identity_case_09,A,58,-0.9977814687655379,-0.7055380427063851,,,,
identity_case_09,A,59,-0.9980033218889841,-0.7056949165544014,,,,
identity_case_09,A,60,-0.9982029897000857,-0.705836103017616,,,,
identity_case_09,A,61,-0.9983826907300771,-0.7059631708345091,,,,
identity_case_09,A,62,-0.9985444216570694,-0.7060775318697129,,,,
identity_case_09,A,63,-0.9986899794913624,-0.7061804568013964,,,,
identity_case_09,A,64,-0.9988209815422262,-0.7062730892399115,,,,
identity_case_09,B,1,-0.9988209815422262,-0.7062730892399115,-0.9988209815422262,-0.9988209815422262,0.0,0.0
identity_case_09,B,2,-0.9988209815422262,-0.7062730892399115,-0.9988209815422262,-0.9988209815422262,0.0,0.0
identity_case_09,B,3,-0.9988209815422262,-0.7062730892399115,-0.9988209815422262,-0.9988209815422262,0.0,0.0
identity_case_09,B,4,-0.9988209815422262,-0.7062730892399115,-0.9988209815422262,-0.9988209815422262,0.0,0.0
identity_case_09,B,5,-0.9988209815422262,-0.7062730892399115,-0.9988209815422262,-0.9988209815422262,0.0,0.0
identity_case_09,B,6,-0.9988209815422262,-0.7062730892399115,-0.9988209815422262,-0.9988209815422262,0.0,0.0
identity_case_09,B,7,-0.9988209815422262,-0.7062730892399115,-0.9988209815422262,-0.9988209815422262,0.0,0.0
identity_case_09,B,8,-0.9988209815422262,-0.7062730892399115,-0.9988209815422262,-0.9988209815422262,0.0,0.0
identity_case_09,B,9,-0.9988209815422262,-0.7062730892399115,-0.9988209815422262,-0.9988209815422262,0.0,0.0
identity_case_09,B,10,-0.9988209815422262,-0.7062730892399115,-0.9988209815422262,-0.9988209815422262,0.0,0.0
identity_case_09,B,11,-0.9988209815422262,-0.7062730892399115,-0.9988209815422262,-0.9988209815422262,0.0,0.0
identity_case_09,B,12,-0.9988209815422262,-0.7062730892399115,-0.9988209815422262,-0.9988209815422262,0.0,0.0
identity_case_09,B,13,-0.9988209815422262,-0.7062730892399115,-0.9988209815422262,-0.9988209815422262,0.0,0.0
identity_case_09,B,14,-0.9988209815422262,-0.7062730892399115,-0.9988209815422262,-0.9988209815422262,0.0,0.0
identity_case_09,B,15,-0.9988209815422262,-0.7062730892399115,-0.9988209815422262,-0.9988209815422262,0.0,0.0
identity_case_09,B,16,-0.9988209815422262,-0.7062730892399115,-0.9988209815422262,-0.9988209815422262,0.0,0.0
identity_case_09,B,17,-0.9988209815422262,-0.7062730892399115,-0.9988209815422262,-0.9988209815422262,0.0,0.0
identity_case_09,B,18,-0.9988209815422262,-0.7062730892399115,-0.9988209815422262,-0.9988209815422262,0.0,0.0
identity_case_09,B,19,-0.9988209815422262,-0.7062730892399115,-0.9988209815422262,-0.9988209815422262,0.0,0.0
identity_case_09,B,20,-0.9988209815422262,-0.7062730892399115,-0.9988209815422262,-0.9988209815422262,0.0,0.0
identity_case_09,B,21,-0.9988209815422262,-0.7062730892399115,-0.9988209815422262,-0.9988209815422262,0.0,0.0
identity_case_09,B,22,-0.9988209815422262,-0.7062730892399115,-0.9988209815422262,-0.9988209815422262,0.0,0.0
identity_case_09,B,23,-0.9988209815422262,-0.7062730892399115,-0.9988209815422262,-0.9988209815422262,0.0,0.0
identity_case_09,B,24,-0.9988209815422262,-0.7062730892399115,-0.9988209815422262,-0.9988209815422262,0.0,0.0
identity_case_09,B,25,-0.9988209815422262,-0.7062730892399115,-0.9988209815422262,-0.9988209815422262,0.0,0.0
identity_case_09,B,26,-0.9988209815422262,-0.7062730892399115,-0.9988209815422262,-0.9988209815422262,0.0,0.0
identity_case_09,B,27,-0.9988209815422262,-0.7062730892399115,-0.9988209815422262,-0.9988209815422262,0.0,0.0
identity_case_09,B,28,-0.9988209815422262,-0.7062730892399115,-0.9988209815422262,-0.9988209815422262,0.0,0.0
identity_case_09,B,29,-0.9988209815422262,-0.7062730892399115,-0.9988209815422262,-0.9988209815422262,0.0,0.0
identity_case_09,B,30,-0.9988209815422262,-0.7062730892399115,-0.9988209815422262,-0.9988209815422262,0.0,0.0
identity_case_09,B,31,-0.9988209815422262,-0.7062730892399115,-0.9988209815422262,-0.9988209815422262,0.0,0.0
identity_case_09,B,32,-0.9988209815422262,-0.7062730892399115,-0.9988209815422262,-0.9988209815422262,0.0,0.0
identity_case_09,B,33,-0.9988209815422262,-0.7062730892399115,-0.9988209815422262,-0.9988209815422262,0.0,0.0
identity_case_09,B,34,-0.9988209815422262,-0.7062730892399115,-0.9988209815422262,-0.9988209815422262,0.0,0.0
identity_case_09,B,35,-0.9988209815422262,-0.7062730892399115,-0.9988209815422262,-0.9988209815422262,0.0,0.0
identity_case_09,B,36,-0.9988209815422262,-0.7062730892399115,-0.9988209815422262,-0.9988209815422262,0.0,0.0
identity_case_09,B,37,-0.9988209815422262,-0.7062730892399115,-0.9988209815422262,-0.9988209815422262,0.0,0.0
identity_case_09,B,38,-0.9988209815422262,-0.7062730892399115,-0.9988209815422262,-0.9988209815422262,0.0,0.0
identity_case_09,B,39,-0.9988209815422262,-0.7062730892399115,-0.9988209815422262,-0.9988209815422262,0.0,0.0
identity_case_09,B,40,-0.9988209815422262,-0.7062730892399115,-0.9988209815422262,-0.9988209815422262,0.0,0.0
identity_case_09,B,41,-0.9988209815422262,-0.7062730892399115,-0.9988209815422262,-0.9988209815422262,0.0,0.0
identity_case_09,B,42,-0.9988209815422262,-0.7062730892399115,-0.9988209815422262,-0.9988209815422262,0.0,0.0
identity_case_09,B,43,-0.9988209815422262,-0.7062730892399115,-0.9988209815422262,-0.9988209815422262,0.0,0.0
identity_case_09,B,44,-0.9988209815422262,-0.7062730892399115,-0.9988209815422262,-0.9988209815422262,0.0,0.0
identity_case_09,B,45,-0.9988209815422262,-0.7062730892399115,-0.9988209815422262,-0.9988209815422262,0.0,0.0
identity_case_09,B,46,-0.9988209815422262,-0.7062730892399115,-0.9988209815422262,-0.9988209815422262,0.0,0.0
identity_case_09,B,47,-0.9988209815422262,-0.7062730892399115,-0.9988209815422262,-0.9988209815422262,0.0,0.0
identity_case_09,B,48,-0.9988209815422262,-0.7062730892399115,-0.9988209815422262,-0.9988209815422262,0.0,0.0
identity_case_09,B,49,-0.9988209815422262,-0.7062730892399115,-0.9988209815422262,-0.9988209815422262,0.0,0.0
identity_case_09,B,50,-0.9988209815422262,-0.7062730892399115,-0.9988209815422262,-0.9988209815422262,0.0,0.0
identity_case_09,B,51,-0.9988209815422262,-0.7062730892399115,-0.9988209815422262,-0.9988209815422262,0.0,0.0
identity_case_09,B,52,-0.9988209815422262,-0.7062730892399115,-0.9988209815422262,-0.9988209815422262,0.0,0.0
identity_case_09,B,53,-0.9988209815422262,-0.7062730892399115,-0.9988209815422262,-0.9988209815422262,0.0,0.0
identity_case_09,B,54,-0.9988209815422262,-0.7062730892399115,-0.9988209815422262,-0.9988209815422262,0.0,0.0
identity_case_09,B,55,-0.9988209815422262,-0.7062730892399115,-0.9988209815422262,-0.9988209815422262,0.0,0.0
identity_case_09,B,56,-0.9988209815422262,-0.7062730892399115,-0.9988209815422262,-0.9988209815422262,0.0,0.0
identity_case_09,B,57,-0.9988209815422262,-0.7062730892399115,-0.9988209815422262,-0.9988209815422262,0.0,0.0
identity_case_09,B,58,-0.9988209815422262,-0.7062730892399115,-0.9988209815422262,-0.9988209815422262,0.0,0.0
identity_case_09,B,59,-0.9988209815422262,-0.7062730892399115,-0.9988209815422262,-0.9988209815422262,0.0,0.0
identity_case_09,B,60,-0.9988209815422262,-0.7062730892399115,-0.9988209815422262,-0.9988209815422262,0.0,0.0
identity_case_09,B,61,-0.9988209815422262,-0.7062730892399115,-0.9988209815422262,-0.9988209815422262,0.0,0.0
identity_case_09,B,62,-0.9988209815422262,-0.7062730892399115,-0.9988209815422262,-0.9988209815422262,0.0,0.0
identity_case_09,B,63,-0.9988209815422262,-0.7062730892399115,-0.9988209815422262,-0.9988209815422262,0.0,0.0
identity_case_09,B,64,-0.9988209815422262,-0.7062730892399115,-0.9988209815422262,-0.9988209815422262,0.0,0.0
identity_case_10,A,1,0.1,0.07071067811865475,,,,
identity_case_10,A,2,0.19,0.13435028842544403,,,,
identity_case_10,A,3,0.271,0.19162593770155437,,,,
identity_case_10,A,4,0.34390000000000004,0.2431740220500537,,,,
identity_case_10,A,5,0.40951000000000004,0.28956729796370306,,,,
identity_case_10,A,6,0.46855900000000006,0.3313212462859875,,,,
identity_case_10,A,7,0.5217031000000001,0.36889979977604354,,,,
identity_case_10,A,8,0.5695327900000001,0.40272049791709397,,,,
identity_case_10,A,9,0.6125795110000001,0.4331591262440393,,,,
identity_case_10,A,10,0.6513215599000001,0.4605538917382901,,,,
identity_case_10,A,11,0.68618940391,0.48520918068311586,,,,
identity_case_10,A,12,0.717570463519,0.5073989407334589,,,,
identity_case_10,A,13,0.7458134171671,0.5273697247787679,,,,
identity_case_10,A,14,0.7712320754503901,0.5453434304195458,,,,
identity_case_10,A,15,0.7941088679053511,0.561519765496246,,,,
identity_case_10,A,16,0.814697981114816,0.5760784670652761,,,,
identity_case_10,A,17,0.8332281830033343,0.5891812984774033,,,,
identity_case_10,A,18,0.8499053647030009,0.6009738467483177,,,,
identity_case_10,A,19,0.8649148282327008,0.6115871401921407,,,,
identity_case_10,A,20,0.8784233454094308,0.6211391042915814,,,,
identity_case_10,A,21,0.8905810108684877,0.629735871981078,,,,
identity_case_10,A,22,0.901522909781639,0.6374729629016249,,,,
identity_case_10,A,23,0.911370618803475,0.6444363447301171,,,,
identity_case_10,A,24,0.9202335569231275,0.6507033883757601,,,,
identity_case_10,A,25,0.9282102012308148,0.6563437276568389,,,,
identity_case_10,A,26,0.9353891811077333,0.6614200330098098,,,,
identity_case_10,A,27,0.94185026299696,0.6659887078274835,,,,
identity_case_10,A,28,0.947665236697264,0.67010051516339,,,,
identity_case_10,A,29,0.9528987130275376,0.6738011417657057,,,,
identity_case_10,A,30,0.9576088417247839,0.6771317057077899,,,,
identity_case_10,A,31,0.9618479575523055,0.6801292132556657,,,,
identity_case_10,A,32,0.9656631617970749,0.6828269700487538,,,,
identity_case_10,A,33,0.9690968456173674,0.6852549511625332,,,,
identity_case_10,A,34,0.9721871610556306,0.6874401341649345,,,,
identity_case_10,A,35,0.9749684449500675,0.6894067988670959,,,,
identity_case_10,A,36,0.9774716004550608,0.691176797099041,,,,
identity_case_10,A,37,0.9797244404095546,0.6927697955077916,,,,
identity_case_10,A,38,0.9817519963685992,0.6942034940756673,,,,
identity_case_10,A,39,0.9835767967317393,0.6954938227867552,,,,
identity_case_10,A,40,0.9852191170585654,0.6966551186267345,,,,
identity_case_10,A,41,0.9866972053527088,0.6977002848827157,,,,
identity_case_10,A,42,0.9880274848174379,0.6986409345130988,,,,
identity_case_10,A,43,0.9892247363356941,0.6994875191804437,,,,
identity_case_10,A,44,0.9903022627021246,0.700249445381054,,,,
identity_case_10,A,45,0.9912720364319122,0.7009351789616034,,,,
identity_case_10,A,46,0.992144832788721,0.7015523391840979,,,,
identity_case_10,A,47,0.9929303495098489,0.7021077833843429,,,,
identity_case_10,A,48,0.9936373145588641,0.7026076831645633,,,,
identity_case_10,A,49,0.9942735831029776,0.7030575929667617,,,,
identity_case_10,A,50,0.9948462247926799,0.7034625117887403,,,,
identity_case_10,A,51,0.995361602313412,0.7038269387285211,,,,
identity_case_10,A,52,0.9958254420820708,0.7041549229743237,,,,
identity_case_10,A,53,0.9962428978738638,0.7044501087955461,,,,
identity_case_10,A,54,0.9966186080864774,0.7047157760346463,,,,
identity_case_10,A,55,0.9969567472778297,0.7049548765498365,,,,
identity_case_10,A,56,0.9972610725500467,0.7051700670135075,,,,
identity_case_10,A,57,0.997534965295042,0.7053637384308115,,,,
identity_case_10,A,58,0.9977814687655379,0.7055380427063851,,,,
identity_case_10,A,59,0.9980033218889841,0.7056949165544014,,,,
identity_case_10,A,60,0.9982029897000857,0.705836103017616,,,,
identity_case_10,A,61,0.9983826907300771,0.7059631708345091,,,,
identity_case_10,A,62,0.9985444216570694,0.7060775318697129,,,,
identity_case_10,A,63,0.9986899794913624,0.7061804568013964,,,,
identity_case_10,A,64,0.9988209815422262,0.7062730892399115,,,,
identity_case_10,B,1,0.9988209815422262,0.7062730892399115,0.9988209815422262,0.9988209815422262,0.0,0.0
identity_case_10,B,2,0.9988209815422262,0.7062730892399115,0.9988209815422262,0.9988209815422262,0.0,0.0
identity_case_10,B,3,0.9988209815422262,0.7062730892399115,0.9988209815422262,0.9988209815422262,0.0,0.0
identity_case_10,B,4,0.9988209815422262,0.7062730892399115,0.9988209815422262,0.9988209815422262,0.0,0.0
identity_case_10,B,5,0.9988209815422262,0.7062730892399115,0.9988209815422262,0.9988209815422262,0.0,0.0
identity_case_10,B,6,0.9988209815422262,0.7062730892399115,0.9988209815422262,0.9988209815422262,0.0,0.0
identity_case_10,B,7,0.9988209815422262,0.7062730892399115,0.9988209815422262,0.9988209815422262,0.0,0.0
identity_case_10,B,8,0.9988209815422262,0.7062730892399115,0.9988209815422262,0.9988209815422262,0.0,0.0
identity_case_10,B,9,0.9988209815422262,0.7062730892399115,0.9988209815422262,0.9988209815422262,0.0,0.0
identity_case_10,B,10,0.9988209815422262,0.7062730892399115,0.9988209815422262,0.9988209815422262,0.0,0.0
identity_case_10,B,11,0.9988209815422262,0.7062730892399115,0.9988209815422262,0.9988209815422262,0.0,0.0
identity_case_10,B,12,0.9988209815422262,0.7062730892399115,0.9988209815422262,0.9988209815422262,0.0,0.0
identity_case_10,B,13,0.9988209815422262,0.7062730892399115,0.9988209815422262,0.9988209815422262,0.0,0.0
identity_case_10,B,14,0.9988209815422262,0.7062730892399115,0.9988209815422262,0.9988209815422262,0.0,0.0
identity_case_10,B,15,0.9988209815422262,0.7062730892399115,0.9988209815422262,0.9988209815422262,0.0,0.0
identity_case_10,B,16,0.9988209815422262,0.7062730892399115,0.9988209815422262,0.9988209815422262,0.0,0.0
identity_case_10,B,17,0.9988209815422262,0.7062730892399115,0.9988209815422262,0.9988209815422262,0.0,0.0
identity_case_10,B,18,0.9988209815422262,0.7062730892399115,0.9988209815422262,0.9988209815422262,0.0,0.0
identity_case_10,B,19,0.9988209815422262,0.7062730892399115,0.9988209815422262,0.9988209815422262,0.0,0.0
identity_case_10,B,20,0.9988209815422262,0.7062730892399115,0.9988209815422262,0.9988209815422262,0.0,0.0
identity_case_10,B,21,0.9988209815422262,0.7062730892399115,0.9988209815422262,0.9988209815422262,0.0,0.0
identity_case_10,B,22,0.9988209815422262,0.7062730892399115,0.9988209815422262,0.9988209815422262,0.0,0.0
identity_case_10,B,23,0.9988209815422262,0.7062730892399115,0.9988209815422262,0.9988209815422262,0.0,0.0
identity_case_10,B,24,0.9988209815422262,0.7062730892399115,0.9988209815422262,0.9988209815422262,0.0,0.0
identity_case_10,B,25,0.9988209815422262,0.7062730892399115,0.9988209815422262,0.9988209815422262,0.0,0.0
identity_case_10,B,26,0.9988209815422262,0.7062730892399115,0.9988209815422262,0.9988209815422262,0.0,0.0
identity_case_10,B,27,0.9988209815422262,0.7062730892399115,0.9988209815422262,0.9988209815422262,0.0,0.0
identity_case_10,B,28,0.9988209815422262,0.7062730892399115,0.9988209815422262,0.9988209815422262,0.0,0.0
identity_case_10,B,29,0.9988209815422262,0.7062730892399115,0.9988209815422262,0.9988209815422262,0.0,0.0
identity_case_10,B,30,0.9988209815422262,0.7062730892399115,0.9988209815422262,0.9988209815422262,0.0,0.0
identity_case_10,B,31,0.9988209815422262,0.7062730892399115,0.9988209815422262,0.9988209815422262,0.0,0.0
identity_case_10,B,32,0.9988209815422262,0.7062730892399115,0.9988209815422262,0.9988209815422262,0.0,0.0
identity_case_10,B,33,0.9988209815422262,0.7062730892399115,0.9988209815422262,0.9988209815422262,0.0,0.0
identity_case_10,B,34,0.9988209815422262,0.7062730892399115,0.9988209815422262,0.9988209815422262,0.0,0.0
identity_case_10,B,35,0.9988209815422262,0.7062730892399115,0.9988209815422262,0.9988209815422262,0.0,0.0
identity_case_10,B,36,0.9988209815422262,0.7062730892399115,0.9988209815422262,0.9988209815422262,0.0,0.0
identity_case_10,B,37,0.9988209815422262,0.7062730892399115,0.9988209815422262,0.9988209815422262,0.0,0.0
identity_case_10,B,38,0.9988209815422262,0.7062730892399115,0.9988209815422262,0.9988209815422262,0.0,0.0
identity_case_10,B,39,0.9988209815422262,0.7062730892399115,0.9988209815422262,0.9988209815422262,0.0,0.0
identity_case_10,B,40,0.9988209815422262,0.7062730892399115,0.9988209815422262,0.9988209815422262,0.0,0.0
identity_case_10,B,41,0.9988209815422262,0.7062730892399115,0.9988209815422262,0.9988209815422262,0.0,0.0
identity_case_10,B,42,0.9988209815422262,0.7062730892399115,0.9988209815422262,0.9988209815422262,0.0,0.0
identity_case_10,B,43,0.9988209815422262,0.7062730892399115,0.9988209815422262,0.9988209815422262,0.0,0.0
identity_case_10,B,44,0.9988209815422262,0.7062730892399115,0.9988209815422262,0.9988209815422262,0.0,0.0
identity_case_10,B,45,0.9988209815422262,0.7062730892399115,0.9988209815422262,0.9988209815422262,0.0,0.0
identity_case_10,B,46,0.9988209815422262,0.7062730892399115,0.9988209815422262,0.9988209815422262,0.0,0.0
identity_case_10,B,47,0.9988209815422262,0.7062730892399115,0.9988209815422262,0.9988209815422262,0.0,0.0
identity_case_10,B,48,0.9988209815422262,0.7062730892399115,0.9988209815422262,0.9988209815422262,0.0,0.0
identity_case_10,B,49,0.9988209815422262,0.7062730892399115,0.9988209815422262,0.9988209815422262,0.0,0.0
identity_case_10,B,50,0.9988209815422262,0.7062730892399115,0.9988209815422262,0.9988209815422262,0.0,0.0
identity_case_10,B,51,0.9988209815422262,0.7062730892399115,0.9988209815422262,0.9988209815422262,0.0,0.0
identity_case_10,B,52,0.9988209815422262,0.7062730892399115,0.9988209815422262,0.9988209815422262,0.0,0.0
identity_case_10,B,53,0.9988209815422262,0.7062730892399115,0.9988209815422262,0.9988209815422262,0.0,0.0
identity_case_10,B,54,0.9988209815422262,0.7062730892399115,0.9988209815422262,0.9988209815422262,0.0,0.0
identity_case_10,B,55,0.9988209815422262,0.7062730892399115,0.9988209815422262,0.9988209815422262,0.0,0.0
identity_case_10,B,56,0.9988209815422262,0.7062730892399115,0.9988209815422262,0.9988209815422262,0.0,0.0
identity_case_10,B,57,0.9988209815422262,0.7062730892399115,0.9988209815422262,0.9988209815422262,0.0,0.0
identity_case_10,B,58,0.9988209815422262,0.7062730892399115,0.9988209815422262,0.9988209815422262,0.0,0.0
identity_case_10,B,59,0.9988209815422262,0.7062730892399115,0.9988209815422262,0.9988209815422262,0.0,0.0
identity_case_10,B,60,0.9988209815422262,0.7062730892399115,0.9988209815422262,0.9988209815422262,0.0,0.0
identity_case_10,B,61,0.9988209815422262,0.7062730892399115,0.9988209815422262,0.9988209815422262,0.0,0.0
identity_case_10,B,62,0.9988209815422262,0.7062730892399115,0.9988209815422262,0.9988209815422262,0.0,0.0
identity_case_10,B,63,0.9988209815422262,0.7062730892399115,0.9988209815422262,0.9988209815422262,0.0,0.0
identity_case_10,B,64,0.9988209815422262,0.7062730892399115,0.9988209815422262,0.9988209815422262,0.0,0.0
identity_case_11,A,1,0.1,0.07071067811865475,,,,
identity_case_11,A,2,0.19,0.13435028842544403,,,,
identity_case_11,A,3,0.271,0.19162593770155437,,,,
identity_case_11,A,4,0.34390000000000004,0.2431740220500537,,,,
identity_case_11,A,5,0.40951000000000004,0.28956729796370306,,,,
identity_case_11,A,6,0.46855900000000006,0.3313212462859875,,,,
identity_case_11,A,7,0.5217031000000001,0.36889979977604354,,,,
identity_case_11,A,8,0.5695327900000001,0.40272049791709397,,,,
identity_case_11,A,9,0.6125795110000001,0.4331591262440393,,,,
identity_case_11,A,10,0.6513215599000001,0.4605538917382901,,,,
identity_case_11,A,11,0.68618940391,0.48520918068311586,,,,
identity_case_11,A,12,0.717570463519,0.5073989407334589,,,,
identity_case_11,A,13,0.7458134171671,0.5273697247787679,,,,
identity_case_11,A,14,0.7712320754503901,0.5453434304195458,,,,
identity_case_11,A,15,0.7941088679053511,0.561519765496246,,,,
identity_case_11,A,16,0.814697981114816,0.5760784670652761,,,,
identity_case_11,A,17,0.8332281830033343,0.5891812984774033,,,,
identity_case_11,A,18,0.8499053647030009,0.6009738467483177,,,,
identity_case_11,A,19,0.8649148282327008,0.6115871401921407,,,,
identity_case_11,A,20,0.8784233454094308,0.6211391042915814,,,,
identity_case_11,A,21,0.8905810108684877,0.629735871981078,,,,
identity_case_11,A,22,0.901522909781639,0.6374729629016249,,,,
identity_case_11,A,23,0.911370618803475,0.6444363447301171,,,,
identity_case_11,A,24,0.9202335569231275,0.6507033883757601,,,,
identity_case_11,A,25,0.9282102012308148,0.6563437276568389,,,,
identity_case_11,A,26,0.9353891811077333,0.6614200330098098,,,,
identity_case_11,A,27,0.94185026299696,0.6659887078274835,,,,
identity_case_11,A,28,0.947665236697264,0.67010051516339,,,,
identity_case_11,A,29,0.9528987130275376,0.6738011417657057,,,,
identity_case_11,A,30,0.9576088417247839,0.6771317057077899,,,,
identity_case_11,A,31,0.9618479575523055,0.6801292132556657,,,,
identity_case_11,A,32,0.9656631617970749,0.6828269700487538,,,,
identity_case_11,A,33,0.9690968456173674,0.6852549511625332,,,,
identity_case_11,A,34,0.9721871610556306,0.6874401341649345,,,,
identity_case_11,A,35,0.9749684449500675,0.6894067988670959,,,,
identity_case_11,A,36,0.9774716004550608,0.691176797099041,,,,
identity_case_11,A,37,0.9797244404095546,0.6927697955077916,,,,
identity_case_11,A,38,0.9817519963685992,0.6942034940756673,,,,
identity_case_11,A,39,0.9835767967317393,0.6954938227867552,,,,
identity_case_11,A,40,0.9852191170585654,0.6966551186267345,,,,
identity_case_11,A,41,0.9866972053527088,0.6977002848827157,,,,
identity_case_11,A,42,0.9880274848174379,0.6986409345130988,,,,
identity_case_11,A,43,0.9892247363356941,0.6994875191804437,,,,
identity_case_11,A,44,0.9903022627021246,0.700249445381054,,,,
identity_case_11,A,45,0.9912720364319122,0.7009351789616034,,,,
identity_case_11,A,46,0.992144832788721,0.7015523391840979,,,,
identity_case_11,A,47,0.9929303495098489,0.7021077833843429,,,,
identity_case_11,A,48,0.9936373145588641,0.7026076831645633,,,,
identity_case_11,A,49,0.9942735831029776,0.7030575929667617,,,,
identity_case_11,A,50,0.9948462247926799,0.7034625117887403,,,,
identity_case_11,A,51,0.995361602313412,0.7038269387285211,,,,
identity_case_11,A,52,0.9958254420820708,0.7041549229743237,,,,
identity_case_11,A,53,0.9962428978738638,0.7044501087955461,,,,
identity_case_11,A,54,0.9966186080864774,0.7047157760346463,,,,
identity_case_11,A,55,0.9969567472778297,0.7049548765498365,,,,
identity_case_11,A,56,0.9972610725500467,0.7051700670135075,,,,
identity_case_11,A,57,0.997534965295042,0.7053637384308115,,,,
identity_case_11,A,58,0.9977814687655379,0.7055380427063851,,,,
identity_case_11,A,59,0.9980033218889841,0.7056949165544014,,,,
identity_case_11,A,60,0.9982029897000857,0.705836103017616,,,,
identity_case_11,A,61,0.9983826907300771,0.7059631708345091,,,,
identity_case_11,A,62,0.9985444216570694,0.7060775318697129,,,,
identity_case_11,A,63,0.9986899794913624,0.7061804568013964,,,,
identity_case_11,A,64,0.9988209815422262,0.7062730892399115,,,,
identity_case_11,B,1,0.9988209815422262,0.7062730892399115,0.9988209815422262,0.9988209815422262,0.0,0.0
identity_case_11,B,2,0.9988209815422262,0.7062730892399115,0.9988209815422262,0.9988209815422262,0.0,0.0
identity_case_11,B,3,0.9988209815422262,0.7062730892399115,0.9988209815422262,0.9988209815422262,0.0,0.0
identity_case_11,B,4,0.9988209815422262,0.7062730892399115,0.9988209815422262,0.9988209815422262,0.0,0.0
identity_case_11,B,5,0.9988209815422262,0.7062730892399115,0.9988209815422262,0.9988209815422262,0.0,0.0
identity_case_11,B,6,0.9988209815422262,0.7062730892399115,0.9988209815422262,0.9988209815422262,0.0,0.0
identity_case_11,B,7,0.9988209815422262,0.7062730892399115,0.9988209815422262,0.9988209815422262,0.0,0.0
identity_case_11,B,8,0.9988209815422262,0.7062730892399115,0.9988209815422262,0.9988209815422262,0.0,0.0
identity_case_11,B,9,0.9988209815422262,0.7062730892399115,0.9988209815422262,0.9988209815422262,0.0,0.0
identity_case_11,B,10,0.9988209815422262,0.7062730892399115,0.9988209815422262,0.9988209815422262,0.0,0.0
identity_case_11,B,11,0.9988209815422262,0.7062730892399115,0.9988209815422262,0.9988209815422262,0.0,0.0
identity_case_11,B,12,0.9988209815422262,0.7062730892399115,0.9988209815422262,0.9988209815422262,0.0,0.0
identity_case_11,B,13,0.9988209815422262,0.7062730892399115,0.9988209815422262,0.9988209815422262,0.0,0.0
identity_case_11,B,14,0.9988209815422262,0.7062730892399115,0.9988209815422262,0.9988209815422262,0.0,0.0
identity_case_11,B,15,0.9988209815422262,0.7062730892399115,0.9988209815422262,0.9988209815422262,0.0,0.0
identity_case_11,B,16,0.9988209815422262,0.7062730892399115,0.9988209815422262,0.9988209815422262,0.0,0.0
identity_case_11,B,17,0.9988209815422262,0.7062730892399115,0.9988209815422262,0.9988209815422262,0.0,0.0
identity_case_11,B,18,0.9988209815422262,0.7062730892399115,0.9988209815422262,0.9988209815422262,0.0,0.0
identity_case_11,B,19,0.9988209815422262,0.7062730892399115,0.9988209815422262,0.9988209815422262,0.0,0.0
identity_case_11,B,20,0.9988209815422262,0.7062730892399115,0.9988209815422262,0.9988209815422262,0.0,0.0
identity_case_11,B,21,0.9988209815422262,0.7062730892399115,0.9988209815422262,0.9988209815422262,0.0,0.0
identity_case_11,B,22,0.9988209815422262,0.7062730892399115,0.9988209815422262,0.9988209815422262,0.0,0.0
identity_case_11,B,23,0.9988209815422262,0.7062730892399115,0.9988209815422262,0.9988209815422262,0.0,0.0
identity_case_11,B,24,0.9988209815422262,0.7062730892399115,0.9988209815422262,0.9988209815422262,0.0,0.0
identity_case_11,B,25,0.9988209815422262,0.7062730892399115,0.9988209815422262,0.9988209815422262,0.0,0.0
identity_case_11,B,26,0.9988209815422262,0.7062730892399115,0.9988209815422262,0.9988209815422262,0.0,0.0
identity_case_11,B,27,0.9988209815422262,0.7062730892399115,0.9988209815422262,0.9988209815422262,0.0,0.0
identity_case_11,B,28,0.9988209815422262,0.7062730892399115,0.9988209815422262,0.9988209815422262,0.0,0.0
identity_case_11,B,29,0.9988209815422262,0.7062730892399115,0.9988209815422262,0.9988209815422262,0.0,0.0
identity_case_11,B,30,0.9988209815422262,0.7062730892399115,0.9988209815422262,0.9988209815422262,0.0,0.0
identity_case_11,B,31,0.9988209815422262,0.7062730892399115,0.9988209815422262,0.9988209815422262,0.0,0.0
identity_case_11,B,32,0.9988209815422262,0.7062730892399115,0.9988209815422262,0.9988209815422262,0.0,0.0
identity_case_11,B,33,0.9988209815422262,0.7062730892399115,0.9988209815422262,0.9988209815422262,0.0,0.0
identity_case_11,B,34,0.9988209815422262,0.7062730892399115,0.9988209815422262,0.9988209815422262,0.0,0.0
identity_case_11,B,35,0.9988209815422262,0.7062730892399115,0.9988209815422262,0.9988209815422262,0.0,0.0
identity_case_11,B,36,0.9988209815422262,0.7062730892399115,0.9988209815422262,0.9988209815422262,0.0,0.0
identity_case_11,B,37,0.9988209815422262,0.7062730892399115,0.9988209815422262,0.9988209815422262,0.0,0.0
identity_case_11,B,38,0.9988209815422262,0.7062730892399115,0.9988209815422262,0.9988209815422262,0.0,0.0
identity_case_11,B,39,0.9988209815422262,0.7062730892399115,0.9988209815422262,0.9988209815422262,0.0,0.0
identity_case_11,B,40,0.9988209815422262,0.7062730892399115,0.9988209815422262,0.9988209815422262,0.0,0.0
identity_case_11,B,41,0.9988209815422262,0.7062730892399115,0.9988209815422262,0.9988209815422262,0.0,0.0
identity_case_11,B,42,0.9988209815422262,0.7062730892399115,0.9988209815422262,0.9988209815422262,0.0,0.0
identity_case_11,B,43,0.9988209815422262,0.7062730892399115,0.9988209815422262,0.9988209815422262,0.0,0.0
identity_case_11,B,44,0.9988209815422262,0.7062730892399115,0.9988209815422262,0.9988209815422262,0.0,0.0
identity_case_11,B,45,0.9988209815422262,0.7062730892399115,0.9988209815422262,0.9988209815422262,0.0,0.0
identity_case_11,B,46,0.9988209815422262,0.7062730892399115,0.9988209815422262,0.9988209815422262,0.0,0.0
identity_case_11,B,47,0.9988209815422262,0.7062730892399115,0.9988209815422262,0.9988209815422262,0.0,0.0
identity_case_11,B,48,0.9988209815422262,0.7062730892399115,0.9988209815422262,0.9988209815422262,0.0,0.0
identity_case_11,B,49,0.9988209815422262,0.7062730892399115,0.9988209815422262,0.9988209815422262,0.0,0.0
identity_case_11,B,50,0.9988209815422262,0.7062730892399115,0.9988209815422262,0.9988209815422262,0.0,0.0
identity_case_11,B,51,0.9988209815422262,0.7062730892399115,0.9988209815422262,0.9988209815422262,0.0,0.0
identity_case_11,B,52,0.9988209815422262,0.7062730892399115,0.9988209815422262,0.9988209815422262,0.0,0.0
identity_case_11,B,53,0.9988209815422262,0.7062730892399115,0.9988209815422262,0.9988209815422262,0.0,0.0
identity_case_11,B,54,0.9988209815422262,0.7062730892399115,0.9988209815422262,0.9988209815422262,0.0,0.0
identity_case_11,B,55,0.9988209815422262,0.7062730892399115,0.9988209815422262,0.9988209815422262,0.0,0.0
identity_case_11,B,56,0.9988209815422262,0.7062730892399115,0.9988209815422262,0.9988209815422262,0.0,0.0
identity_case_11,B,57,0.9988209815422262,0.7062730892399115,0.9988209815422262,0.9988209815422262,0.0,0.0
identity_case_11,B,58,0.9988209815422262,0.7062730892399115,0.9988209815422262,0.9988209815422262,0.0,0.0
identity_case_11,B,59,0.9988209815422262,0.7062730892399115,0.9988209815422262,0.9988209815422262,0.0,0.0
identity_case_11,B,60,0.9988209815422262,0.7062730892399115,0.9988209815422262,0.9988209815422262,0.0,0.0
identity_case_11,B,61,0.9988209815422262,0.7062730892399115,0.9988209815422262,0.9988209815422262,0.0,0.0
identity_case_11,B,62,0.9988209815422262,0.7062730892399115,0.9988209815422262,0.9988209815422262,0.0,0.0
identity_case_11,B,63,0.9988209815422262,0.7062730892399115,0.9988209815422262,0.9988209815422262,0.0,0.0
identity_case_11,B,64,0.9988209815422262,0.7062730892399115,0.9988209815422262,0.9988209815422262,0.0,0.0
rotation_037_case_00,A,1,-0.1,-0.07071067811865475,,,,
rotation_037_case_00,A,2,-0.19,-0.13435028842544403,,,,
rotation_037_case_00,A,3,-0.271,-0.1916259377015544,,,,
rotation_037_case_00,A,4,-0.34390000000000004,-0.24317402205005373,,,,
rotation_037_case_00,A,5,-0.40951000000000004,-0.28956729796370306,,,,
rotation_037_case_00,A,6,-0.4685590000000001,-0.3313212462859875,,,,
rotation_037_case_00,A,7,-0.5217031000000001,-0.3688997997760435,,,,
rotation_037_case_00,A,8,-0.56953279,-0.40272049791709386,,,,
rotation_037_case_00,A,9,-0.6125795110000001,-0.43315912624403924,,,,
rotation_037_case_00,A,10,-0.6513215599000001,-0.4605538917382901,,,,
rotation_037_case_00,A,11,-0.6861894039100002,-0.4852091806831158,,,,
rotation_037_case_00,A,12,-0.7175704635190001,-0.507398940733459,,,,
rotation_037_case_00,A,13,-0.7458134171671,-0.5273697247787679,,,,
rotation_037_case_00,A,14,-0.7712320754503901,-0.5453434304195458,,,,
rotation_037_case_00,A,15,-0.7941088679053511,-0.561519765496246,,,,
rotation_037_case_00,A,16,-0.814697981114816,-0.5760784670652761,,,,
rotation_037_case_00,A,17,-0.8332281830033345,-0.5891812984774032,,,,
rotation_037_case_00,A,18,-0.8499053647030009,-0.6009738467483177,,,,
rotation_037_case_00,A,19,-0.8649148282327008,-0.6115871401921407,,,,
rotation_037_case_00,A,20,-0.8784233454094308,-0.6211391042915814,,,,
rotation_037_case_00,A,21,-0.8905810108684877,-0.6297358719810779,,,,
rotation_037_case_00,A,22,-0.901522909781639,-0.6374729629016249,,,,
rotation_037_case_00,A,23,-0.911370618803475,-0.6444363447301172,,,,
rotation_037_case_00,A,24,-0.9202335569231276,-0.6507033883757602,,,,
rotation_037_case_00,A,25,-0.9282102012308149,-0.6563437276568389,,,,
rotation_037_case_00,A,26,-0.9353891811077334,-0.6614200330098098,,,,
rotation_037_case_00,A,27,-0.9418502629969601,-0.6659887078274835,,,,
rotation_037_case_00,A,28,-0.9476652366972641,-0.67010051516339,,,,
rotation_037_case_00,A,29,-0.9528987130275377,-0.6738011417657057,,,,
rotation_037_case_00,A,30,-0.9576088417247839,-0.6771317057077899,,,,
rotation_037_case_00,A,31,-0.9618479575523055,-0.6801292132556657,,,,
rotation_037_case_00,A,32,-0.9656631617970749,-0.6828269700487539,,,,
rotation_037_case_00,A,33,-0.9690968456173674,-0.6852549511625332,,,,
rotation_037_case_00,A,34,-0.9721871610556306,-0.6874401341649347,,,,
rotation_037_case_00,A,35,-0.9749684449500676,-0.6894067988670959,,,,
rotation_037_case_00,A,36,-0.9774716004550608,-0.691176797099041,,,,
rotation_037_case_00,A,37,-0.9797244404095548,-0.6927697955077917,,,,
rotation_037_case_00,A,38,-0.9817519963685992,-0.6942034940756673,,,,
rotation_037_case_00,A,39,-0.9835767967317393,-0.6954938227867553,,,,
rotation_037_case_00,A,40,-0.9852191170585654,-0.6966551186267345,,,,
rotation_037_case_00,A,41,-0.9866972053527088,-0.6977002848827157,,,,
rotation_037_case_00,A,42,-0.988027484817438,-0.6986409345130989,,,,
rotation_037_case_00,A,43,-0.9892247363356941,-0.6994875191804437,,,,
rotation_037_case_00,A,44,-0.9903022627021247,-0.7002494453810542,,,,
rotation_037_case_00,A,45,-0.9912720364319123,-0.7009351789616036,,,,
rotation_037_case_00,A,46,-0.9921448327887211,-0.701552339184098,,,,
rotation_037_case_00,A,47,-0.9929303495098489,-0.702107783384343,,,,
rotation_037_case_00,A,48,-0.9936373145588641,-0.7026076831645633,,,,
rotation_037_case_00,A,49,-0.9942735831029776,-0.7030575929667617,,,,
rotation_037_case_00,A,50,-0.9948462247926799,-0.7034625117887404,,,,
rotation_037_case_00,A,51,-0.995361602313412,-0.7038269387285212,,,,
rotation_037_case_00,A,52,-0.9958254420820708,-0.7041549229743238,,,,
rotation_037_case_00,A,53,-0.9962428978738638,-0.7044501087955461,,,,
rotation_037_case_00,A,54,-0.9966186080864773,-0.7047157760346463,,,,
rotation_037_case_00,A,55,-0.9969567472778296,-0.7049548765498364,,,,
rotation_037_case_00,A,56,-0.9972610725500466,-0.7051700670135075,,,,
rotation_037_case_00,A,57,-0.997534965295042,-0.7053637384308116,,,,
rotation_037_case_00,A,58,-0.9977814687655377,-0.7055380427063851,,,,
rotation_037_case_00,A,59,-0.998003321888984,-0.7056949165544014,,,,
rotation_037_case_00,A,60,-0.9982029897000857,-0.7058361030176161,,,,
rotation_037_case_00,A,61,-0.998382690730077,-0.7059631708345091,,,,
rotation_037_case_00,A,62,-0.9985444216570694,-0.706077531869713,,,,
rotation_037_case_00,A,63,-0.9986899794913624,-0.7061804568013965,,,,
rotation_037_case_00,A,64,-0.9988209815422262,-0.7062730892399116,,,,
rotation_037_case_00,B,1,-1.0195906105837698,-0.7356457803159204,-0.9988209815422262,-0.9988209815422262,0.0,0.0
rotation_037_case_00,B,2,-1.0382832767211587,-0.7620812022843284,-0.9988209815422262,-0.9988209815422262,0.0,0.0
rotation_037_case_00,B,3,-1.055106676244809,-0.7858730820558957,-0.9988209815422262,-0.9988209815422262,0.0,0.0
rotation_037_case_00,B,4,-1.070247735816094,-0.8072857738503061,-0.998820981542226,-0.998820981542226,2.220446049250313e-16,2.220446049250313e-16
rotation_037_case_00,B,5,-1.083874689430251,-0.8265571964652755,-0.9988209815422262,-0.9988209815422262,0.0,0.0
rotation_037_case_00,B,6,-1.0961389476829917,-0.8439014768187479,-0.998820981542226,-0.998820981542226,2.220446049250313e-16,2.220446049250313e-16
rotation_037_case_00,B,7,-1.1071767801104586,-0.8595113291368731,-0.998820981542226,-0.998820981542226,2.220446049250313e-16,2.220446049250313e-16
rotation_037_case_00,B,8,-1.117110829295179,-0.8735601962231858,-0.9988209815422261,-0.9988209815422262,1.1102230246251565e-16,0.0
rotation_037_case_00,B,9,-1.126051473561427,-0.8862041766008673,-0.998820981542226,-0.9988209815422262,2.220446049250313e-16,0.0
rotation_037_case_00,B,10,-1.1340980534010505,-0.8975837589407805,-0.998820981542226,-0.9988209815422262,2.220446049250313e-16,0.0
rotation_037_case_00,B,11,-1.1413399752567113,-0.9078253830467025,-0.998820981542226,-0.9988209815422259,2.220446049250313e-16,3.3306690738754696e-16
rotation_037_case_00,B,12,-1.1478577049268062,-0.9170428447420322,-0.998820981542226,-0.9988209815422259,2.220446049250313e-16,3.3306690738754696e-16
rotation_037_case_00,B,13,-1.1537236616298916,-0.925338560267829,-0.998820981542226,-0.9988209815422259,2.220446049250313e-16,3.3306690738754696e-16
rotation_037_case_00,B,14,-1.1590030226626686,-0.9328047042410461,-0.9988209815422262,-0.9988209815422262,0.0,0.0
rotation_037_case_00,B,15,-1.163754447592168,-0.9395242338169415,-0.9988209815422261,-0.9988209815422262,1.1102230246251565e-16,0.0
rotation_037_case_00,B,16,-1.1680307300287172,-0.9455718104352473,-0.9988209815422261,-0.9988209815422262,1.1102230246251565e-16,0.0
rotation_037_case_00,B,17,-1.1718793842216115,-0.9510146293917225,-0.9988209815422262,-0.9988209815422262,0.0,0.0
rotation_037_case_00,B,18,-1.1753431729952166,-0.9559131664525504,-0.9988209815422262,-0.9988209815422264,0.0,2.220446049250313e-16
rotation_037_case_00,B,19,-1.1784605828914612,-0.9603218498072954,-0.9988209815422264,-0.9988209815422265,2.220446049250313e-16,3.3306690738754696e-16
rotation_037_case_00,B,20,-1.181266251798081,-0.9642896648265659,-0.9988209815422263,-0.9988209815422264,1.1102230246251565e-16,2.220446049250313e-16
rotation_037_case_00,B,21,-1.183791353814039,-0.9678606983439093,-0.9988209815422263,-0.9988209815422264,1.1102230246251565e-16,2.220446049250313e-16
rotation_037_case_00,B,22,-1.1860639456284012,-0.9710746285095184,-0.9988209815422264,-0.9988209815422264,2.220446049250313e-16,2.220446049250313e-16
rotation_037_case_00,B,23,-1.1881092782613272,-0.9739671656585667,-0.9988209815422262,-0.9988209815422262,0.0,0.0
rotation_037_case_00,B,24,-1.1899500776309604,-0.97657044909271,-0.9988209815422261,-0.9988209815422262,1.1102230246251565e-16,0.0
rotation_037_case_00,B,25,-1.1916067970636304,-0.9789134041834389,-0.9988209815422261,-0.998820981542226,1.1102230246251565e-16,2.220446049250313e-16
rotation_037_case_00,B,26,-1.1930978445530334,-0.981022063765095,-0.998820981542226,-0.998820981542226,2.220446049250313e-16,2.220446049250313e-16
rotation_037_case_00,B,27,-1.1944397872934962,-0.9829198573885856,-0.998820981542226,-0.9988209815422262,2.220446049250313e-16,0.0
rotation_037_case_00,B,28,-1.1956475357599126,-0.984627871649727,-0.998820981542226,-0.998820981542226,2.220446049250313e-16,2.220446049250313e-16
rotation_037_case_00,B,29,-1.1967345093796875,-0.9861650844847543,-0.998820981542226,-0.9988209815422262,2.220446049250313e-16,0.0
rotation_037_case_00,B,30,-1.1977127856374847,-0.9875485760362789,-0.9988209815422259,-0.998820981542226,3.3306690738754696e-16,2.220446049250313e-16
rotation_037_case_00,B,31,-1.1985932342695023,-0.988793718432651,-0.998820981542226,-0.998820981542226,2.220446049250313e-16,2.220446049250313e-16
rotation_037_case_00,B,32,-1.1993856380383183,-0.989914346589386,-0.998820981542226,-0.9988209815422262,2.220446049250313e-16,0.0
rotation_037_case_00,B,33,-1.2000988014302525,-0.9909229119304475,-0.9988209815422262,-0.9988209815422262,0.0,0.0
rotation_037_case_00,B,34,-1.2007406484829932,-0.9918306207374026,-0.9988209815422262,-0.9988209815422262,0.0,0.0
rotation_037_case_00,B,35,-1.2013183108304601,-0.9926475586636625,-0.9988209815422263,-0.9988209815422265,1.1102230246251565e-16,3.3306690738754696e-16
rotation_037_case_00,B,36,-1.2018382069431803,-0.9933828027972962,-0.9988209815422264,-0.9988209815422265,2.220446049250313e-16,3.3306690738754696e-16
rotation_037_case_00,B,37,-1.2023061134446285,-0.9940445225175667,-0.9988209815422264,-0.9988209815422266,2.220446049250313e-16,4.440892098500626e-16
rotation_037_case_00,B,38,-1.2027272292959315,-0.9946400702658099,-0.9988209815422262,-0.9988209815422262,0.0,0.0
rotation_037_case_00,B,39,-1.2031062335621046,-0.995176063239229,-0.9988209815422264,-0.9988209815422265,2.220446049250313e-16,3.3306690738754696e-16
rotation_037_case_00,B,40,-1.2034473374016603,-0.9956584569153062,-0.9988209815422264,-0.9988209815422266,2.220446049250313e-16,4.440892098500626e-16
rotation_037_case_00,B,41,-1.2037543308572602,-0.9960926112237756,-0.9988209815422263,-0.9988209815422265,1.1102230246251565e-16,3.3306690738754696e-16
rotation_037_case_00,B,42,-1.2040306249673003,-0.996483350101398,-0.9988209815422262,-0.9988209815422262,0.0,0.0
rotation_037_case_00,B,43,-1.2042792896663363,-0.9968350150912582,-0.9988209815422264,-0.9988209815422265,2.220446049250313e-16,3.3306690738754696e-16
rotation_037_case_00,B,44,-1.204503087895469,-0.9971515135821325,-0.9988209815422264,-0.9988209815422268,2.220446049250313e-16,5.551115123125783e-16
rotation_037_case_00,B,45,-1.2047045063016881,-0.9974363622239193,-0.9988209815422264,-0.9988209815422266,2.220446049250313e-16,4.440892098500626e-16
rotation_037_case_00,B,46,-1.2048857828672854,-0.9976927260015273,-0.9988209815422266,-0.9988209815422266,4.440892098500626e-16,4.440892098500626e-16
rotation_037_case_00,B,47,-1.2050489317763229,-0.9979234534013746,-0.9988209815422266,-0.9988209815422266,4.440892098500626e-16,4.440892098500626e-16
rotation_037_case_00,B,48,-1.205195765794457,-0.9981311080612371,-0.9988209815422268,-0.9988209815422271,5.551115123125783e-16,8.881784197001252e-16
rotation_037_case_00,B,49,-1.2053279164107773,-0.9983179972551133,-0.9988209815422268,-0.9988209815422271,5.551115123125783e-16,8.881784197001252e-16
rotation_037_case_00,B,50,-1.2054468519654655,-0.998486197529602,-0.9988209815422266,-0.9988209815422268,4.440892098500626e-16,5.551115123125783e-16
rotation_037_case_00,B,51,-1.2055538939646853,-0.9986375777766419,-0.9988209815422269,-0.9988209815422271,6.661338147750939e-16,8.881784197001252e-16
rotation_037_case_00,B,52,-1.2056502317639828,-0.9987738199989776,-0.998820981542227,-0.9988209815422271,7.771561172376096e-16,8.881784197001252e-16
rotation_037_case_00,B,53,-1.2057369357833507,-0.9988964379990799,-0.9988209815422271,-0.9988209815422273,8.881784197001252e-16,1.1102230246251565e-15
rotation_037_case_00,B,54,-1.2058149694007818,-0.9990067941991719,-0.998820981542227,-0.9988209815422273,7.771561172376096e-16,1.1102230246251565e-15
rotation_037_case_00,B,55,-1.2058851996564697,-0.9991061147792547,-0.998820981542227,-0.9988209815422273,7.771561172376096e-16,1.1102230246251565e-15
rotation_037_case_00,B,56,-1.2059484068865889,-0.9991955033013292,-0.9988209815422271,-0.9988209815422273,8.881784197001252e-16,1.1102230246251565e-15
rotation_037_case_00,B,57,-1.2060052933936962,-0.9992759529711963,-0.9988209815422271,-0.9988209815422274,8.881784197001252e-16,1.2212453270876722e-15
rotation_037_case_00,B,58,-1.2060564912500926,-0.9993483576740767,-0.9988209815422271,-0.9988209815422273,8.881784197001252e-16,1.1102230246251565e-15
rotation_037_case_00,B,59,-1.2061025693208494,-0.999413521906669,-0.998820981542227,-0.9988209815422271,7.771561172376096e-16,8.881784197001252e-16
rotation_037_case_00,B,60,-1.2061440395845306,-0.9994721697160021,-0.998820981542227,-0.9988209815422273,7.771561172376096e-16,1.1102230246251565e-15
rotation_037_case_00,B,61,-1.2061813628218436,-0.9995249527444019,-0.9988209815422271,-0.9988209815422273,8.881784197001252e-16,1.1102230246251565e-15
rotation_037_case_00,B,62,-1.2062149537354252,-0.9995724574699617,-0.998820981542227,-0.9988209815422271,7.771561172376096e-16,8.881784197001252e-16
rotation_037_case_00,B,63,-1.206245185557649,-0.9996152117229655,-0.998820981542227,-0.9988209815422271,7.771561172376096e-16,8.881784197001252e-16
rotation_037_case_00,B,64,-1.2062723941976503,-0.999653690550669,-0.9988209815422271,-0.9988209815422273,8.881784197001252e-16,1.1102230246251565e-15
rotation_037_case_01,A,1,-0.1,-0.07071067811865475,,,,
rotation_037_case_01,A,2,-0.19,-0.13435028842544403,,,,
rotation_037_case_01,A,3,-0.271,-0.1916259377015544,,,,
rotation_037_case_01,A,4,-0.34390000000000004,-0.24317402205005373,,,,
rotation_037_case_01,A,5,-0.40951000000000004,-0.28956729796370306,,,,
rotation_037_case_01,A,6,-0.4685590000000001,-0.3313212462859875,,,,
rotation_037_case_01,A,7,-0.5217031000000001,-0.3688997997760435,,,,
rotation_037_case_01,A,8,-0.56953279,-0.40272049791709386,,,,
rotation_037_case_01,A,9,-0.6125795110000001,-0.43315912624403924,,,,
rotation_037_case_01,A,10,-0.6513215599000001,-0.4605538917382901,,,,
rotation_037_case_01,A,11,-0.6861894039100002,-0.4852091806831158,,,,
rotation_037_case_01,A,12,-0.7175704635190001,-0.507398940733459,,,,
rotation_037_case_01,A,13,-0.7458134171671,-0.5273697247787679,,,,
rotation_037_case_01,A,14,-0.7712320754503901,-0.5453434304195458,,,,
rotation_037_case_01,A,15,-0.7941088679053511,-0.561519765496246,,,,
rotation_037_case_01,A,16,-0.814697981114816,-0.5760784670652761,,,,
rotation_037_case_01,A,17,-0.8332281830033345,-0.5891812984774032,,,,
rotation_037_case_01,A,18,-0.8499053647030009,-0.6009738467483177,,,,
rotation_037_case_01,A,19,-0.8649148282327008,-0.6115871401921407,,,,
rotation_037_case_01,A,20,-0.8784233454094308,-0.6211391042915814,,,,
rotation_037_case_01,A,21,-0.8905810108684877,-0.6297358719810779,,,,
rotation_037_case_01,A,22,-0.901522909781639,-0.6374729629016249,,,,
rotation_037_case_01,A,23,-0.911370618803475,-0.6444363447301172,,,,
rotation_037_case_01,A,24,-0.9202335569231276,-0.6507033883757602,,,,
rotation_037_case_01,A,25,-0.9282102012308149,-0.6563437276568389,,,,
rotation_037_case_01,A,26,-0.9353891811077334,-0.6614200330098098,,,,
rotation_037_case_01,A,27,-0.9418502629969601,-0.6659887078274835,,,,
rotation_037_case_01,A,28,-0.9476652366972641,-0.67010051516339,,,,
rotation_037_case_01,A,29,-0.9528987130275377,-0.6738011417657057,,,,
rotation_037_case_01,A,30,-0.9576088417247839,-0.6771317057077899,,,,
rotation_037_case_01,A,31,-0.9618479575523055,-0.6801292132556657,,,,
rotation_037_case_01,A,32,-0.9656631617970749,-0.6828269700487539,,,,
rotation_037_case_01,A,33,-0.9690968456173674,-0.6852549511625332,,,,
rotation_037_case_01,A,34,-0.9721871610556306,-0.6874401341649347,,,,
rotation_037_case_01,A,35,-0.9749684449500676,-0.6894067988670959,,,,
rotation_037_case_01,A,36,-0.9774716004550608,-0.691176797099041,,,,
rotation_037_case_01,A,37,-0.9797244404095548,-0.6927697955077917,,,,
rotation_037_case_01,A,38,-0.9817519963685992,-0.6942034940756673,,,,
rotation_037_case_01,A,39,-0.9835767967317393,-0.6954938227867553,,,,
rotation_037_case_01,A,40,-0.9852191170585654,-0.6966551186267345,,,,
rotation_037_case_01,A,41,-0.9866972053527088,-0.6977002848827157,,,,
rotation_037_case_01,A,42,-0.988027484817438,-0.6986409345130989,,,,
rotation_037_case_01,A,43,-0.9892247363356941,-0.6994875191804437,,,,
rotation_037_case_01,A,44,-0.9903022627021247,-0.7002494453810542,,,,
rotation_037_case_01,A,45,-0.9912720364319123,-0.7009351789616036,,,,
rotation_037_case_01,A,46,-0.9921448327887211,-0.701552339184098,,,,
rotation_037_case_01,A,47,-0.9929303495098489,-0.702107783384343,,,,
rotation_037_case_01,A,48,-0.9936373145588641,-0.7026076831645633,,,,
rotation_037_case_01,A,49,-0.9942735831029776,-0.7030575929667617,,,,
rotation_037_case_01,A,50,-0.9948462247926799,-0.7034625117887404,,,,
rotation_037_case_01,A,51,-0.995361602313412,-0.7038269387285212,,,,
rotation_037_case_01,A,52,-0.9958254420820708,-0.7041549229743238,,,,
rotation_037_case_01,A,53,-0.9962428978738638,-0.7044501087955461,,,,
rotation_037_case_01,A,54,-0.9966186080864773,-0.7047157760346463,,,,
rotation_037_case_01,A,55,-0.9969567472778296,-0.7049548765498364,,,,
rotation_037_case_01,A,56,-0.9972610725500466,-0.7051700670135075,,,,
rotation_037_case_01,A,57,-0.997534965295042,-0.7053637384308116,,,,
rotation_037_case_01,A,58,-0.9977814687655377,-0.7055380427063851,,,,
rotation_037_case_01,A,59,-0.998003321888984,-0.7056949165544014,,,,
rotation_037_case_01,A,60,-0.9982029897000857,-0.7058361030176161,,,,
rotation_037_case_01,A,61,-0.998382690730077,-0.7059631708345091,,,,
rotation_037_case_01,A,62,-0.9985444216570694,-0.706077531869713,,,,
rotation_037_case_01,A,63,-0.9986899794913624,-0.7061804568013965,,,,
rotation_037_case_01,A,64,-0.9988209815422262,-0.7062730892399116,,,,
rotation_037_case_01,B,1,-0.8781692543464602,-0.5356457803159205,-0.9988209815422262,-0.9988209815422262,0.0,0.0
rotation_037_case_01,B,2,-0.7695826998702708,-0.3820812022843284,-0.9988209815422262,-0.9988209815422262,0.0,0.0
rotation_037_case_01,B,3,-0.6718548008417004,-0.24387308205589564,-0.9988209815422262,-0.9988209815422262,0.0,0.0
rotation_037_case_01,B,4,-0.5838996917159869,-0.11948577385030609,-0.9988209815422262,-0.9988209815422262,0.0,0.0
rotation_037_case_01,B,5,-0.5047400935028447,-0.007537196465275453,-0.9988209815422261,-0.9988209815422262,1.1102230246251565e-16,0.0
rotation_037_case_01,B,6,-0.43349645511101675,0.09321652318125206,-0.9988209815422262,-0.9988209815422262,0.0,0.0
rotation_037_case_01,B,7,-0.36937718055837165,0.18389487086312686,-0.9988209815422262,-0.9988209815422262,0.0,0.0
rotation_037_case_01,B,8,-0.31166983346099103,0.26550538377681415,-0.998820981542226,-0.998820981542226,2.220446049250313e-16,2.220446049250313e-16
rotation_037_case_01,B,9,-0.2597332210733484,0.3389548453991328,-0.998820981542226,-0.998820981542226,2.220446049250313e-16,2.220446049250313e-16
rotation_037_case_01,B,10,-0.21299026992447015,0.4050593608592195,-0.9988209815422261,-0.9988209815422259,1.1102230246251565e-16,3.3306690738754696e-16
rotation_037_case_01,B,11,-0.17092161389047966,0.46455342477329753,-0.998820981542226,-0.998820981542226,2.220446049250313e-16,2.220446049250313e-16
rotation_037_case_01,B,12,-0.13305982345988826,0.5180980822959679,-0.998820981542226,-0.998820981542226,2.220446049250313e-16,2.220446049250313e-16
rotation_037_case_01,B,13,-0.09898421207235597,0.566288274066371,-0.998820981542226,-0.998820981542226,2.220446049250313e-16,2.220446049250313e-16
rotation_037_case_01,B,14,-0.06831616182357686,0.609659446659734,-0.9988209815422261,-0.998820981542226,1.1102230246251565e-16,2.220446049250313e-16
rotation_037_case_01,B,15,-0.0407149165996758,0.6486935019937605,-0.998820981542226,-0.998820981542226,2.220446049250313e-16,2.220446049250313e-16
rotation_037_case_01,B,16,-0.015873795898164733,0.6838241517943844,-0.998820981542226,-0.9988209815422259,2.220446049250313e-16,3.3306690738754696e-16
rotation_037_case_01,B,17,0.006483212733195187,0.715441736614946,-0.998820981542226,-0.9988209815422262,2.220446049250313e-16,0.0
rotation_037_case_01,B,18,0.02660452050141915,0.7438975629534514,-0.998820981542226,-0.998820981542226,2.220446049250313e-16,2.220446049250313e-16
rotation_037_case_01,B,19,0.044713697492820725,0.7695078066581064,-0.998820981542226,-0.9988209815422259,2.220446049250313e-16,3.3306690738754696e-16
rotation_037_case_01,B,20,0.06101195678508209,0.7925570259922957,-0.998820981542226,-0.9988209815422259,2.220446049250313e-16,3.3306690738754696e-16
rotation_037_case_01,B,21,0.0756803901481174,0.8133013233930662,-0.998820981542226,-0.998820981542226,2.220446049250313e-16,2.220446049250313e-16
rotation_037_case_01,B,22,0.0888819801748491,0.8319711910537597,-0.998820981542226,-0.998820981542226,2.220446049250313e-16,2.220446049250313e-16
rotation_037_case_01,B,23,0.10076341119890758,0.8487740719483836,-0.998820981542226,-0.998820981542226,2.220446049250313e-16,2.220446049250313e-16
rotation_037_case_01,B,24,0.11145669912056022,0.8638966647535452,-0.9988209815422261,-0.9988209815422259,1.1102230246251565e-16,3.3306690738754696e-16
rotation_037_case_01,B,25,0.12108065825004771,0.8775069982781906,-0.9988209815422261,-0.9988209815422258,1.1102230246251565e-16,4.440892098500626e-16
rotation_037_case_01,B,26,0.12974222146658637,0.8897562984503716,-0.998820981542226,-0.9988209815422258,2.220446049250313e-16,4.440892098500626e-16
rotation_037_case_01,B,27,0.13753762836147115,0.9007806686053343,-0.998820981542226,-0.998820981542226,2.220446049250313e-16,2.220446049250313e-16
rotation_037_case_01,B,28,0.14455349456686745,0.9107026017448009,-0.9988209815422259,-0.9988209815422258,3.3306690738754696e-16,4.440892098500626e-16
rotation_037_case_01,B,29,0.1508677741517242,0.9196323415703207,-0.998820981542226,-0.9988209815422258,2.220446049250313e-16,4.440892098500626e-16
rotation_037_case_01,B,30,0.15655062577809525,0.9276691074132889,-0.998820981542226,-0.9988209815422258,2.220446049250313e-16,4.440892098500626e-16
rotation_037_case_01,B,31,0.16166519224182913,0.93490219667196,-0.9988209815422259,-0.998820981542226,3.3306690738754696e-16,2.220446049250313e-16
rotation_037_case_01,B,32,0.16626830205918966,0.9414119770047638,-0.998820981542226,-0.9988209815422259,2.220446049250313e-16,3.3306690738754696e-16
rotation_037_case_01,B,33,0.1704111008948141,0.9472707793042874,-0.9988209815422259,-0.9988209815422258,3.3306690738754696e-16,4.440892098500626e-16
rotation_037_case_01,B,34,0.17413961984687618,0.9525437013738587,-0.998820981542226,-0.9988209815422258,2.220446049250313e-16,4.440892098500626e-16
rotation_037_case_01,B,35,0.177495286903732,0.9572893312364728,-0.998820981542226,-0.9988209815422258,2.220446049250313e-16,4.440892098500626e-16
rotation_037_case_01,B,36,0.18051538725490227,0.9615603981128255,-0.998820981542226,-0.9988209815422258,2.220446049250313e-16,4.440892098500626e-16
rotation_037_case_01,B,37,0.18323347757095548,0.9654043583015429,-0.9988209815422259,-0.9988209815422258,3.3306690738754696e-16,4.440892098500626e-16
rotation_037_case_01,B,38,0.18567975885540344,0.9688639224713886,-0.9988209815422258,-0.9988209815422258,4.440892098500626e-16,4.440892098500626e-16
rotation_037_case_01,B,39,0.1878814120114066,0.9719775302242498,-0.9988209815422259,-0.9988209815422258,3.3306690738754696e-16,4.440892098500626e-16
rotation_037_case_01,B,40,0.18986289985180943,0.974779777201825,-0.9988209815422258,-0.9988209815422258,4.440892098500626e-16,4.440892098500626e-16
rotation_037_case_01,B,41,0.19164623890817187,0.9773017994816422,-0.9988209815422258,-0.9988209815422258,4.440892098500626e-16,4.440892098500626e-16
rotation_037_case_01,B,42,0.19325124405889818,0.979571619533478,-0.9988209815422258,-0.9988209815422258,4.440892098500626e-16,4.440892098500626e-16
rotation_037_case_01,B,43,0.19469574869455178,0.9816144575801303,-0.9988209815422258,-0.9988209815422258,4.440892098500626e-16,4.440892098500626e-16
rotation_037_case_01,B,44,0.19599580286664003,0.9834530118221171,-0.9988209815422258,-0.9988209815422258,4.440892098500626e-16,4.440892098500626e-16
rotation_037_case_01,B,45,0.19716585162151953,0.9851077106399054,-0.9988209815422258,-0.9988209815422258,4.440892098500626e-16,4.440892098500626e-16
rotation_037_case_01,B,46,0.19821889550091107,0.986596939575915,-0.9988209815422258,-0.9988209815422258,4.440892098500626e-16,4.440892098500626e-16
rotation_037_case_01,B,47,0.19916663499236342,0.9879372456183234,-0.9988209815422258,-0.9988209815422258,4.440892098500626e-16,4.440892098500626e-16
rotation_037_case_01,B,48,0.20001960053467055,0.9891435210564911,-0.9988209815422259,-0.9988209815422258,3.3306690738754696e-16,4.440892098500626e-16
rotation_037_case_01,B,49,0.200787269522747,0.9902291689508421,-0.9988209815422259,-0.9988209815422258,3.3306690738754696e-16,4.440892098500626e-16
rotation_037_case_01,B,50,0.20147817161201573,0.9912062520557577,-0.9988209815422259,-0.9988209815422258,3.3306690738754696e-16,4.440892098500626e-16
rotation_037_case_01,B,51,0.2020999834923576,0.992085626850182,-0.9988209815422259,-0.9988209815422258,3.3306690738754696e-16,4.440892098500626e-16
rotation_037_case_01,B,52,0.20265961418466533,0.9928770641651636,-0.9988209815422258,-0.9988209815422258,4.440892098500626e-16,4.440892098500626e-16
rotation_037_case_01,B,53,0.20316328180774226,0.9935893577486474,-0.9988209815422258,-0.9988209815422258,4.440892098500626e-16,4.440892098500626e-16
rotation_037_case_01,B,54,0.2036165826685115,0.9942304219737826,-0.9988209815422258,-0.9988209815422258,4.440892098500626e-16,4.440892098500626e-16
rotation_037_case_01,B,55,0.20402455344320378,0.9948073797764044,-0.9988209815422256,-0.9988209815422255,5.551115123125783e-16,6.661338147750939e-16
rotation_037_case_01,B,56,0.20439172714042686,0.9953266417987637,-0.9988209815422258,-0.9988209815422258,4.440892098500626e-16,4.440892098500626e-16
rotation_037_case_01,B,57,0.20472218346792764,0.9957939776188875,-0.9988209815422256,-0.9988209815422258,5.551115123125783e-16,4.440892098500626e-16
rotation_037_case_01,B,58,0.20501959416267834,0.9962145798569986,-0.9988209815422258,-0.9988209815422255,4.440892098500626e-16,6.661338147750939e-16
rotation_037_case_01,B,59,0.20528726378795398,0.9965931218712989,-0.9988209815422256,-0.9988209815422258,5.551115123125783e-16,4.440892098500626e-16
rotation_037_case_01,B,60,0.20552816645070204,0.9969338096841688,-0.9988209815422255,-0.9988209815422255,6.661338147750939e-16,6.661338147750939e-16
rotation_037_case_01,B,61,0.20574497884717535,0.997240428715752,-0.9988209815422256,-0.9988209815422255,5.551115123125783e-16,6.661338147750939e-16
rotation_037_case_01,B,62,0.20594011000400128,0.9975163858441768,-0.9988209815422258,-0.9988209815422258,4.440892098500626e-16,4.440892098500626e-16
rotation_037_case_01,B,63,0.2061157280451446,0.9977647472597593,-0.9988209815422256,-0.9988209815422258,5.551115123125783e-16,4.440892098500626e-16
rotation_037_case_01,B,64,0.2062737842821736,0.9979882725337833,-0.9988209815422256,-0.9988209815422258,5.551115123125783e-16,4.440892098500626e-16
rotation_037_case_02,A,1,0.1,0.07071067811865475,,,,
rotation_037_case_02,A,2,0.19,0.13435028842544403,,,,
rotation_037_case_02,A,3,0.271,0.1916259377015544,,,,
rotation_037_case_02,A,4,0.34390000000000004,0.24317402205005373,,,,
rotation_037_case_02,A,5,0.40951000000000004,0.28956729796370306,,,,
rotation_037_case_02,A,6,0.4685590000000001,0.3313212462859875,,,,
rotation_037_case_02,A,7,0.5217031000000001,0.3688997997760435,,,,
rotation_037_case_02,A,8,0.56953279,0.40272049791709386,,,,
rotation_037_case_02,A,9,0.6125795110000001,0.43315912624403924,,,,
rotation_037_case_02,A,10,0.6513215599000001,0.4605538917382901,,,,
rotation_037_case_02,A,11,0.6861894039100002,0.4852091806831158,,,,
rotation_037_case_02,A,12,0.7175704635190001,0.507398940733459,,,,
rotation_037_case_02,A,13,0.7458134171671,0.5273697247787679,,,,
rotation_037_case_02,A,14,0.7712320754503901,0.5453434304195458,,,,
rotation_037_case_02,A,15,0.7941088679053511,0.561519765496246,,,,
rotation_037_case_02,A,16,0.814697981114816,0.5760784670652761,,,,
rotation_037_case_02,A,17,0.8332281830033345,0.5891812984774032,,,,
rotation_037_case_02,A,18,0.8499053647030009,0.6009738467483177,,,,
rotation_037_case_02,A,19,0.8649148282327008,0.6115871401921407,,,,
rotation_037_case_02,A,20,0.8784233454094308,0.6211391042915814,,,,
rotation_037_case_02,A,21,0.8905810108684877,0.6297358719810779,,,,
rotation_037_case_02,A,22,0.901522909781639,0.6374729629016249,,,,
rotation_037_case_02,A,23,0.911370618803475,0.6444363447301172,,,,
rotation_037_case_02,A,24,0.9202335569231276,0.6507033883757602,,,,
rotation_037_case_02,A,25,0.9282102012308149,0.6563437276568389,,,,
rotation_037_case_02,A,26,0.9353891811077334,0.6614200330098098,,,,
rotation_037_case_02,A,27,0.9418502629969601,0.6659887078274835,,,,
rotation_037_case_02,A,28,0.9476652366972641,0.67010051516339,,,,
rotation_037_case_02,A,29,0.9528987130275377,0.6738011417657057,,,,
rotation_037_case_02,A,30,0.9576088417247839,0.6771317057077899,,,,
rotation_037_case_02,A,31,0.9618479575523055,0.6801292132556657,,,,
rotation_037_case_02,A,32,0.9656631617970749,0.6828269700487539,,,,
rotation_037_case_02,A,33,0.9690968456173674,0.6852549511625332,,,,
rotation_037_case_02,A,34,0.9721871610556306,0.6874401341649347,,,,
rotation_037_case_02,A,35,0.9749684449500676,0.6894067988670959,,,,
rotation_037_case_02,A,36,0.9774716004550608,0.691176797099041,,,,
rotation_037_case_02,A,37,0.9797244404095548,0.6927697955077917,,,,
rotation_037_case_02,A,38,0.9817519963685992,0.6942034940756673,,,,
rotation_037_case_02,A,39,0.9835767967317393,0.6954938227867553,,,,
rotation_037_case_02,A,40,0.9852191170585654,0.6966551186267345,,,,
rotation_037_case_02,A,41,0.9866972053527088,0.6977002848827157,,,,
rotation_037_case_02,A,42,0.988027484817438,0.6986409345130989,,,,
rotation_037_case_02,A,43,0.9892247363356941,0.6994875191804437,,,,
rotation_037_case_02,A,44,0.9903022627021247,0.7002494453810542,,,,
rotation_037_case_02,A,45,0.9912720364319123,0.7009351789616036,,,,
rotation_037_case_02,A,46,0.9921448327887211,0.701552339184098,,,,
rotation_037_case_02,A,47,0.9929303495098489,0.702107783384343,,,,
rotation_037_case_02,A,48,0.9936373145588641,0.7026076831645633,,,,
rotation_037_case_02,A,49,0.9942735831029776,0.7030575929667617,,,,
rotation_037_case_02,A,50,0.9948462247926799,0.7034625117887404,,,,
rotation_037_case_02,A,51,0.995361602313412,0.7038269387285212,,,,
rotation_037_case_02,A,52,0.9958254420820708,0.7041549229743238,,,,
rotation_037_case_02,A,53,0.9962428978738638,0.7044501087955461,,,,
rotation_037_case_02,A,54,0.9966186080864773,0.7047157760346463,,,,
rotation_037_case_02,A,55,0.9969567472778296,0.7049548765498364,,,,
rotation_037_case_02,A,56,0.9972610725500466,0.7051700670135075,,,,
rotation_037_case_02,A,57,0.997534965295042,0.7053637384308116,,,,
rotation_037_case_02,A,58,0.9977814687655377,0.7055380427063851,,,,
rotation_037_case_02,A,59,0.998003321888984,0.7056949165544014,,,,
rotation_037_case_02,A,60,0.9982029897000857,0.7058361030176161,,,,
rotation_037_case_02,A,61,0.998382690730077,0.7059631708345091,,,,
rotation_037_case_02,A,62,0.9985444216570694,0.706077531869713,,,,
rotation_037_case_02,A,63,0.9986899794913624,0.7061804568013965,,,,
rotation_037_case_02,A,64,0.9988209815422262,0.7062730892399116,,,,
rotation_037_case_02,B,1,0.8781692543464602,0.5356457803159205,0.9988209815422262,0.9988209815422262,0.0,0.0
rotation_037_case_02,B,2,0.7695826998702708,0.3820812022843284,0.9988209815422262,0.9988209815422262,0.0,0.0
rotation_037_case_02,B,3,0.6718548008417004,0.24387308205589564,0.9988209815422262,0.9988209815422262,0.0,0.0
rotation_037_case_02,B,4,0.5838996917159869,0.11948577385030609,0.9988209815422262,0.9988209815422262,0.0,0.0
rotation_037_case_02,B,5,0.5047400935028447,0.007537196465275453,0.9988209815422261,0.9988209815422262,1.1102230246251565e-16,0.0
rotation_037_case_02,B,6,0.43349645511101675,-0.09321652318125206,0.9988209815422262,0.9988209815422262,0.0,0.0
rotation_037_case_02,B,7,0.36937718055837165,-0.18389487086312686,0.9988209815422262,0.9988209815422262,0.0,0.0
rotation_037_case_02,B,8,0.31166983346099103,-0.26550538377681415,0.998820981542226,0.998820981542226,2.220446049250313e-16,2.220446049250313e-16
rotation_037_case_02,B,9,0.2597332210733484,-0.3389548453991328,0.998820981542226,0.998820981542226,2.220446049250313e-16,2.220446049250313e-16
rotation_037_case_02,B,10,0.21299026992447015,-0.4050593608592195,0.9988209815422261,0.9988209815422259,1.1102230246251565e-16,3.3306690738754696e-16
rotation_037_case_02,B,11,0.17092161389047966,-0.46455342477329753,0.998820981542226,0.998820981542226,2.220446049250313e-16,2.220446049250313e-16
rotation_037_case_02,B,12,0.13305982345988826,-0.5180980822959679,0.998820981542226,0.998820981542226,2.220446049250313e-16,2.220446049250313e-16
rotation_037_case_02,B,13,0.09898421207235597,-0.566288274066371,0.998820981542226,0.998820981542226,2.220446049250313e-16,2.220446049250313e-16
rotation_037_case_02,B,14,0.06831616182357686,-0.609659446659734,0.9988209815422261,0.998820981542226,1.1102230246251565e-16,2.220446049250313e-16
rotation_037_case_02,B,15,0.0407149165996758,-0.6486935019937605,0.998820981542226,0.998820981542226,2.220446049250313e-16,2.220446049250313e-16
rotation_037_case_02,B,16,0.015873795898164733,-0.6838241517943844,0.998820981542226,0.9988209815422259,2.220446049250313e-16,3.3306690738754696e-16
rotation_037_case_02,B,17,-0.006483212733195187,-0.715441736614946,0.998820981542226,0.9988209815422262,2.220446049250313e-16,0.0
rotation_037_case_02,B,18,-0.02660452050141915,-0.7438975629534514,0.998820981542226,0.998820981542226,2.220446049250313e-16,2.220446049250313e-16
rotation_037_case_02,B,19,-0.044713697492820725,-0.7695078066581064,0.998820981542226,0.9988209815422259,2.220446049250313e-16,3.3306690738754696e-16
rotation_037_case_02,B,20,-0.06101195678508209,-0.7925570259922957,0.998820981542226,0.9988209815422259,2.220446049250313e-16,3.3306690738754696e-16
rotation_037_case_02,B,21,-0.0756803901481174,-0.8133013233930662,0.998820981542226,0.998820981542226,2.220446049250313e-16,2.220446049250313e-16
rotation_037_case_02,B,22,-0.0888819801748491,-0.8319711910537597,0.998820981542226,0.998820981542226,2.220446049250313e-16,2.220446049250313e-16
rotation_037_case_02,B,23,-0.10076341119890758,-0.8487740719483836,0.998820981542226,0.998820981542226,2.220446049250313e-16,2.220446049250313e-16
rotation_037_case_02,B,24,-0.11145669912056022,-0.8638966647535452,0.9988209815422261,0.9988209815422259,1.1102230246251565e-16,3.3306690738754696e-16
rotation_037_case_02,B,25,-0.12108065825004771,-0.8775069982781906,0.9988209815422261,0.9988209815422258,1.1102230246251565e-16,4.440892098500626e-16
rotation_037_case_02,B,26,-0.12974222146658637,-0.8897562984503716,0.998820981542226,0.9988209815422258,2.220446049250313e-16,4.440892098500626e-16
rotation_037_case_02,B,27,-0.13753762836147115,-0.9007806686053343,0.998820981542226,0.998820981542226,2.220446049250313e-16,2.220446049250313e-16
rotation_037_case_02,B,28,-0.14455349456686745,-0.9107026017448009,0.9988209815422259,0.9988209815422258,3.3306690738754696e-16,4.440892098500626e-16
rotation_037_case_02,B,29,-0.1508677741517242,-0.9196323415703207,0.998820981542226,0.9988209815422258,2.220446049250313e-16,4.440892098500626e-16
rotation_037_case_02,B,30,-0.15655062577809525,-0.9276691074132889,0.998820981542226,0.9988209815422258,2.220446049250313e-16,4.440892098500626e-16
rotation_037_case_02,B,31,-0.16166519224182913,-0.93490219667196,0.9988209815422259,0.998820981542226,3.3306690738754696e-16,2.220446049250313e-16
rotation_037_case_02,B,32,-0.16626830205918966,-0.9414119770047638,0.998820981542226,0.9988209815422259,2.220446049250313e-16,3.3306690738754696e-16
rotation_037_case_02,B,33,-0.1704111008948141,-0.9472707793042874,0.9988209815422259,0.9988209815422258,3.3306690738754696e-16,4.440892098500626e-16
rotation_037_case_02,B,34,-0.17413961984687618,-0.9525437013738587,0.998820981542226,0.9988209815422258,2.220446049250313e-16,4.440892098500626e-16
rotation_037_case_02,B,35,-0.177495286903732,-0.9572893312364728,0.998820981542226,0.9988209815422258,2.220446049250313e-16,4.440892098500626e-16
rotation_037_case_02,B,36,-0.18051538725490227,-0.9615603981128255,0.998820981542226,0.9988209815422258,2.220446049250313e-16,4.440892098500626e-16
rotation_037_case_02,B,37,-0.18323347757095548,-0.9654043583015429,0.9988209815422259,0.9988209815422258,3.3306690738754696e-16,4.440892098500626e-16
rotation_037_case_02,B,38,-0.18567975885540344,-0.9688639224713886,0.9988209815422258,0.9988209815422258,4.440892098500626e-16,4.440892098500626e-16
rotation_037_case_02,B,39,-0.1878814120114066,-0.9719775302242498,0.9988209815422259,0.9988209815422258,3.3306690738754696e-16,4.440892098500626e-16
rotation_037_case_02,B,40,-0.18986289985180943,-0.974779777201825,0.9988209815422258,0.9988209815422258,4.440892098500626e-16,4.440892098500626e-16
rotation_037_case_02,B,41,-0.19164623890817187,-0.9773017994816422,0.9988209815422258,0.9988209815422258,4.440892098500626e-16,4.440892098500626e-16
rotation_037_case_02,B,42,-0.19325124405889818,-0.979571619533478,0.9988209815422258,0.9988209815422258,4.440892098500626e-16,4.440892098500626e-16
rotation_037_case_02,B,43,-0.19469574869455178,-0.9816144575801303,0.9988209815422258,0.9988209815422258,4.440892098500626e-16,4.440892098500626e-16
rotation_037_case_02,B,44,-0.19599580286664003,-0.9834530118221171,0.9988209815422258,0.9988209815422258,4.440892098500626e-16,4.440892098500626e-16
rotation_037_case_02,B,45,-0.19716585162151953,-0.9851077106399054,0.9988209815422258,0.9988209815422258,4.440892098500626e-16,4.440892098500626e-16
rotation_037_case_02,B,46,-0.19821889550091107,-0.986596939575915,0.9988209815422258,0.9988209815422258,4.440892098500626e-16,4.440892098500626e-16
rotation_037_case_02,B,47,-0.19916663499236342,-0.9879372456183234,0.9988209815422258,0.9988209815422258,4.440892098500626e-16,4.440892098500626e-16
rotation_037_case_02,B,48,-0.20001960053467055,-0.9891435210564911,0.9988209815422259,0.9988209815422258,3.3306690738754696e-16,4.440892098500626e-16
rotation_037_case_02,B,49,-0.200787269522747,-0.9902291689508421,0.9988209815422259,0.9988209815422258,3.3306690738754696e-16,4.440892098500626e-16
rotation_037_case_02,B,50,-0.20147817161201573,-0.9912062520557577,0.9988209815422259,0.9988209815422258,3.3306690738754696e-16,4.440892098500626e-16
rotation_037_case_02,B,51,-0.2020999834923576,-0.992085626850182,0.9988209815422259,0.9988209815422258,3.3306690738754696e-16,4.440892098500626e-16
rotation_037_case_02,B,52,-0.20265961418466533,-0.9928770641651636,0.9988209815422258,0.9988209815422258,4.440892098500626e-16,4.440892098500626e-16
rotation_037_case_02,B,53,-0.20316328180774226,-0.9935893577486474,0.9988209815422258,0.9988209815422258,4.440892098500626e-16,4.440892098500626e-16
rotation_037_case_02,B,54,-0.2036165826685115,-0.9942304219737826,0.9988209815422258,0.9988209815422258,4.440892098500626e-16,4.440892098500626e-16
rotation_037_case_02,B,55,-0.20402455344320378,-0.9948073797764044,0.9988209815422256,0.9988209815422255,5.551115123125783e-16,6.661338147750939e-16
rotation_037_case_02,B,56,-0.20439172714042686,-0.9953266417987637,0.9988209815422258,0.9988209815422258,4.440892098500626e-16,4.440892098500626e-16
rotation_037_case_02,B,57,-0.20472218346792764,-0.9957939776188875,0.9988209815422256,0.9988209815422258,5.551115123125783e-16,4.440892098500626e-16
rotation_037_case_02,B,58,-0.20501959416267834,-0.9962145798569986,0.9988209815422258,0.9988209815422255,4.440892098500626e-16,6.661338147750939e-16
rotation_037_case_02,B,59,-0.20528726378795398,-0.9965931218712989,0.9988209815422256,0.9988209815422258,5.551115123125783e-16,4.440892098500626e-16
rotation_037_case_02,B,60,-0.20552816645070204,-0.9969338096841688,0.9988209815422255,0.9988209815422255,6.661338147750939e-16,6.661338147750939e-16
rotation_037_case_02,B,61,-0.20574497884717535,-0.997240428715752,0.9988209815422256,0.9988209815422255,5.551115123125783e-16,6.661338147750939e-16
rotation_037_case_02,B,62,-0.20594011000400128,-0.9975163858441768,0.9988209815422258,0.9988209815422258,4.440892098500626e-16,4.440892098500626e-16
rotation_037_case_02,B,63,-0.2061157280451446,-0.9977647472597593,0.9988209815422256,0.9988209815422258,5.551115123125783e-16,4.440892098500626e-16
rotation_037_case_02,B,64,-0.2062737842821736,-0.9979882725337833,0.9988209815422256,0.9988209815422258,5.551115123125783e-16,4.440892098500626e-16
rotation_037_case_03,A,1,0.1,0.07071067811865475,,,,
rotation_037_case_03,A,2,0.19,0.13435028842544403,,,,
rotation_037_case_03,A,3,0.271,0.1916259377015544,,,,
rotation_037_case_03,A,4,0.34390000000000004,0.24317402205005373,,,,
rotation_037_case_03,A,5,0.40951000000000004,0.28956729796370306,,,,
rotation_037_case_03,A,6,0.4685590000000001,0.3313212462859875,,,,
rotation_037_case_03,A,7,0.5217031000000001,0.3688997997760435,,,,
rotation_037_case_03,A,8,0.56953279,0.40272049791709386,,,,
rotation_037_case_03,A,9,0.6125795110000001,0.43315912624403924,,,,
rotation_037_case_03,A,10,0.6513215599000001,0.4605538917382901,,,,
rotation_037_case_03,A,11,0.6861894039100002,0.4852091806831158,,,,
rotation_037_case_03,A,12,0.7175704635190001,0.507398940733459,,,,
rotation_037_case_03,A,13,0.7458134171671,0.5273697247787679,,,,
rotation_037_case_03,A,14,0.7712320754503901,0.5453434304195458,,,,
rotation_037_case_03,A,15,0.7941088679053511,0.561519765496246,,,,
rotation_037_case_03,A,16,0.814697981114816,0.5760784670652761,,,,
rotation_037_case_03,A,17,0.8332281830033345,0.5891812984774032,,,,
rotation_037_case_03,A,18,0.8499053647030009,0.6009738467483177,,,,
rotation_037_case_03,A,19,0.8649148282327008,0.6115871401921407,,,,
rotation_037_case_03,A,20,0.8784233454094308,0.6211391042915814,,,,
rotation_037_case_03,A,21,0.8905810108684877,0.6297358719810779,,,,
rotation_037_case_03,A,22,0.901522909781639,0.6374729629016249,,,,
rotation_037_case_03,A,23,0.911370618803475,0.6444363447301172,,,,
rotation_037_case_03,A,24,0.9202335569231276,0.6507033883757602,,,,
rotation_037_case_03,A,25,0.9282102012308149,0.6563437276568389,,,,
rotation_037_case_03,A,26,0.9353891811077334,0.6614200330098098,,,,
rotation_037_case_03,A,27,0.9418502629969601,0.6659887078274835,,,,
rotation_037_case_03,A,28,0.9476652366972641,0.67010051516339,,,,
rotation_037_case_03,A,29,0.9528987130275377,0.6738011417657057,,,,
rotation_037_case_03,A,30,0.9576088417247839,0.6771317057077899,,,,
rotation_037_case_03,A,31,0.9618479575523055,0.6801292132556657,,,,
rotation_037_case_03,A,32,0.9656631617970749,0.6828269700487539,,,,
rotation_037_case_03,A,33,0.9690968456173674,0.6852549511625332,,,,
rotation_037_case_03,A,34,0.9721871610556306,0.6874401341649347,,,,
rotation_037_case_03,A,35,0.9749684449500676,0.6894067988670959,,,,
rotation_037_case_03,A,36,0.9774716004550608,0.691176797099041,,,,
rotation_037_case_03,A,37,0.9797244404095548,0.6927697955077917,,,,
rotation_037_case_03,A,38,0.9817519963685992,0.6942034940756673,,,,
rotation_037_case_03,A,39,0.9835767967317393,0.6954938227867553,,,,
rotation_037_case_03,A,40,0.9852191170585654,0.6966551186267345,,,,
rotation_037_case_03,A,41,0.9866972053527088,0.6977002848827157,,,,
rotation_037_case_03,A,42,0.988027484817438,0.6986409345130989,,,,
rotation_037_case_03,A,43,0.9892247363356941,0.6994875191804437,,,,
rotation_037_case_03,A,44,0.9903022627021247,0.7002494453810542,,,,
rotation_037_case_03,A,45,0.9912720364319123,0.7009351789616036,,,,
rotation_037_case_03,A,46,0.9921448327887211,0.701552339184098,,,,
rotation_037_case_03,A,47,0.9929303495098489,0.702107783384343,,,,
rotation_037_case_03,A,48,0.9936373145588641,0.7026076831645633,,,,
rotation_037_case_03,A,49,0.9942735831029776,0.7030575929667617,,,,
rotation_037_case_03,A,50,0.9948462247926799,0.7034625117887404,,,,
rotation_037_case_03,A,51,0.995361602313412,0.7038269387285212,,,,
rotation_037_case_03,A,52,0.9958254420820708,0.7041549229743238,,,,
rotation_037_case_03,A,53,0.9962428978738638,0.7044501087955461,,,,
rotation_037_case_03,A,54,0.9966186080864773,0.7047157760346463,,,,
rotation_037_case_03,A,55,0.9969567472778296,0.7049548765498364,,,,
rotation_037_case_03,A,56,0.9972610725500466,0.7051700670135075,,,,
rotation_037_case_03,A,57,0.997534965295042,0.7053637384308116,,,,
rotation_037_case_03,A,58,0.9977814687655377,0.7055380427063851,,,,
rotation_037_case_03,A,59,0.998003321888984,0.7056949165544014,,,,
rotation_037_case_03,A,60,0.9982029897000857,0.7058361030176161,,,,
rotation_037_case_03,A,61,0.998382690730077,0.7059631708345091,,,,
rotation_037_case_03,A,62,0.9985444216570694,0.706077531869713,,,,
rotation_037_case_03,A,63,0.9986899794913624,0.7061804568013965,,,,
rotation_037_case_03,A,64,0.9988209815422262,0.7062730892399116,,,,
rotation_037_case_03,B,1,1.0195906105837698,0.7356457803159204,0.9988209815422262,0.9988209815422262,0.0,0.0
rotation_037_case_03,B,2,1.0382832767211587,0.7620812022843284,0.9988209815422262,0.9988209815422262,0.0,0.0
rotation_037_case_03,B,3,1.055106676244809,0.7858730820558957,0.9988209815422262,0.9988209815422262,0.0,0.0
rotation_037_case_03,B,4,1.070247735816094,0.8072857738503061,0.998820981542226,0.998820981542226,2.220446049250313e-16,2.220446049250313e-16
rotation_037_case_03,B,5,1.083874689430251,0.8265571964652755,0.9988209815422262,0.9988209815422262,0.0,0.0
rotation_037_case_03,B,6,1.0961389476829917,0.8439014768187479,0.998820981542226,0.998820981542226,2.220446049250313e-16,2.220446049250313e-16
rotation_037_case_03,B,7,1.1071767801104586,0.8595113291368731,0.998820981542226,0.998820981542226,2.220446049250313e-16,2.220446049250313e-16
rotation_037_case_03,B,8,1.117110829295179,0.8735601962231858,0.9988209815422261,0.9988209815422262,1.1102230246251565e-16,0.0
rotation_037_case_03,B,9,1.126051473561427,0.8862041766008673,0.998820981542226,0.9988209815422262,2.220446049250313e-16,0.0
rotation_037_case_03,B,10,1.1340980534010505,0.8975837589407805,0.998820981542226,0.9988209815422262,2.220446049250313e-16,0.0
rotation_037_case_03,B,11,1.1413399752567113,0.9078253830467025,0.998820981542226,0.9988209815422259,2.220446049250313e-16,3.3306690738754696e-16
rotation_037_case_03,B,12,1.1478577049268062,0.9170428447420322,0.998820981542226,0.9988209815422259,2.220446049250313e-16,3.3306690738754696e-16
rotation_037_case_03,B,13,1.1537236616298916,0.925338560267829,0.998820981542226,0.9988209815422259,2.220446049250313e-16,3.3306690738754696e-16
rotation_037_case_03,B,14,1.1590030226626686,0.9328047042410461,0.9988209815422262,0.9988209815422262,0.0,0.0
rotation_037_case_03,B,15,1.163754447592168,0.9395242338169415,0.9988209815422261,0.9988209815422262,1.1102230246251565e-16,0.0
rotation_037_case_03,B,16,1.1680307300287172,0.9455718104352473,0.9988209815422261,0.9988209815422262,1.1102230246251565e-16,0.0
rotation_037_case_03,B,17,1.1718793842216115,0.9510146293917225,0.9988209815422262,0.9988209815422262,0.0,0.0
rotation_037_case_03,B,18,1.1753431729952166,0.9559131664525504,0.9988209815422262,0.9988209815422264,0.0,2.220446049250313e-16
rotation_037_case_03,B,19,1.1784605828914612,0.9603218498072954,0.9988209815422264,0.9988209815422265,2.220446049250313e-16,3.3306690738754696e-16
rotation_037_case_03,B,20,1.181266251798081,0.9642896648265659,0.9988209815422263,0.9988209815422264,1.1102230246251565e-16,2.220446049250313e-16
rotation_037_case_03,B,21,1.183791353814039,0.9678606983439093,0.9988209815422263,0.9988209815422264,1.1102230246251565e-16,2.220446049250313e-16
rotation_037_case_03,B,22,1.1860639456284012,0.9710746285095184,0.9988209815422264,0.9988209815422264,2.220446049250313e-16,2.220446049250313e-16
rotation_037_case_03,B,23,1.1881092782613272,0.9739671656585667,0.9988209815422262,0.9988209815422262,0.0,0.0
rotation_037_case_03,B,24,1.1899500776309604,0.97657044909271,0.9988209815422261,0.9988209815422262,1.1102230246251565e-16,0.0
rotation_037_case_03,B,25,1.1916067970636304,0.9789134041834389,0.9988209815422261,0.998820981542226,1.1102230246251565e-16,2.220446049250313e-16
rotation_037_case_03,B,26,1.1930978445530334,0.981022063765095,0.998820981542226,0.998820981542226,2.220446049250313e-16,2.220446049250313e-16
rotation_037_case_03,B,27,1.1944397872934962,0.9829198573885856,0.998820981542226,0.9988209815422262,2.220446049250313e-16,0.0
rotation_037_case_03,B,28,1.1956475357599126,0.984627871649727,0.998820981542226,0.998820981542226,2.220446049250313e-16,2.220446049250313e-16
rotation_037_case_03,B,29,1.1967345093796875,0.9861650844847543,0.998820981542226,0.9988209815422262,2.220446049250313e-16,0.0
rotation_037_case_03,B,30,1.1977127856374847,0.9875485760362789,0.9988209815422259,0.998820981542226,3.3306690738754696e-16,2.220446049250313e-16
rotation_037_case_03,B,31,1.1985932342695023,0.988793718432651,0.998820981542226,0.998820981542226,2.220446049250313e-16,2.220446049250313e-16
rotation_037_case_03,B,32,1.1993856380383183,0.989914346589386,0.998820981542226,0.9988209815422262,2.220446049250313e-16,0.0
rotation_037_case_03,B,33,1.2000988014302525,0.9909229119304475,0.9988209815422262,0.9988209815422262,0.0,0.0
rotation_037_case_03,B,34,1.2007406484829932,0.9918306207374026,0.9988209815422262,0.9988209815422262,0.0,0.0
rotation_037_case_03,B,35,1.2013183108304601,0.9926475586636625,0.9988209815422263,0.9988209815422265,1.1102230246251565e-16,3.3306690738754696e-16
rotation_037_case_03,B,36,1.2018382069431803,0.9933828027972962,0.9988209815422264,0.9988209815422265,2.220446049250313e-16,3.3306690738754696e-16
rotation_037_case_03,B,37,1.2023061134446285,0.9940445225175667,0.9988209815422264,0.9988209815422266,2.220446049250313e-16,4.440892098500626e-16
rotation_037_case_03,B,38,1.2027272292959315,0.9946400702658099,0.9988209815422262,0.9988209815422262,0.0,0.0
rotation_037_case_03,B,39,1.2031062335621046,0.995176063239229,0.9988209815422264,0.9988209815422265,2.220446049250313e-16,3.3306690738754696e-16
rotation_037_case_03,B,40,1.2034473374016603,0.9956584569153062,0.9988209815422264,0.9988209815422266,2.220446049250313e-16,4.440892098500626e-16
rotation_037_case_03,B,41,1.2037543308572602,0.9960926112237756,0.9988209815422263,0.9988209815422265,1.1102230246251565e-16,3.3306690738754696e-16
rotation_037_case_03,B,42,1.2040306249673003,0.996483350101398,0.9988209815422262,0.9988209815422262,0.0,0.0
rotation_037_case_03,B,43,1.2042792896663363,0.9968350150912582,0.9988209815422264,0.9988209815422265,2.220446049250313e-16,3.3306690738754696e-16
rotation_037_case_03,B,44,1.204503087895469,0.9971515135821325,0.9988209815422264,0.9988209815422268,2.220446049250313e-16,5.551115123125783e-16
rotation_037_case_03,B,45,1.2047045063016881,0.9974363622239193,0.9988209815422264,0.9988209815422266,2.220446049250313e-16,4.440892098500626e-16
rotation_037_case_03,B,46,1.2048857828672854,0.9976927260015273,0.9988209815422266,0.9988209815422266,4.440892098500626e-16,4.440892098500626e-16
rotation_037_case_03,B,47,1.2050489317763229,0.9979234534013746,0.9988209815422266,0.9988209815422266,4.440892098500626e-16,4.440892098500626e-16
rotation_037_case_03,B,48,1.205195765794457,0.9981311080612371,0.9988209815422268,0.9988209815422271,5.551115123125783e-16,8.881784197001252e-16
rotation_037_case_03,B,49,1.2053279164107773,0.9983179972551133,0.9988209815422268,0.9988209815422271,5.551115123125783e-16,8.881784197001252e-16
rotation_037_case_03,B,50,1.2054468519654655,0.998486197529602,0.9988209815422266,0.9988209815422268,4.440892098500626e-16,5.551115123125783e-16
rotation_037_case_03,B,51,1.2055538939646853,0.9986375777766419,0.9988209815422269,0.9988209815422271,6.661338147750939e-16,8.881784197001252e-16
rotation_037_case_03,B,52,1.2056502317639828,0.9987738199989776,0.998820981542227,0.9988209815422271,7.771561172376096e-16,8.881784197001252e-16
rotation_037_case_03,B,53,1.2057369357833507,0.9988964379990799,0.9988209815422271,0.9988209815422273,8.881784197001252e-16,1.1102230246251565e-15
rotation_037_case_03,B,54,1.2058149694007818,0.9990067941991719,0.998820981542227,0.9988209815422273,7.771561172376096e-16,1.1102230246251565e-15
rotation_037_case_03,B,55,1.2058851996564697,0.9991061147792547,0.998820981542227,0.9988209815422273,7.771561172376096e-16,1.1102230246251565e-15
rotation_037_case_03,B,56,1.2059484068865889,0.9991955033013292,0.9988209815422271,0.9988209815422273,8.881784197001252e-16,1.1102230246251565e-15
rotation_037_case_03,B,57,1.2060052933936962,0.9992759529711963,0.9988209815422271,0.9988209815422274,8.881784197001252e-16,1.2212453270876722e-15
rotation_037_case_03,B,58,1.2060564912500926,0.9993483576740767,0.9988209815422271,0.9988209815422273,8.881784197001252e-16,1.1102230246251565e-15
rotation_037_case_03,B,59,1.2061025693208494,0.999413521906669,0.998820981542227,0.9988209815422271,7.771561172376096e-16,8.881784197001252e-16
rotation_037_case_03,B,60,1.2061440395845306,0.9994721697160021,0.998820981542227,0.9988209815422273,7.771561172376096e-16,1.1102230246251565e-15
rotation_037_case_03,B,61,1.2061813628218436,0.9995249527444019,0.9988209815422271,0.9988209815422273,8.881784197001252e-16,1.1102230246251565e-15
rotation_037_case_03,B,62,1.2062149537354252,0.9995724574699617,0.998820981542227,0.9988209815422271,7.771561172376096e-16,8.881784197001252e-16
rotation_037_case_03,B,63,1.206245185557649,0.9996152117229655,0.998820981542227,0.9988209815422271,7.771561172376096e-16,8.881784197001252e-16
rotation_037_case_03,B,64,1.2062723941976503,0.999653690550669,0.9988209815422271,0.9988209815422273,8.881784197001252e-16,1.1102230246251565e-15
rotation_037_case_04,A,1,-0.1,0.0,,,,
rotation_037_case_04,A,2,-0.19,0.0,,,,
rotation_037_case_04,A,3,-0.271,0.0,,,,
rotation_037_case_04,A,4,-0.34390000000000004,0.0,,,,
rotation_037_case_04,A,5,-0.40951000000000004,2.7755575615628914e-17,,,,
rotation_037_case_04,A,6,-0.4685590000000001,2.7755575615628914e-17,,,,
rotation_037_case_04,A,7,-0.5217031000000001,2.7755575615628914e-17,,,,
rotation_037_case_04,A,8,-0.56953279,2.7755575615628914e-17,,,,
rotation_037_case_04,A,9,-0.6125795110000001,2.7755575615628914e-17,,,,
rotation_037_case_04,A,10,-0.6513215599000001,2.7755575615628914e-17,,,,
rotation_037_case_04,A,11,-0.6861894039100002,5.551115123125783e-17,,,,
rotation_037_case_04,A,12,-0.7175704635190001,5.551115123125783e-17,,,,
rotation_037_case_04,A,13,-0.7458134171671,5.551115123125783e-17,,,,
rotation_037_case_04,A,14,-0.7712320754503901,0.0,,,,
rotation_037_case_04,A,15,-0.7941088679053511,5.551115123125783e-17,,,,
rotation_037_case_04,A,16,-0.814697981114816,5.551115123125783e-17,,,,
rotation_037_case_04,A,17,-0.8332281830033345,0.0,,,,
rotation_037_case_04,A,18,-0.8499053647030009,0.0,,,,
rotation_037_case_04,A,19,-0.8649148282327008,-5.551115123125783e-17,,,,
rotation_037_case_04,A,20,-0.8784233454094308,0.0,,,,
rotation_037_case_04,A,21,-0.8905810108684877,0.0,,,,
rotation_037_case_04,A,22,-0.901522909781639,0.0,,,,
rotation_037_case_04,A,23,-0.911370618803475,0.0,,,,
rotation_037_case_04,A,24,-0.9202335569231276,0.0,,,,
rotation_037_case_04,A,25,-0.9282102012308149,0.0,,,,
rotation_037_case_04,A,26,-0.9353891811077334,0.0,,,,
rotation_037_case_04,A,27,-0.9418502629969601,0.0,,,,
rotation_037_case_04,A,28,-0.9476652366972641,0.0,,,,
rotation_037_case_04,A,29,-0.9528987130275377,0.0,,,,
rotation_037_case_04,A,30,-0.9576088417247839,-5.551115123125783e-17,,,,
rotation_037_case_04,A,31,-0.9618479575523055,-5.551115123125783e-17,,,,
rotation_037_case_04,A,32,-0.9656631617970749,-1.1102230246251565e-16,,,,
rotation_037_case_04,A,33,-0.9690968456173674,-5.551115123125783e-17,,,,
rotation_037_case_04,A,34,-0.9721871610556306,-5.551115123125783e-17,,,,
rotation_037_case_04,A,35,-0.9749684449500676,-5.551115123125783e-17,,,,
rotation_037_case_04,A,36,-0.9774716004550608,-5.551115123125783e-17,,,,
rotation_037_case_04,A,37,-0.9797244404095548,-1.1102230246251565e-16,,,,
rotation_037_case_04,A,38,-0.9817519963685992,-1.1102230246251565e-16,,,,
rotation_037_case_04,A,39,-0.9835767967317393,-1.1102230246251565e-16,,,,
rotation_037_case_04,A,40,-0.9852191170585654,-1.1102230246251565e-16,,,,
rotation_037_case_04,A,41,-0.9866972053527088,-5.551115123125783e-17,,,,
rotation_037_case_04,A,42,-0.988027484817438,-1.6653345369377348e-16,,,,
rotation_037_case_04,A,43,-0.9892247363356941,-1.1102230246251565e-16,,,,
rotation_037_case_04,A,44,-0.9903022627021247,-1.1102230246251565e-16,,,,
rotation_037_case_04,A,45,-0.9912720364319123,-1.6653345369377348e-16,,,,
rotation_037_case_04,A,46,-0.9921448327887211,-1.1102230246251565e-16,,,,
rotation_037_case_04,A,47,-0.9929303495098489,-1.6653345369377348e-16,,,,
rotation_037_case_04,A,48,-0.9936373145588641,-1.1102230246251565e-16,,,,
rotation_037_case_04,A,49,-0.9942735831029776,-1.1102230246251565e-16,,,,
rotation_037_case_04,A,50,-0.9948462247926799,-1.6653345369377348e-16,,,,
rotation_037_case_04,A,51,-0.995361602313412,-1.6653345369377348e-16,,,,
rotation_037_case_04,A,52,-0.9958254420820708,-1.6653345369377348e-16,,,,
rotation_037_case_04,A,53,-0.9962428978738638,-1.1102230246251565e-16,,,,
rotation_037_case_04,A,54,-0.9966186080864773,-1.1102230246251565e-16,,,,
rotation_037_case_04,A,55,-0.9969567472778296,-1.6653345369377348e-16,,,,
rotation_037_case_04,A,56,-0.9972610725500466,-1.1102230246251565e-16,,,,
rotation_037_case_04,A,57,-0.997534965295042,-1.1102230246251565e-16,,,,
rotation_037_case_04,A,58,-0.9977814687655377,-1.1102230246251565e-16,,,,
rotation_037_case_04,A,59,-0.998003321888984,-1.6653345369377348e-16,,,,
rotation_037_case_04,A,60,-0.9982029897000857,-1.6653345369377348e-16,,,,
rotation_037_case_04,A,61,-0.998382690730077,-2.220446049250313e-16,,,,
rotation_037_case_04,A,62,-0.9985444216570694,-1.6653345369377348e-16,,,,
rotation_037_case_04,A,63,-0.9986899794913624,-1.6653345369377348e-16,,,,
rotation_037_case_04,A,64,-0.9988209815422262,-1.1102230246251565e-16,,,,
rotation_037_case_04,B,1,-0.9988209815422262,-0.10000000000000014,-0.9988209815422262,-0.9988209815422262,0.0,0.0
rotation_037_case_04,B,2,-0.9988209815422262,-0.19000000000000006,-0.9988209815422262,-0.9988209815422262,0.0,0.0
rotation_037_case_04,B,3,-0.9988209815422262,-0.2710000000000001,-0.9988209815422262,-0.9988209815422262,0.0,0.0
rotation_037_case_04,B,4,-0.9988209815422263,-0.34390000000000015,-0.9988209815422263,-0.9988209815422264,1.1102230246251565e-16,2.220446049250313e-16
rotation_037_case_04,B,5,-0.9988209815422263,-0.40951000000000004,-0.9988209815422263,-0.9988209815422264,1.1102230246251565e-16,2.220446049250313e-16
rotation_037_case_04,B,6,-0.9988209815422262,-0.46855900000000006,-0.9988209815422262,-0.9988209815422262,0.0,0.0
rotation_037_case_04,B,7,-0.9988209815422262,-0.5217031000000001,-0.9988209815422262,-0.9988209815422262,0.0,0.0
rotation_037_case_04,B,8,-0.9988209815422262,-0.56953279,-0.9988209815422262,-0.9988209815422262,0.0,0.0
rotation_037_case_04,B,9,-0.9988209815422263,-0.6125795110000001,-0.9988209815422263,-0.9988209815422264,1.1102230246251565e-16,2.220446049250313e-16
rotation_037_case_04,B,10,-0.9988209815422264,-0.6513215599000002,-0.9988209815422264,-0.9988209815422265,2.220446049250313e-16,3.3306690738754696e-16
rotation_037_case_04,B,11,-0.9988209815422264,-0.6861894039100002,-0.9988209815422264,-0.9988209815422265,2.220446049250313e-16,3.3306690738754696e-16
rotation_037_case_04,B,12,-0.9988209815422264,-0.7175704635190001,-0.9988209815422264,-0.9988209815422265,2.220446049250313e-16,3.3306690738754696e-16
rotation_037_case_04,B,13,-0.9988209815422262,-0.7458134171671001,-0.9988209815422262,-0.9988209815422262,0.0,0.0
rotation_037_case_04,B,14,-0.9988209815422263,-0.7712320754503901,-0.9988209815422263,-0.9988209815422264,1.1102230246251565e-16,2.220446049250313e-16
rotation_037_case_04,B,15,-0.9988209815422264,-0.7941088679053511,-0.9988209815422264,-0.9988209815422265,2.220446049250313e-16,3.3306690738754696e-16
rotation_037_case_04,B,16,-0.9988209815422264,-0.8146979811148161,-0.9988209815422264,-0.9988209815422265,2.220446049250313e-16,3.3306690738754696e-16
rotation_037_case_04,B,17,-0.9988209815422264,-0.8332281830033343,-0.9988209815422264,-0.9988209815422265,2.220446049250313e-16,3.3306690738754696e-16
rotation_037_case_04,B,18,-0.9988209815422264,-0.849905364703001,-0.9988209815422264,-0.9988209815422265,2.220446049250313e-16,3.3306690738754696e-16
rotation_037_case_04,B,19,-0.9988209815422264,-0.8649148282327012,-0.9988209815422264,-0.9988209815422265,2.220446049250313e-16,3.3306690738754696e-16
rotation_037_case_04,B,20,-0.9988209815422264,-0.8784233454094311,-0.9988209815422264,-0.9988209815422265,2.220446049250313e-16,3.3306690738754696e-16
rotation_037_case_04,B,21,-0.9988209815422264,-0.890581010868488,-0.9988209815422264,-0.9988209815422265,2.220446049250313e-16,3.3306690738754696e-16
rotation_037_case_04,B,22,-0.9988209815422264,-0.901522909781639,-0.9988209815422264,-0.9988209815422265,2.220446049250313e-16,3.3306690738754696e-16
rotation_037_case_04,B,23,-0.9988209815422264,-0.9113706188034749,-0.9988209815422264,-0.9988209815422265,2.220446049250313e-16,3.3306690738754696e-16
rotation_037_case_04,B,24,-0.9988209815422264,-0.9202335569231275,-0.9988209815422264,-0.9988209815422265,2.220446049250313e-16,3.3306690738754696e-16
rotation_037_case_04,B,25,-0.9988209815422263,-0.928210201230815,-0.9988209815422263,-0.9988209815422264,1.1102230246251565e-16,2.220446049250313e-16
rotation_037_case_04,B,26,-0.9988209815422263,-0.9353891811077334,-0.9988209815422263,-0.9988209815422264,1.1102230246251565e-16,2.220446049250313e-16
rotation_037_case_04,B,27,-0.9988209815422264,-0.9418502629969601,-0.9988209815422264,-0.9988209815422265,2.220446049250313e-16,3.3306690738754696e-16
rotation_037_case_04,B,28,-0.9988209815422264,-0.9476652366972641,-0.9988209815422264,-0.9988209815422265,2.220446049250313e-16,3.3306690738754696e-16
rotation_037_case_04,B,29,-0.9988209815422264,-0.9528987130275378,-0.9988209815422264,-0.9988209815422265,2.220446049250313e-16,3.3306690738754696e-16
rotation_037_case_04,B,30,-0.9988209815422263,-0.9576088417247839,-0.9988209815422263,-0.9988209815422264,1.1102230246251565e-16,2.220446049250313e-16
rotation_037_case_04,B,31,-0.9988209815422264,-0.9618479575523055,-0.9988209815422264,-0.9988209815422265,2.220446049250313e-16,3.3306690738754696e-16
rotation_037_case_04,B,32,-0.9988209815422263,-0.9656631617970748,-0.9988209815422263,-0.9988209815422264,1.1102230246251565e-16,2.220446049250313e-16
rotation_037_case_04,B,33,-0.9988209815422262,-0.9690968456173674,-0.9988209815422262,-0.9988209815422262,0.0,0.0
rotation_037_case_04,B,34,-0.9988209815422262,-0.9721871610556307,-0.9988209815422262,-0.9988209815422262,0.0,0.0
rotation_037_case_04,B,35,-0.9988209815422262,-0.9749684449500677,-0.9988209815422262,-0.9988209815422262,0.0,0.0
rotation_037_case_04,B,36,-0.9988209815422263,-0.977471600455061,-0.9988209815422263,-0.9988209815422264,1.1102230246251565e-16,2.220446049250313e-16
rotation_037_case_04,B,37,-0.9988209815422264,-0.9797244404095549,-0.9988209815422264,-0.9988209815422265,2.220446049250313e-16,3.3306690738754696e-16
rotation_037_case_04,B,38,-0.9988209815422264,-0.9817519963685994,-0.9988209815422264,-0.9988209815422265,2.220446049250313e-16,3.3306690738754696e-16
rotation_037_case_04,B,39,-0.9988209815422264,-0.9835767967317395,-0.9988209815422264,-0.9988209815422265,2.220446049250313e-16,3.3306690738754696e-16
rotation_037_case_04,B,40,-0.9988209815422264,-0.9852191170585656,-0.9988209815422264,-0.9988209815422265,2.220446049250313e-16,3.3306690738754696e-16
rotation_037_case_04,B,41,-0.9988209815422264,-0.986697205352709,-0.9988209815422264,-0.9988209815422265,2.220446049250313e-16,3.3306690738754696e-16
rotation_037_case_04,B,42,-0.9988209815422264,-0.988027484817438,-0.9988209815422264,-0.9988209815422265,2.220446049250313e-16,3.3306690738754696e-16
rotation_037_case_04,B,43,-0.9988209815422264,-0.9892247363356941,-0.9988209815422264,-0.9988209815422265,2.220446049250313e-16,3.3306690738754696e-16
rotation_037_case_04,B,44,-0.9988209815422263,-0.9903022627021247,-0.9988209815422263,-0.9988209815422264,1.1102230246251565e-16,2.220446049250313e-16
rotation_037_case_04,B,45,-0.9988209815422263,-0.9912720364319121,-0.9988209815422263,-0.9988209815422264,1.1102230246251565e-16,2.220446049250313e-16
rotation_037_case_04,B,46,-0.9988209815422262,-0.9921448327887208,-0.9988209815422262,-0.9988209815422262,0.0,0.0
rotation_037_case_04,B,47,-0.9988209815422262,-0.9929303495098486,-0.9988209815422262,-0.9988209815422262,0.0,0.0
rotation_037_case_04,B,48,-0.9988209815422262,-0.9936373145588638,-0.9988209815422262,-0.9988209815422262,0.0,0.0
rotation_037_case_04,B,49,-0.9988209815422262,-0.9942735831029774,-0.9988209815422262,-0.9988209815422262,0.0,0.0
rotation_037_case_04,B,50,-0.9988209815422262,-0.9948462247926797,-0.9988209815422262,-0.9988209815422262,0.0,0.0
rotation_037_case_04,B,51,-0.9988209815422262,-0.9953616023134119,-0.9988209815422262,-0.9988209815422262,0.0,0.0
rotation_037_case_04,B,52,-0.9988209815422262,-0.9958254420820706,-0.9988209815422262,-0.9988209815422262,0.0,0.0
rotation_037_case_04,B,53,-0.9988209815422262,-0.9962428978738636,-0.9988209815422262,-0.9988209815422262,0.0,0.0
rotation_037_case_04,B,54,-0.9988209815422261,-0.9966186080864774,-0.9988209815422261,-0.9988209815422262,1.1102230246251565e-16,0.0
rotation_037_case_04,B,55,-0.9988209815422261,-0.9969567472778296,-0.9988209815422261,-0.9988209815422262,1.1102230246251565e-16,0.0
rotation_037_case_04,B,56,-0.9988209815422262,-0.9972610725500466,-0.9988209815422262,-0.9988209815422262,0.0,0.0
rotation_037_case_04,B,57,-0.9988209815422263,-0.9975349652950422,-0.9988209815422263,-0.9988209815422264,1.1102230246251565e-16,2.220446049250313e-16
rotation_037_case_04,B,58,-0.9988209815422263,-0.9977814687655377,-0.9988209815422263,-0.9988209815422264,1.1102230246251565e-16,2.220446049250313e-16
rotation_037_case_04,B,59,-0.9988209815422263,-0.998003321888984,-0.9988209815422263,-0.9988209815422264,1.1102230246251565e-16,2.220446049250313e-16
rotation_037_case_04,B,60,-0.9988209815422262,-0.9982029897000856,-0.9988209815422262,-0.9988209815422262,0.0,0.0
rotation_037_case_04,B,61,-0.9988209815422264,-0.998382690730077,-0.9988209815422264,-0.9988209815422265,2.220446049250313e-16,3.3306690738754696e-16
rotation_037_case_04,B,62,-0.9988209815422264,-0.9985444216570694,-0.9988209815422264,-0.9988209815422265,2.220446049250313e-16,3.3306690738754696e-16
rotation_037_case_04,B,63,-0.9988209815422264,-0.9986899794913626,-0.9988209815422264,-0.9988209815422265,2.220446049250313e-16,3.3306690738754696e-16
rotation_037_case_04,B,64,-0.9988209815422263,-0.9988209815422262,-0.9988209815422263,-0.9988209815422264,1.1102230246251565e-16,2.220446049250313e-16
rotation_037_case_05,A,1,-0.1,0.0,,,,
rotation_037_case_05,A,2,-0.19,0.0,,,,
rotation_037_case_05,A,3,-0.271,0.0,,,,
rotation_037_case_05,A,4,-0.34390000000000004,0.0,,,,
rotation_037_case_05,A,5,-0.40951000000000004,2.7755575615628914e-17,,,,
rotation_037_case_05,A,6,-0.4685590000000001,2.7755575615628914e-17,,,,
rotation_037_case_05,A,7,-0.5217031000000001,2.7755575615628914e-17,,,,
rotation_037_case_05,A,8,-0.56953279,2.7755575615628914e-17,,,,
rotation_037_case_05,A,9,-0.6125795110000001,2.7755575615628914e-17,,,,
rotation_037_case_05,A,10,-0.6513215599000001,2.7755575615628914e-17,,,,
rotation_037_case_05,A,11,-0.6861894039100002,5.551115123125783e-17,,,,
rotation_037_case_05,A,12,-0.7175704635190001,5.551115123125783e-17,,,,
rotation_037_case_05,A,13,-0.7458134171671,5.551115123125783e-17,,,,
rotation_037_case_05,A,14,-0.7712320754503901,0.0,,,,
rotation_037_case_05,A,15,-0.7941088679053511,5.551115123125783e-17,,,,
rotation_037_case_05,A,16,-0.814697981114816,5.551115123125783e-17,,,,
rotation_037_case_05,A,17,-0.8332281830033345,0.0,,,,
rotation_037_case_05,A,18,-0.8499053647030009,0.0,,,,
rotation_037_case_05,A,19,-0.8649148282327008,-5.551115123125783e-17,,,,
rotation_037_case_05,A,20,-0.8784233454094308,0.0,,,,
rotation_037_case_05,A,21,-0.8905810108684877,0.0,,,,
rotation_037_case_05,A,22,-0.901522909781639,0.0,,,,
rotation_037_case_05,A,23,-0.911370618803475,0.0,,,,
rotation_037_case_05,A,24,-0.9202335569231276,0.0,,,,
rotation_037_case_05,A,25,-0.9282102012308149,0.0,,,,
rotation_037_case_05,A,26,-0.9353891811077334,0.0,,,,
rotation_037_case_05,A,27,-0.9418502629969601,0.0,,,,
rotation_037_case_05,A,28,-0.9476652366972641,0.0,,,,
rotation_037_case_05,A,29,-0.9528987130275377,0.0,,,,
rotation_037_case_05,A,30,-0.9576088417247839,-5.551115123125783e-17,,,,
rotation_037_case_05,A,31,-0.9618479575523055,-5.551115123125783e-17,,,,
rotation_037_case_05,A,32,-0.9656631617970749,-1.1102230246251565e-16,,,,
rotation_037_case_05,A,33,-0.9690968456173674,-5.551115123125783e-17,,,,
rotation_037_case_05,A,34,-0.9721871610556306,-5.551115123125783e-17,,,,
rotation_037_case_05,A,35,-0.9749684449500676,-5.551115123125783e-17,,,,
rotation_037_case_05,A,36,-0.9774716004550608,-5.551115123125783e-17,,,,
rotation_037_case_05,A,37,-0.9797244404095548,-1.1102230246251565e-16,,,,
rotation_037_case_05,A,38,-0.9817519963685992,-1.1102230246251565e-16,,,,
rotation_037_case_05,A,39,-0.9835767967317393,-1.1102230246251565e-16,,,,
rotation_037_case_05,A,40,-0.9852191170585654,-1.1102230246251565e-16,,,,
rotation_037_case_05,A,41,-0.9866972053527088,-5.551115123125783e-17,,,,
rotation_037_case_05,A,42,-0.988027484817438,-1.6653345369377348e-16,,,,
rotation_037_case_05,A,43,-0.9892247363356941,-1.1102230246251565e-16,,,,
rotation_037_case_05,A,44,-0.9903022627021247,-1.1102230246251565e-16,,,,
rotation_037_case_05,A,45,-0.9912720364319123,-1.6653345369377348e-16,,,,
rotation_037_case_05,A,46,-0.9921448327887211,-1.1102230246251565e-16,,,,
rotation_037_case_05,A,47,-0.9929303495098489,-1.6653345369377348e-16,,,,
rotation_037_case_05,A,48,-0.9936373145588641,-1.1102230246251565e-16,,,,
rotation_037_case_05,A,49,-0.9942735831029776,-1.1102230246251565e-16,,,,
rotation_037_case_05,A,50,-0.9948462247926799,-1.6653345369377348e-16,,,,
rotation_037_case_05,A,51,-0.995361602313412,-1.6653345369377348e-16,,,,
rotation_037_case_05,A,52,-0.9958254420820708,-1.6653345369377348e-16,,,,
rotation_037_case_05,A,53,-0.9962428978738638,-1.1102230246251565e-16,,,,
rotation_037_case_05,A,54,-0.9966186080864773,-1.1102230246251565e-16,,,,
rotation_037_case_05,A,55,-0.9969567472778296,-1.6653345369377348e-16,,,,
rotation_037_case_05,A,56,-0.9972610725500466,-1.1102230246251565e-16,,,,
rotation_037_case_05,A,57,-0.997534965295042,-1.1102230246251565e-16,,,,
rotation_037_case_05,A,58,-0.9977814687655377,-1.1102230246251565e-16,,,,
rotation_037_case_05,A,59,-0.998003321888984,-1.6653345369377348e-16,,,,
rotation_037_case_05,A,60,-0.9982029897000857,-1.6653345369377348e-16,,,,
rotation_037_case_05,A,61,-0.998382690730077,-2.220446049250313e-16,,,,
rotation_037_case_05,A,62,-0.9985444216570694,-1.6653345369377348e-16,,,,
rotation_037_case_05,A,63,-0.9986899794913624,-1.6653345369377348e-16,,,,
rotation_037_case_05,A,64,-0.9988209815422262,-1.1102230246251565e-16,,,,
rotation_037_case_05,B,1,-0.9988209815422262,0.09999999999999987,-0.9988209815422262,-0.9988209815422262,0.0,0.0
rotation_037_case_05,B,2,-0.9988209815422262,0.18999999999999992,-0.9988209815422262,-0.9988209815422262,0.0,0.0
rotation_037_case_05,B,3,-0.9988209815422263,0.27099999999999996,-0.9988209815422263,-0.9988209815422264,1.1102230246251565e-16,2.220446049250313e-16
rotation_037_case_05,B,4,-0.9988209815422262,0.34389999999999993,-0.9988209815422262,-0.9988209815422262,0.0,0.0
rotation_037_case_05,B,5,-0.9988209815422261,0.40950999999999993,-0.9988209815422261,-0.9988209815422262,1.1102230246251565e-16,0.0
rotation_037_case_05,B,6,-0.9988209815422261,0.46855899999999995,-0.9988209815422261,-0.9988209815422262,1.1102230246251565e-16,0.0
rotation_037_case_05,B,7,-0.9988209815422261,0.5217031,-0.9988209815422261,-0.9988209815422262,1.1102230246251565e-16,0.0
rotation_037_case_05,B,8,-0.9988209815422263,0.56953279,-0.9988209815422263,-0.9988209815422264,1.1102230246251565e-16,2.220446049250313e-16
rotation_037_case_05,B,9,-0.9988209815422262,0.612579511,-0.9988209815422262,-0.9988209815422262,0.0,0.0
rotation_037_case_05,B,10,-0.9988209815422262,0.6513215599,-0.9988209815422262,-0.9988209815422262,0.0,0.0
rotation_037_case_05,B,11,-0.9988209815422261,0.68618940391,-0.9988209815422261,-0.9988209815422262,1.1102230246251565e-16,0.0
rotation_037_case_05,B,12,-0.9988209815422261,0.717570463519,-0.9988209815422261,-0.9988209815422262,1.1102230246251565e-16,0.0
rotation_037_case_05,B,13,-0.9988209815422263,0.7458134171671,-0.9988209815422263,-0.9988209815422264,1.1102230246251565e-16,2.220446049250313e-16
rotation_037_case_05,B,14,-0.9988209815422262,0.7712320754503901,-0.9988209815422262,-0.9988209815422262,0.0,0.0
rotation_037_case_05,B,15,-0.9988209815422263,0.7941088679053511,-0.9988209815422263,-0.9988209815422264,1.1102230246251565e-16,2.220446049250313e-16
rotation_037_case_05,B,16,-0.9988209815422264,0.814697981114816,-0.9988209815422264,-0.9988209815422265,2.220446049250313e-16,3.3306690738754696e-16
rotation_037_case_05,B,17,-0.9988209815422263,0.8332281830033343,-0.9988209815422263,-0.9988209815422264,1.1102230246251565e-16,2.220446049250313e-16
rotation_037_case_05,B,18,-0.9988209815422264,0.849905364703001,-0.9988209815422264,-0.9988209815422265,2.220446049250313e-16,3.3306690738754696e-16
rotation_037_case_05,B,19,-0.9988209815422263,0.8649148282327009,-0.9988209815422263,-0.9988209815422264,1.1102230246251565e-16,2.220446049250313e-16
rotation_037_case_05,B,20,-0.9988209815422263,0.8784233454094308,-0.9988209815422263,-0.9988209815422264,1.1102230246251565e-16,2.220446049250313e-16
rotation_037_case_05,B,21,-0.9988209815422262,0.8905810108684877,-0.9988209815422262,-0.9988209815422262,0.0,0.0
rotation_037_case_05,B,22,-0.9988209815422261,0.901522909781639,-0.9988209815422261,-0.9988209815422262,1.1102230246251565e-16,0.0
rotation_037_case_05,B,23,-0.9988209815422262,0.9113706188034749,-0.9988209815422262,-0.9988209815422262,0.0,0.0
rotation_037_case_05,B,24,-0.9988209815422261,0.9202335569231275,-0.9988209815422261,-0.9988209815422262,1.1102230246251565e-16,0.0
rotation_037_case_05,B,25,-0.998820981542226,0.9282102012308148,-0.998820981542226,-0.998820981542226,2.220446049250313e-16,2.220446049250313e-16
rotation_037_case_05,B,26,-0.998820981542226,0.9353891811077333,-0.998820981542226,-0.998820981542226,2.220446049250313e-16,2.220446049250313e-16
rotation_037_case_05,B,27,-0.998820981542226,0.9418502629969598,-0.998820981542226,-0.998820981542226,2.220446049250313e-16,2.220446049250313e-16
rotation_037_case_05,B,28,-0.9988209815422259,0.9476652366972638,-0.9988209815422259,-0.9988209815422259,3.3306690738754696e-16,3.3306690738754696e-16
rotation_037_case_05,B,29,-0.998820981542226,0.9528987130275375,-0.998820981542226,-0.998820981542226,2.220446049250313e-16,2.220446049250313e-16
rotation_037_case_05,B,30,-0.998820981542226,0.9576088417247837,-0.998820981542226,-0.998820981542226,2.220446049250313e-16,2.220446049250313e-16
rotation_037_case_05,B,31,-0.9988209815422261,0.9618479575523053,-0.9988209815422261,-0.9988209815422262,1.1102230246251565e-16,0.0
rotation_037_case_05,B,32,-0.998820981542226,0.9656631617970748,-0.998820981542226,-0.998820981542226,2.220446049250313e-16,2.220446049250313e-16
rotation_037_case_05,B,33,-0.998820981542226,0.9690968456173673,-0.998820981542226,-0.998820981542226,2.220446049250313e-16,2.220446049250313e-16
rotation_037_case_05,B,34,-0.998820981542226,0.9721871610556305,-0.998820981542226,-0.998820981542226,2.220446049250313e-16,2.220446049250313e-16
rotation_037_case_05,B,35,-0.998820981542226,0.9749684449500675,-0.998820981542226,-0.998820981542226,2.220446049250313e-16,2.220446049250313e-16
rotation_037_case_05,B,36,-0.998820981542226,0.9774716004550608,-0.998820981542226,-0.998820981542226,2.220446049250313e-16,2.220446049250313e-16
rotation_037_case_05,B,37,-0.998820981542226,0.9797244404095546,-0.998820981542226,-0.998820981542226,2.220446049250313e-16,2.220446049250313e-16
rotation_037_case_05,B,38,-0.9988209815422261,0.9817519963685993,-0.9988209815422261,-0.9988209815422262,1.1102230246251565e-16,0.0
rotation_037_case_05,B,39,-0.9988209815422262,0.9835767967317395,-0.9988209815422262,-0.9988209815422262,0.0,0.0
rotation_037_case_05,B,40,-0.9988209815422262,0.9852191170585656,-0.9988209815422262,-0.9988209815422262,0.0,0.0
rotation_037_case_05,B,41,-0.9988209815422262,0.9866972053527089,-0.9988209815422262,-0.9988209815422262,0.0,0.0
rotation_037_case_05,B,42,-0.9988209815422262,0.988027484817438,-0.9988209815422262,-0.9988209815422262,0.0,0.0
rotation_037_case_05,B,43,-0.9988209815422262,0.9892247363356942,-0.9988209815422262,-0.9988209815422262,0.0,0.0
rotation_037_case_05,B,44,-0.9988209815422264,0.9903022627021247,-0.9988209815422264,-0.9988209815422265,2.220446049250313e-16,3.3306690738754696e-16
rotation_037_case_05,B,45,-0.9988209815422263,0.9912720364319123,-0.9988209815422263,-0.9988209815422264,1.1102230246251565e-16,2.220446049250313e-16
rotation_037_case_05,B,46,-0.9988209815422262,0.9921448327887211,-0.9988209815422262,-0.9988209815422262,0.0,0.0
rotation_037_case_05,B,47,-0.9988209815422262,0.9929303495098492,-0.9988209815422262,-0.9988209815422262,0.0,0.0
rotation_037_case_05,B,48,-0.9988209815422262,0.9936373145588642,-0.9988209815422262,-0.9988209815422262,0.0,0.0
rotation_037_case_05,B,49,-0.9988209815422263,0.9942735831029779,-0.9988209815422263,-0.9988209815422264,1.1102230246251565e-16,2.220446049250313e-16
rotation_037_case_05,B,50,-0.9988209815422262,0.9948462247926799,-0.9988209815422262,-0.9988209815422262,0.0,0.0
rotation_037_case_05,B,51,-0.9988209815422262,0.9953616023134121,-0.9988209815422262,-0.9988209815422262,0.0,0.0
rotation_037_case_05,B,52,-0.9988209815422261,0.9958254420820707,-0.9988209815422261,-0.9988209815422262,1.1102230246251565e-16,0.0
rotation_037_case_05,B,53,-0.9988209815422261,0.9962428978738637,-0.9988209815422261,-0.9988209815422262,1.1102230246251565e-16,0.0
rotation_037_case_05,B,54,-0.998820981542226,0.9966186080864774,-0.998820981542226,-0.998820981542226,2.220446049250313e-16,2.220446049250313e-16
rotation_037_case_05,B,55,-0.9988209815422259,0.9969567472778296,-0.9988209815422259,-0.9988209815422259,3.3306690738754696e-16,3.3306690738754696e-16
rotation_037_case_05,B,56,-0.9988209815422259,0.9972610725500466,-0.9988209815422259,-0.9988209815422259,3.3306690738754696e-16,3.3306690738754696e-16
rotation_037_case_05,B,57,-0.9988209815422259,0.9975349652950418,-0.9988209815422259,-0.9988209815422259,3.3306690738754696e-16,3.3306690738754696e-16
rotation_037_case_05,B,58,-0.9988209815422259,0.9977814687655377,-0.9988209815422259,-0.9988209815422259,3.3306690738754696e-16,3.3306690738754696e-16
rotation_037_case_05,B,59,-0.9988209815422258,0.9980033218889841,-0.9988209815422258,-0.9988209815422258,4.440892098500626e-16,4.440892098500626e-16
rotation_037_case_05,B,60,-0.998820981542226,0.9982029897000857,-0.998820981542226,-0.998820981542226,2.220446049250313e-16,2.220446049250313e-16
rotation_037_case_05,B,61,-0.998820981542226,0.998382690730077,-0.998820981542226,-0.998820981542226,2.220446049250313e-16,2.220446049250313e-16
rotation_037_case_05,B,62,-0.998820981542226,0.9985444216570694,-0.998820981542226,-0.998820981542226,2.220446049250313e-16,2.220446049250313e-16
rotation_037_case_05,B,63,-0.9988209815422258,0.9986899794913624,-0.9988209815422258,-0.9988209815422258,4.440892098500626e-16,4.440892098500626e-16
rotation_037_case_05,B,64,-0.9988209815422258,0.9988209815422262,-0.9988209815422258,-0.9988209815422258,4.440892098500626e-16,4.440892098500626e-16
rotation_037_case_06,A,1,0.1,0.0,,,,
rotation_037_case_06,A,2,0.19,0.0,,,,
rotation_037_case_06,A,3,0.271,0.0,,,,
rotation_037_case_06,A,4,0.34390000000000004,0.0,,,,
rotation_037_case_06,A,5,0.40951000000000004,-2.7755575615628914e-17,,,,
rotation_037_case_06,A,6,0.4685590000000001,-2.7755575615628914e-17,,,,
rotation_037_case_06,A,7,0.5217031000000001,-2.7755575615628914e-17,,,,
rotation_037_case_06,A,8,0.56953279,-2.7755575615628914e-17,,,,
rotation_037_case_06,A,9,0.6125795110000001,-2.7755575615628914e-17,,,,
rotation_037_case_06,A,10,0.6513215599000001,-2.7755575615628914e-17,,,,
rotation_037_case_06,A,11,0.6861894039100002,-5.551115123125783e-17,,,,
rotation_037_case_06,A,12,0.7175704635190001,-5.551115123125783e-17,,,,
rotation_037_case_06,A,13,0.7458134171671,-5.551115123125783e-17,,,,
rotation_037_case_06,A,14,0.7712320754503901,0.0,,,,
rotation_037_case_06,A,15,0.7941088679053511,-5.551115123125783e-17,,,,
rotation_037_case_06,A,16,0.814697981114816,-5.551115123125783e-17,,,,
rotation_037_case_06,A,17,0.8332281830033345,0.0,,,,
rotation_037_case_06,A,18,0.8499053647030009,0.0,,,,
rotation_037_case_06,A,19,0.8649148282327008,5.551115123125783e-17,,,,
rotation_037_case_06,A,20,0.8784233454094308,0.0,,,,
rotation_037_case_06,A,21,0.8905810108684877,0.0,,,,
rotation_037_case_06,A,22,0.901522909781639,0.0,,,,
rotation_037_case_06,A,23,0.911370618803475,0.0,,,,
rotation_037_case_06,A,24,0.9202335569231276,0.0,,,,
rotation_037_case_06,A,25,0.9282102012308149,0.0,,,,
rotation_037_case_06,A,26,0.9353891811077334,0.0,,,,
rotation_037_case_06,A,27,0.9418502629969601,0.0,,,,
rotation_037_case_06,A,28,0.9476652366972641,0.0,,,,
rotation_037_case_06,A,29,0.9528987130275377,0.0,,,,
rotation_037_case_06,A,30,0.9576088417247839,5.551115123125783e-17,,,,
rotation_037_case_06,A,31,0.9618479575523055,5.551115123125783e-17,,,,
rotation_037_case_06,A,32,0.9656631617970749,1.1102230246251565e-16,,,,
rotation_037_case_06,A,33,0.9690968456173674,5.551115123125783e-17,,,,
rotation_037_case_06,A,34,0.9721871610556306,5.551115123125783e-17,,,,
rotation_037_case_06,A,35,0.9749684449500676,5.551115123125783e-17,,,,
rotation_037_case_06,A,36,0.9774716004550608,5.551115123125783e-17,,,,
rotation_037_case_06,A,37,0.9797244404095548,1.1102230246251565e-16,,,,
rotation_037_case_06,A,38,0.9817519963685992,1.1102230246251565e-16,,,,
rotation_037_case_06,A,39,0.9835767967317393,1.1102230246251565e-16,,,,
rotation_037_case_06,A,40,0.9852191170585654,1.1102230246251565e-16,,,,
rotation_037_case_06,A,41,0.9866972053527088,5.551115123125783e-17,,,,
rotation_037_case_06,A,42,0.988027484817438,1.6653345369377348e-16,,,,
rotation_037_case_06,A,43,0.9892247363356941,1.1102230246251565e-16,,,,
rotation_037_case_06,A,44,0.9903022627021247,1.1102230246251565e-16,,,,
rotation_037_case_06,A,45,0.9912720364319123,1.6653345369377348e-16,,,,
rotation_037_case_06,A,46,0.9921448327887211,1.1102230246251565e-16,,,,
rotation_037_case_06,A,47,0.9929303495098489,1.6653345369377348e-16,,,,
rotation_037_case_06,A,48,0.9936373145588641,1.1102230246251565e-16,,,,
rotation_037_case_06,A,49,0.9942735831029776,1.1102230246251565e-16,,,,
rotation_037_case_06,A,50,0.9948462247926799,1.6653345369377348e-16,,,,
rotation_037_case_06,A,51,0.995361602313412,1.6653345369377348e-16,,,,
rotation_037_case_06,A,52,0.9958254420820708,1.6653345369377348e-16,,,,
rotation_037_case_06,A,53,0.9962428978738638,1.1102230246251565e-16,,,,
rotation_037_case_06,A,54,0.9966186080864773,1.1102230246251565e-16,,,,
rotation_037_case_06,A,55,0.9969567472778296,1.6653345369377348e-16,,,,
rotation_037_case_06,A,56,0.9972610725500466,1.1102230246251565e-16,,,,
rotation_037_case_06,A,57,0.997534965295042,1.1102230246251565e-16,,,,
rotation_037_case_06,A,58,0.9977814687655377,1.1102230246251565e-16,,,,
rotation_037_case_06,A,59,0.998003321888984,1.6653345369377348e-16,,,,
rotation_037_case_06,A,60,0.9982029897000857,1.6653345369377348e-16,,,,
rotation_037_case_06,A,61,0.998382690730077,2.220446049250313e-16,,,,
rotation_037_case_06,A,62,0.9985444216570694,1.6653345369377348e-16,,,,
rotation_037_case_06,A,63,0.9986899794913624,1.6653345369377348e-16,,,,
rotation_037_case_06,A,64,0.9988209815422262,1.1102230246251565e-16,,,,
rotation_037_case_06,B,1,0.9988209815422262,-0.09999999999999987,0.9988209815422262,0.9988209815422262,0.0,0.0
rotation_037_case_06,B,2,0.9988209815422262,-0.18999999999999992,0.9988209815422262,0.9988209815422262,0.0,0.0
rotation_037_case_06,B,3,0.9988209815422263,-0.27099999999999996,0.9988209815422263,0.9988209815422264,1.1102230246251565e-16,2.220446049250313e-16
rotation_037_case_06,B,4,0.9988209815422262,-0.34389999999999993,0.9988209815422262,0.9988209815422262,0.0,0.0
rotation_037_case_06,B,5,0.9988209815422261,-0.40950999999999993,0.9988209815422261,0.9988209815422262,1.1102230246251565e-16,0.0
rotation_037_case_06,B,6,0.9988209815422261,-0.46855899999999995,0.9988209815422261,0.9988209815422262,1.1102230246251565e-16,0.0
rotation_037_case_06,B,7,0.9988209815422261,-0.5217031,0.9988209815422261,0.9988209815422262,1.1102230246251565e-16,0.0
rotation_037_case_06,B,8,0.9988209815422263,-0.56953279,0.9988209815422263,0.9988209815422264,1.1102230246251565e-16,2.220446049250313e-16
rotation_037_case_06,B,9,0.9988209815422262,-0.612579511,0.9988209815422262,0.9988209815422262,0.0,0.0
rotation_037_case_06,B,10,0.9988209815422262,-0.6513215599,0.9988209815422262,0.9988209815422262,0.0,0.0
rotation_037_case_06,B,11,0.9988209815422261,-0.68618940391,0.9988209815422261,0.9988209815422262,1.1102230246251565e-16,0.0
rotation_037_case_06,B,12,0.9988209815422261,-0.717570463519,0.9988209815422261,0.9988209815422262,1.1102230246251565e-16,0.0
rotation_037_case_06,B,13,0.9988209815422263,-0.7458134171671,0.9988209815422263,0.9988209815422264,1.1102230246251565e-16,2.220446049250313e-16
rotation_037_case_06,B,14,0.9988209815422262,-0.7712320754503901,0.9988209815422262,0.9988209815422262,0.0,0.0
rotation_037_case_06,B,15,0.9988209815422263,-0.7941088679053511,0.9988209815422263,0.9988209815422264,1.1102230246251565e-16,2.220446049250313e-16
rotation_037_case_06,B,16,0.9988209815422264,-0.814697981114816,0.9988209815422264,0.9988209815422265,2.220446049250313e-16,3.3306690738754696e-16
rotation_037_case_06,B,17,0.9988209815422263,-0.8332281830033343,0.9988209815422263,0.9988209815422264,1.1102230246251565e-16,2.220446049250313e-16
rotation_037_case_06,B,18,0.9988209815422264,-0.849905364703001,0.9988209815422264,0.9988209815422265,2.220446049250313e-16,3.3306690738754696e-16
rotation_037_case_06,B,19,0.9988209815422263,-0.8649148282327009,0.9988209815422263,0.9988209815422264,1.1102230246251565e-16,2.220446049250313e-16
rotation_037_case_06,B,20,0.9988209815422263,-0.8784233454094308,0.9988209815422263,0.9988209815422264,1.1102230246251565e-16,2.220446049250313e-16
rotation_037_case_06,B,21,0.9988209815422262,-0.8905810108684877,0.9988209815422262,0.9988209815422262,0.0,0.0
rotation_037_case_06,B,22,0.9988209815422261,-0.901522909781639,0.9988209815422261,0.9988209815422262,1.1102230246251565e-16,0.0
rotation_037_case_06,B,23,0.9988209815422262,-0.9113706188034749,0.9988209815422262,0.9988209815422262,0.0,0.0
rotation_037_case_06,B,24,0.9988209815422261,-0.9202335569231275,0.9988209815422261,0.9988209815422262,1.1102230246251565e-16,0.0
rotation_037_case_06,B,25,0.998820981542226,-0.9282102012308148,0.998820981542226,0.998820981542226,2.220446049250313e-16,2.220446049250313e-16
rotation_037_case_06,B,26,0.998820981542226,-0.9353891811077333,0.998820981542226,0.998820981542226,2.220446049250313e-16,2.220446049250313e-16
rotation_037_case_06,B,27,0.998820981542226,-0.9418502629969598,0.998820981542226,0.998820981542226,2.220446049250313e-16,2.220446049250313e-16
rotation_037_case_06,B,28,0.9988209815422259,-0.9476652366972638,0.9988209815422259,0.9988209815422259,3.3306690738754696e-16,3.3306690738754696e-16
rotation_037_case_06,B,29,0.998820981542226,-0.9528987130275375,0.998820981542226,0.998820981542226,2.220446049250313e-16,2.220446049250313e-16
rotation_037_case_06,B,30,0.998820981542226,-0.9576088417247837,0.998820981542226,0.998820981542226,2.220446049250313e-16,2.220446049250313e-16
rotation_037_case_06,B,31,0.9988209815422261,-0.9618479575523053,0.9988209815422261,0.9988209815422262,1.1102230246251565e-16,0.0
rotation_037_case_06,B,32,0.998820981542226,-0.9656631617970748,0.998820981542226,0.998820981542226,2.220446049250313e-16,2.220446049250313e-16
rotation_037_case_06,B,33,0.998820981542226,-0.9690968456173673,0.998820981542226,0.998820981542226,2.220446049250313e-16,2.220446049250313e-16
rotation_037_case_06,B,34,0.998820981542226,-0.9721871610556305,0.998820981542226,0.998820981542226,2.220446049250313e-16,2.220446049250313e-16
rotation_037_case_06,B,35,0.998820981542226,-0.9749684449500675,0.998820981542226,0.998820981542226,2.220446049250313e-16,2.220446049250313e-16
rotation_037_case_06,B,36,0.998820981542226,-0.9774716004550608,0.998820981542226,0.998820981542226,2.220446049250313e-16,2.220446049250313e-16
rotation_037_case_06,B,37,0.998820981542226,-0.9797244404095546,0.998820981542226,0.998820981542226,2.220446049250313e-16,2.220446049250313e-16
rotation_037_case_06,B,38,0.9988209815422261,-0.9817519963685993,0.9988209815422261,0.9988209815422262,1.1102230246251565e-16,0.0
rotation_037_case_06,B,39,0.9988209815422262,-0.9835767967317395,0.9988209815422262,0.9988209815422262,0.0,0.0
rotation_037_case_06,B,40,0.9988209815422262,-0.9852191170585656,0.9988209815422262,0.9988209815422262,0.0,0.0
rotation_037_case_06,B,41,0.9988209815422262,-0.9866972053527089,0.9988209815422262,0.9988209815422262,0.0,0.0
rotation_037_case_06,B,42,0.9988209815422262,-0.988027484817438,0.9988209815422262,0.9988209815422262,0.0,0.0
rotation_037_case_06,B,43,0.9988209815422262,-0.9892247363356942,0.9988209815422262,0.9988209815422262,0.0,0.0
rotation_037_case_06,B,44,0.9988209815422264,-0.9903022627021247,0.9988209815422264,0.9988209815422265,2.220446049250313e-16,3.3306690738754696e-16
rotation_037_case_06,B,45,0.9988209815422263,-0.9912720364319123,0.9988209815422263,0.9988209815422264,1.1102230246251565e-16,2.220446049250313e-16
rotation_037_case_06,B,46,0.9988209815422262,-0.9921448327887211,0.9988209815422262,0.9988209815422262,0.0,0.0
rotation_037_case_06,B,47,0.9988209815422262,-0.9929303495098492,0.9988209815422262,0.9988209815422262,0.0,0.0
rotation_037_case_06,B,48,0.9988209815422262,-0.9936373145588642,0.9988209815422262,0.9988209815422262,0.0,0.0
rotation_037_case_06,B,49,0.9988209815422263,-0.9942735831029779,0.9988209815422263,0.9988209815422264,1.1102230246251565e-16,2.220446049250313e-16
rotation_037_case_06,B,50,0.9988209815422262,-0.9948462247926799,0.9988209815422262,0.9988209815422262,0.0,0.0
rotation_037_case_06,B,51,0.9988209815422262,-0.9953616023134121,0.9988209815422262,0.9988209815422262,0.0,0.0
rotation_037_case_06,B,52,0.9988209815422261,-0.9958254420820707,0.9988209815422261,0.9988209815422262,1.1102230246251565e-16,0.0
rotation_037_case_06,B,53,0.9988209815422261,-0.9962428978738637,0.9988209815422261,0.9988209815422262,1.1102230246251565e-16,0.0
rotation_037_case_06,B,54,0.998820981542226,-0.9966186080864774,0.998820981542226,0.998820981542226,2.220446049250313e-16,2.220446049250313e-16
rotation_037_case_06,B,55,0.9988209815422259,-0.9969567472778296,0.9988209815422259,0.9988209815422259,3.3306690738754696e-16,3.3306690738754696e-16
rotation_037_case_06,B,56,0.9988209815422259,-0.9972610725500466,0.9988209815422259,0.9988209815422259,3.3306690738754696e-16,3.3306690738754696e-16
rotation_037_case_06,B,57,0.9988209815422259,-0.9975349652950418,0.9988209815422259,0.9988209815422259,3.3306690738754696e-16,3.3306690738754696e-16
rotation_037_case_06,B,58,0.9988209815422259,-0.9977814687655377,0.9988209815422259,0.9988209815422259,3.3306690738754696e-16,3.3306690738754696e-16
rotation_037_case_06,B,59,0.9988209815422258,-0.9980033218889841,0.9988209815422258,0.9988209815422258,4.440892098500626e-16,4.440892098500626e-16
rotation_037_case_06,B,60,0.998820981542226,-0.9982029897000857,0.998820981542226,0.998820981542226,2.220446049250313e-16,2.220446049250313e-16
rotation_037_case_06,B,61,0.998820981542226,-0.998382690730077,0.998820981542226,0.998820981542226,2.220446049250313e-16,2.220446049250313e-16
rotation_037_case_06,B,62,0.998820981542226,-0.9985444216570694,0.998820981542226,0.998820981542226,2.220446049250313e-16,2.220446049250313e-16
rotation_037_case_06,B,63,0.9988209815422258,-0.9986899794913624,0.9988209815422258,0.9988209815422258,4.440892098500626e-16,4.440892098500626e-16
rotation_037_case_06,B,64,0.9988209815422258,-0.9988209815422262,0.9988209815422258,0.9988209815422258,4.440892098500626e-16,4.440892098500626e-16
rotation_037_case_07,A,1,0.1,0.0,,,,
rotation_037_case_07,A,2,0.19,0.0,,,,
rotation_037_case_07,A,3,0.271,0.0,,,,
rotation_037_case_07,A,4,0.34390000000000004,0.0,,,,
rotation_037_case_07,A,5,0.40951000000000004,-2.7755575615628914e-17,,,,
rotation_037_case_07,A,6,0.4685590000000001,-2.7755575615628914e-17,,,,
rotation_037_case_07,A,7,0.5217031000000001,-2.7755575615628914e-17,,,,
rotation_037_case_07,A,8,0.56953279,-2.7755575615628914e-17,,,,
rotation_037_case_07,A,9,0.6125795110000001,-2.7755575615628914e-17,,,,
rotation_037_case_07,A,10,0.6513215599000001,-2.7755575615628914e-17,,,,
rotation_037_case_07,A,11,0.6861894039100002,-5.551115123125783e-17,,,,
rotation_037_case_07,A,12,0.7175704635190001,-5.551115123125783e-17,,,,
rotation_037_case_07,A,13,0.7458134171671,-5.551115123125783e-17,,,,
rotation_037_case_07,A,14,0.7712320754503901,0.0,,,,
rotation_037_case_07,A,15,0.7941088679053511,-5.551115123125783e-17,,,,
rotation_037_case_07,A,16,0.814697981114816,-5.551115123125783e-17,,,,
rotation_037_case_07,A,17,0.8332281830033345,0.0,,,,
rotation_037_case_07,A,18,0.8499053647030009,0.0,,,,
rotation_037_case_07,A,19,0.8649148282327008,5.551115123125783e-17,,,,
rotation_037_case_07,A,20,0.8784233454094308,0.0,,,,
rotation_037_case_07,A,21,0.8905810108684877,0.0,,,,
rotation_037_case_07,A,22,0.901522909781639,0.0,,,,
rotation_037_case_07,A,23,0.911370618803475,0.0,,,,
rotation_037_case_07,A,24,0.9202335569231276,0.0,,,,
rotation_037_case_07,A,25,0.9282102012308149,0.0,,,,
rotation_037_case_07,A,26,0.9353891811077334,0.0,,,,
rotation_037_case_07,A,27,0.9418502629969601,0.0,,,,
rotation_037_case_07,A,28,0.9476652366972641,0.0,,,,
rotation_037_case_07,A,29,0.9528987130275377,0.0,,,,
rotation_037_case_07,A,30,0.9576088417247839,5.551115123125783e-17,,,,
rotation_037_case_07,A,31,0.9618479575523055,5.551115123125783e-17,,,,
rotation_037_case_07,A,32,0.9656631617970749,1.1102230246251565e-16,,,,
rotation_037_case_07,A,33,0.9690968456173674,5.551115123125783e-17,,,,
rotation_037_case_07,A,34,0.9721871610556306,5.551115123125783e-17,,,,
rotation_037_case_07,A,35,0.9749684449500676,5.551115123125783e-17,,,,
rotation_037_case_07,A,36,0.9774716004550608,5.551115123125783e-17,,,,
rotation_037_case_07,A,37,0.9797244404095548,1.1102230246251565e-16,,,,
rotation_037_case_07,A,38,0.9817519963685992,1.1102230246251565e-16,,,,
rotation_037_case_07,A,39,0.9835767967317393,1.1102230246251565e-16,,,,
rotation_037_case_07,A,40,0.9852191170585654,1.1102230246251565e-16,,,,
rotation_037_case_07,A,41,0.9866972053527088,5.551115123125783e-17,,,,
rotation_037_case_07,A,42,0.988027484817438,1.6653345369377348e-16,,,,
rotation_037_case_07,A,43,0.9892247363356941,1.1102230246251565e-16,,,,
rotation_037_case_07,A,44,0.9903022627021247,1.1102230246251565e-16,,,,
rotation_037_case_07,A,45,0.9912720364319123,1.6653345369377348e-16,,,,
rotation_037_case_07,A,46,0.9921448327887211,1.1102230246251565e-16,,,,
rotation_037_case_07,A,47,0.9929303495098489,1.6653345369377348e-16,,,,
rotation_037_case_07,A,48,0.9936373145588641,1.1102230246251565e-16,,,,
rotation_037_case_07,A,49,0.9942735831029776,1.1102230246251565e-16,,,,
rotation_037_case_07,A,50,0.9948462247926799,1.6653345369377348e-16,,,,
rotation_037_case_07,A,51,0.995361602313412,1.6653345369377348e-16,,,,
rotation_037_case_07,A,52,0.9958254420820708,1.6653345369377348e-16,,,,
rotation_037_case_07,A,53,0.9962428978738638,1.1102230246251565e-16,,,,
rotation_037_case_07,A,54,0.9966186080864773,1.1102230246251565e-16,,,,
rotation_037_case_07,A,55,0.9969567472778296,1.6653345369377348e-16,,,,
rotation_037_case_07,A,56,0.9972610725500466,1.1102230246251565e-16,,,,
rotation_037_case_07,A,57,0.997534965295042,1.1102230246251565e-16,,,,
rotation_037_case_07,A,58,0.9977814687655377,1.1102230246251565e-16,,,,
rotation_037_case_07,A,59,0.998003321888984,1.6653345369377348e-16,,,,
rotation_037_case_07,A,60,0.9982029897000857,1.6653345369377348e-16,,,,
rotation_037_case_07,A,61,0.998382690730077,2.220446049250313e-16,,,,
rotation_037_case_07,A,62,0.9985444216570694,1.6653345369377348e-16,,,,
rotation_037_case_07,A,63,0.9986899794913624,1.6653345369377348e-16,,,,
rotation_037_case_07,A,64,0.9988209815422262,1.1102230246251565e-16,,,,
rotation_037_case_07,B,1,0.9988209815422262,0.10000000000000014,0.9988209815422262,0.9988209815422262,0.0,0.0
rotation_037_case_07,B,2,0.9988209815422262,0.19000000000000006,0.9988209815422262,0.9988209815422262,0.0,0.0
rotation_037_case_07,B,3,0.9988209815422262,0.2710000000000001,0.9988209815422262,0.9988209815422262,0.0,0.0
rotation_037_case_07,B,4,0.9988209815422263,0.34390000000000015,0.9988209815422263,0.9988209815422264,1.1102230246251565e-16,2.220446049250313e-16
rotation_037_case_07,B,5,0.9988209815422263,0.40951000000000004,0.9988209815422263,0.9988209815422264,1.1102230246251565e-16,2.220446049250313e-16
rotation_037_case_07,B,6,0.9988209815422262,0.46855900000000006,0.9988209815422262,0.9988209815422262,0.0,0.0
rotation_037_case_07,B,7,0.9988209815422262,0.5217031000000001,0.9988209815422262,0.9988209815422262,0.0,0.0
rotation_037_case_07,B,8,0.9988209815422262,0.56953279,0.9988209815422262,0.9988209815422262,0.0,0.0
rotation_037_case_07,B,9,0.9988209815422263,0.6125795110000001,0.9988209815422263,0.9988209815422264,1.1102230246251565e-16,2.220446049250313e-16
rotation_037_case_07,B,10,0.9988209815422264,0.6513215599000002,0.9988209815422264,0.9988209815422265,2.220446049250313e-16,3.3306690738754696e-16
rotation_037_case_07,B,11,0.9988209815422264,0.6861894039100002,0.9988209815422264,0.9988209815422265,2.220446049250313e-16,3.3306690738754696e-16
rotation_037_case_07,B,12,0.9988209815422264,0.7175704635190001,0.9988209815422264,0.9988209815422265,2.220446049250313e-16,3.3306690738754696e-16
rotation_037_case_07,B,13,0.9988209815422262,0.7458134171671001,0.9988209815422262,0.9988209815422262,0.0,0.0
rotation_037_case_07,B,14,0.9988209815422263,0.7712320754503901,0.9988209815422263,0.9988209815422264,1.1102230246251565e-16,2.220446049250313e-16
rotation_037_case_07,B,15,0.9988209815422264,0.7941088679053511,0.9988209815422264,0.9988209815422265,2.220446049250313e-16,3.3306690738754696e-16
rotation_037_case_07,B,16,0.9988209815422264,0.8146979811148161,0.9988209815422264,0.9988209815422265,2.220446049250313e-16,3.3306690738754696e-16
rotation_037_case_07,B,17,0.9988209815422264,0.8332281830033343,0.9988209815422264,0.9988209815422265,2.220446049250313e-16,3.3306690738754696e-16
rotation_037_case_07,B,18,0.9988209815422264,0.849905364703001,0.9988209815422264,0.9988209815422265,2.220446049250313e-16,3.3306690738754696e-16
rotation_037_case_07,B,19,0.9988209815422264,0.8649148282327012,0.9988209815422264,0.9988209815422265,2.220446049250313e-16,3.3306690738754696e-16
rotation_037_case_07,B,20,0.9988209815422264,0.8784233454094311,0.9988209815422264,0.9988209815422265,2.220446049250313e-16,3.3306690738754696e-16
rotation_037_case_07,B,21,0.9988209815422264,0.890581010868488,0.9988209815422264,0.9988209815422265,2.220446049250313e-16,3.3306690738754696e-16
rotation_037_case_07,B,22,0.9988209815422264,0.901522909781639,0.9988209815422264,0.9988209815422265,2.220446049250313e-16,3.3306690738754696e-16
rotation_037_case_07,B,23,0.9988209815422264,0.9113706188034749,0.9988209815422264,0.9988209815422265,2.220446049250313e-16,3.3306690738754696e-16
rotation_037_case_07,B,24,0.9988209815422264,0.9202335569231275,0.9988209815422264,0.9988209815422265,2.220446049250313e-16,3.3306690738754696e-16
rotation_037_case_07,B,25,0.9988209815422263,0.928210201230815,0.9988209815422263,0.9988209815422264,1.1102230246251565e-16,2.220446049250313e-16
rotation_037_case_07,B,26,0.9988209815422263,0.9353891811077334,0.9988209815422263,0.9988209815422264,1.1102230246251565e-16,2.220446049250313e-16
rotation_037_case_07,B,27,0.9988209815422264,0.9418502629969601,0.9988209815422264,0.9988209815422265,2.220446049250313e-16,3.3306690738754696e-16
rotation_037_case_07,B,28,0.9988209815422264,0.9476652366972641,0.9988209815422264,0.9988209815422265,2.220446049250313e-16,3.3306690738754696e-16
rotation_037_case_07,B,29,0.9988209815422264,0.9528987130275378,0.9988209815422264,0.9988209815422265,2.220446049250313e-16,3.3306690738754696e-16
rotation_037_case_07,B,30,0.9988209815422263,0.9576088417247839,0.9988209815422263,0.9988209815422264,1.1102230246251565e-16,2.220446049250313e-16
rotation_037_case_07,B,31,0.9988209815422264,0.9618479575523055,0.9988209815422264,0.9988209815422265,2.220446049250313e-16,3.3306690738754696e-16
rotation_037_case_07,B,32,0.9988209815422263,0.9656631617970748,0.9988209815422263,0.9988209815422264,1.1102230246251565e-16,2.220446049250313e-16
rotation_037_case_07,B,33,0.9988209815422262,0.9690968456173674,0.9988209815422262,0.9988209815422262,0.0,0.0
rotation_037_case_07,B,34,0.9988209815422262,0.9721871610556307,0.9988209815422262,0.9988209815422262,0.0,0.0
rotation_037_case_07,B,35,0.9988209815422262,0.9749684449500677,0.9988209815422262,0.9988209815422262,0.0,0.0
rotation_037_case_07,B,36,0.9988209815422263,0.977471600455061,0.9988209815422263,0.9988209815422264,1.1102230246251565e-16,2.220446049250313e-16
rotation_037_case_07,B,37,0.9988209815422264,0.9797244404095549,0.9988209815422264,0.9988209815422265,2.220446049250313e-16,3.3306690738754696e-16
rotation_037_case_07,B,38,0.9988209815422264,0.9817519963685994,0.9988209815422264,0.9988209815422265,2.220446049250313e-16,3.3306690738754696e-16
rotation_037_case_07,B,39,0.9988209815422264,0.9835767967317395,0.9988209815422264,0.9988209815422265,2.220446049250313e-16,3.3306690738754696e-16
rotation_037_case_07,B,40,0.9988209815422264,0.9852191170585656,0.9988209815422264,0.9988209815422265,2.220446049250313e-16,3.3306690738754696e-16
rotation_037_case_07,B,41,0.9988209815422264,0.986697205352709,0.9988209815422264,0.9988209815422265,2.220446049250313e-16,3.3306690738754696e-16
rotation_037_case_07,B,42,0.9988209815422264,0.988027484817438,0.9988209815422264,0.9988209815422265,2.220446049250313e-16,3.3306690738754696e-16
rotation_037_case_07,B,43,0.9988209815422264,0.9892247363356941,0.9988209815422264,0.9988209815422265,2.220446049250313e-16,3.3306690738754696e-16
rotation_037_case_07,B,44,0.9988209815422263,0.9903022627021247,0.9988209815422263,0.9988209815422264,1.1102230246251565e-16,2.220446049250313e-16
rotation_037_case_07,B,45,0.9988209815422263,0.9912720364319121,0.9988209815422263,0.9988209815422264,1.1102230246251565e-16,2.220446049250313e-16
rotation_037_case_07,B,46,0.9988209815422262,0.9921448327887208,0.9988209815422262,0.9988209815422262,0.0,0.0
rotation_037_case_07,B,47,0.9988209815422262,0.9929303495098486,0.9988209815422262,0.9988209815422262,0.0,0.0
rotation_037_case_07,B,48,0.9988209815422262,0.9936373145588638,0.9988209815422262,0.9988209815422262,0.0,0.0
rotation_037_case_07,B,49,0.9988209815422262,0.9942735831029774,0.9988209815422262,0.9988209815422262,0.0,0.0
rotation_037_case_07,B,50,0.9988209815422262,0.9948462247926797,0.9988209815422262,0.9988209815422262,0.0,0.0
rotation_037_case_07,B,51,0.9988209815422262,0.9953616023134119,0.9988209815422262,0.9988209815422262,0.0,0.0
rotation_037_case_07,B,52,0.9988209815422262,0.9958254420820706,0.9988209815422262,0.9988209815422262,0.0,0.0
rotation_037_case_07,B,53,0.9988209815422262,0.9962428978738636,0.9988209815422262,0.9988209815422262,0.0,0.0
rotation_037_case_07,B,54,0.9988209815422261,0.9966186080864774,0.9988209815422261,0.9988209815422262,1.1102230246251565e-16,0.0
rotation_037_case_07,B,55,0.9988209815422261,0.9969567472778296,0.9988209815422261,0.9988209815422262,1.1102230246251565e-16,0.0
rotation_037_case_07,B,56,0.9988209815422262,0.9972610725500466,0.9988209815422262,0.9988209815422262,0.0,0.0
rotation_037_case_07,B,57,0.9988209815422263,0.9975349652950422,0.9988209815422263,0.9988209815422264,1.1102230246251565e-16,2.220446049250313e-16
rotation_037_case_07,B,58,0.9988209815422263,0.9977814687655377,0.9988209815422263,0.9988209815422264,1.1102230246251565e-16,2.220446049250313e-16
rotation_037_case_07,B,59,0.9988209815422263,0.998003321888984,0.9988209815422263,0.9988209815422264,1.1102230246251565e-16,2.220446049250313e-16
rotation_037_case_07,B,60,0.9988209815422262,0.9982029897000856,0.9988209815422262,0.9988209815422262,0.0,0.0
rotation_037_case_07,B,61,0.9988209815422264,0.998382690730077,0.9988209815422264,0.9988209815422265,2.220446049250313e-16,3.3306690738754696e-16
rotation_037_case_07,B,62,0.9988209815422264,0.9985444216570694,0.9988209815422264,0.9988209815422265,2.220446049250313e-16,3.3306690738754696e-16
rotation_037_case_07,B,63,0.9988209815422264,0.9986899794913626,0.9988209815422264,0.9988209815422265,2.220446049250313e-16,3.3306690738754696e-16
rotation_037_case_07,B,64,0.9988209815422263,0.9988209815422262,0.9988209815422263,0.9988209815422264,1.1102230246251565e-16,2.220446049250313e-16
rotation_037_case_08,A,1,-0.1,-0.07071067811865475,,,,
rotation_037_case_08,A,2,-0.19,-0.13435028842544403,,,,
rotation_037_case_08,A,3,-0.271,-0.1916259377015544,,,,
rotation_037_case_08,A,4,-0.34390000000000004,-0.24317402205005373,,,,
rotation_037_case_08,A,5,-0.40951000000000004,-0.28956729796370306,,,,
rotation_037_case_08,A,6,-0.4685590000000001,-0.3313212462859875,,,,
rotation_037_case_08,A,7,-0.5217031000000001,-0.3688997997760435,,,,
rotation_037_case_08,A,8,-0.56953279,-0.40272049791709386,,,,
rotation_037_case_08,A,9,-0.6125795110000001,-0.43315912624403924,,,,
rotation_037_case_08,A,10,-0.6513215599000001,-0.4605538917382901,,,,
rotation_037_case_08,A,11,-0.6861894039100002,-0.4852091806831158,,,,
rotation_037_case_08,A,12,-0.7175704635190001,-0.507398940733459,,,,
rotation_037_case_08,A,13,-0.7458134171671,-0.5273697247787679,,,,
rotation_037_case_08,A,14,-0.7712320754503901,-0.5453434304195458,,,,
rotation_037_case_08,A,15,-0.7941088679053511,-0.561519765496246,,,,
rotation_037_case_08,A,16,-0.814697981114816,-0.5760784670652761,,,,
rotation_037_case_08,A,17,-0.8332281830033345,-0.5891812984774032,,,,
rotation_037_case_08,A,18,-0.8499053647030009,-0.6009738467483177,,,,
rotation_037_case_08,A,19,-0.8649148282327008,-0.6115871401921407,,,,
rotation_037_case_08,A,20,-0.8784233454094308,-0.6211391042915814,,,,
rotation_037_case_08,A,21,-0.8905810108684877,-0.6297358719810779,,,,
rotation_037_case_08,A,22,-0.901522909781639,-0.6374729629016249,,,,
rotation_037_case_08,A,23,-0.911370618803475,-0.6444363447301172,,,,
rotation_037_case_08,A,24,-0.9202335569231276,-0.6507033883757602,,,,
rotation_037_case_08,A,25,-0.9282102012308149,-0.6563437276568389,,,,
rotation_037_case_08,A,26,-0.9353891811077334,-0.6614200330098098,,,,
rotation_037_case_08,A,27,-0.9418502629969601,-0.6659887078274835,,,,
rotation_037_case_08,A,28,-0.9476652366972641,-0.67010051516339,,,,
rotation_037_case_08,A,29,-0.9528987130275377,-0.6738011417657057,,,,
rotation_037_case_08,A,30,-0.9576088417247839,-0.6771317057077899,,,,
rotation_037_case_08,A,31,-0.9618479575523055,-0.6801292132556657,,,,
rotation_037_case_08,A,32,-0.9656631617970749,-0.6828269700487539,,,,
rotation_037_case_08,A,33,-0.9690968456173674,-0.6852549511625332,,,,
rotation_037_case_08,A,34,-0.9721871610556306,-0.6874401341649347,,,,
rotation_037_case_08,A,35,-0.9749684449500676,-0.6894067988670959,,,,
rotation_037_case_08,A,36,-0.9774716004550608,-0.691176797099041,,,,
rotation_037_case_08,A,37,-0.9797244404095548,-0.6927697955077917,,,,
rotation_037_case_08,A,38,-0.9817519963685992,-0.6942034940756673,,,,
rotation_037_case_08,A,39,-0.9835767967317393,-0.6954938227867553,,,,
rotation_037_case_08,A,40,-0.9852191170585654,-0.6966551186267345,,,,
rotation_037_case_08,A,41,-0.9866972053527088,-0.6977002848827157,,,,
rotation_037_case_08,A,42,-0.988027484817438,-0.6986409345130989,,,,
rotation_037_case_08,A,43,-0.9892247363356941,-0.6994875191804437,,,,
rotation_037_case_08,A,44,-0.9903022627021247,-0.7002494453810542,,,,
rotation_037_case_08,A,45,-0.9912720364319123,-0.7009351789616036,,,,
rotation_037_case_08,A,46,-0.9921448327887211,-0.701552339184098,,,,
rotation_037_case_08,A,47,-0.9929303495098489,-0.702107783384343,,,,
rotation_037_case_08,A,48,-0.9936373145588641,-0.7026076831645633,,,,
rotation_037_case_08,A,49,-0.9942735831029776,-0.7030575929667617,,,,
rotation_037_case_08,A,50,-0.9948462247926799,-0.7034625117887404,,,,
rotation_037_case_08,A,51,-0.995361602313412,-0.7038269387285212,,,,
rotation_037_case_08,A,52,-0.9958254420820708,-0.7041549229743238,,,,
rotation_037_case_08,A,53,-0.9962428978738638,-0.7044501087955461,,,,
rotation_037_case_08,A,54,-0.9966186080864773,-0.7047157760346463,,,,
rotation_037_case_08,A,55,-0.9969567472778296,-0.7049548765498364,,,,
rotation_037_case_08,A,56,-0.9972610725500466,-0.7051700670135075,,,,
rotation_037_case_08,A,57,-0.997534965295042,-0.7053637384308116,,,,
rotation_037_case_08,A,58,-0.9977814687655377,-0.7055380427063851,,,,
rotation_037_case_08,A,59,-0.998003321888984,-0.7056949165544014,,,,
rotation_037_case_08,A,60,-0.9982029897000857,-0.7058361030176161,,,,
rotation_037_case_08,A,61,-0.998382690730077,-0.7059631708345091,,,,
rotation_037_case_08,A,62,-0.9985444216570694,-0.706077531869713,,,,
rotation_037_case_08,A,63,-0.9986899794913624,-0.7061804568013965,,,,
rotation_037_case_08,A,64,-0.9988209815422262,-0.7062730892399116,,,,
rotation_037_case_08,B,1,-0.9988209815422262,-0.7062730892399116,-0.998820981542226,-0.9988209815422262,2.220446049250313e-16,0.0
rotation_037_case_08,B,2,-0.9988209815422262,-0.7062730892399116,-0.998820981542226,-0.9988209815422262,2.220446049250313e-16,0.0
rotation_037_case_08,B,3,-0.9988209815422262,-0.7062730892399116,-0.998820981542226,-0.9988209815422262,2.220446049250313e-16,0.0
rotation_037_case_08,B,4,-0.9988209815422262,-0.7062730892399116,-0.998820981542226,-0.9988209815422262,2.220446049250313e-16,0.0
rotation_037_case_08,B,5,-0.9988209815422262,-0.7062730892399116,-0.998820981542226,-0.9988209815422262,2.220446049250313e-16,0.0
rotation_037_case_08,B,6,-0.9988209815422262,-0.7062730892399116,-0.998820981542226,-0.9988209815422262,2.220446049250313e-16,0.0
rotation_037_case_08,B,7,-0.9988209815422262,-0.7062730892399116,-0.998820981542226,-0.9988209815422262,2.220446049250313e-16,0.0
rotation_037_case_08,B,8,-0.9988209815422262,-0.7062730892399116,-0.998820981542226,-0.9988209815422262,2.220446049250313e-16,0.0
rotation_037_case_08,B,9,-0.9988209815422262,-0.7062730892399116,-0.998820981542226,-0.9988209815422262,2.220446049250313e-16,0.0
rotation_037_case_08,B,10,-0.9988209815422262,-0.7062730892399116,-0.998820981542226,-0.9988209815422262,2.220446049250313e-16,0.0
rotation_037_case_08,B,11,-0.9988209815422262,-0.7062730892399116,-0.998820981542226,-0.9988209815422262,2.220446049250313e-16,0.0
rotation_037_case_08,B,12,-0.9988209815422262,-0.7062730892399116,-0.998820981542226,-0.9988209815422262,2.220446049250313e-16,0.0
rotation_037_case_08,B,13,-0.9988209815422262,-0.7062730892399116,-0.998820981542226,-0.9988209815422262,2.220446049250313e-16,0.0
rotation_037_case_08,B,14,-0.9988209815422262,-0.7062730892399116,-0.998820981542226,-0.9988209815422262,2.220446049250313e-16,0.0
rotation_037_case_08,B,15,-0.9988209815422262,-0.7062730892399116,-0.998820981542226,-0.9988209815422262,2.220446049250313e-16,0.0
rotation_037_case_08,B,16,-0.9988209815422262,-0.7062730892399116,-0.998820981542226,-0.9988209815422262,2.220446049250313e-16,0.0
rotation_037_case_08,B,17,-0.9988209815422262,-0.7062730892399116,-0.998820981542226,-0.9988209815422262,2.220446049250313e-16,0.0
rotation_037_case_08,B,18,-0.9988209815422262,-0.7062730892399116,-0.998820981542226,-0.9988209815422262,2.220446049250313e-16,0.0
rotation_037_case_08,B,19,-0.9988209815422262,-0.7062730892399116,-0.998820981542226,-0.9988209815422262,2.220446049250313e-16,0.0
rotation_037_case_08,B,20,-0.9988209815422262,-0.7062730892399116,-0.998820981542226,-0.9988209815422262,2.220446049250313e-16,0.0
rotation_037_case_08,B,21,-0.9988209815422262,-0.7062730892399116,-0.998820981542226,-0.9988209815422262,2.220446049250313e-16,0.0
rotation_037_case_08,B,22,-0.9988209815422262,-0.7062730892399116,-0.998820981542226,-0.9988209815422262,2.220446049250313e-16,0.0
rotation_037_case_08,B,23,-0.9988209815422262,-0.7062730892399116,-0.998820981542226,-0.9988209815422262,2.220446049250313e-16,0.0
rotation_037_case_08,B,24,-0.9988209815422262,-0.7062730892399116,-0.998820981542226,-0.9988209815422262,2.220446049250313e-16,0.0
rotation_037_case_08,B,25,-0.9988209815422262,-0.7062730892399116,-0.998820981542226,-0.9988209815422262,2.220446049250313e-16,0.0
rotation_037_case_08,B,26,-0.9988209815422262,-0.7062730892399116,-0.998820981542226,-0.9988209815422262,2.220446049250313e-16,0.0
rotation_037_case_08,B,27,-0.9988209815422262,-0.7062730892399116,-0.998820981542226,-0.9988209815422262,2.220446049250313e-16,0.0
rotation_037_case_08,B,28,-0.9988209815422262,-0.7062730892399116,-0.998820981542226,-0.9988209815422262,2.220446049250313e-16,0.0
rotation_037_case_08,B,29,-0.9988209815422262,-0.7062730892399116,-0.998820981542226,-0.9988209815422262,2.220446049250313e-16,0.0
rotation_037_case_08,B,30,-0.9988209815422262,-0.7062730892399116,-0.998820981542226,-0.9988209815422262,2.220446049250313e-16,0.0
rotation_037_case_08,B,31,-0.9988209815422262,-0.7062730892399116,-0.998820981542226,-0.9988209815422262,2.220446049250313e-16,0.0
rotation_037_case_08,B,32,-0.9988209815422262,-0.7062730892399116,-0.998820981542226,-0.9988209815422262,2.220446049250313e-16,0.0
rotation_037_case_08,B,33,-0.9988209815422262,-0.7062730892399116,-0.998820981542226,-0.9988209815422262,2.220446049250313e-16,0.0
rotation_037_case_08,B,34,-0.9988209815422262,-0.7062730892399116,-0.998820981542226,-0.9988209815422262,2.220446049250313e-16,0.0
rotation_037_case_08,B,35,-0.9988209815422262,-0.7062730892399116,-0.998820981542226,-0.9988209815422262,2.220446049250313e-16,0.0
rotation_037_case_08,B,36,-0.9988209815422262,-0.7062730892399116,-0.998820981542226,-0.9988209815422262,2.220446049250313e-16,0.0
rotation_037_case_08,B,37,-0.9988209815422262,-0.7062730892399116,-0.998820981542226,-0.9988209815422262,2.220446049250313e-16,0.0
rotation_037_case_08,B,38,-0.9988209815422262,-0.7062730892399116,-0.998820981542226,-0.9988209815422262,2.220446049250313e-16,0.0
rotation_037_case_08,B,39,-0.9988209815422262,-0.7062730892399116,-0.998820981542226,-0.9988209815422262,2.220446049250313e-16,0.0
rotation_037_case_08,B,40,-0.9988209815422262,-0.7062730892399116,-0.998820981542226,-0.9988209815422262,2.220446049250313e-16,0.0
rotation_037_case_08,B,41,-0.9988209815422262,-0.7062730892399116,-0.998820981542226,-0.9988209815422262,2.220446049250313e-16,0.0
rotation_037_case_08,B,42,-0.9988209815422262,-0.7062730892399116,-0.998820981542226,-0.9988209815422262,2.220446049250313e-16,0.0
rotation_037_case_08,B,43,-0.9988209815422262,-0.7062730892399116,-0.998820981542226,-0.9988209815422262,2.220446049250313e-16,0.0
rotation_037_case_08,B,44,-0.9988209815422262,-0.7062730892399116,-0.998820981542226,-0.9988209815422262,2.220446049250313e-16,0.0
rotation_037_case_08,B,45,-0.9988209815422262,-0.7062730892399116,-0.998820981542226,-0.9988209815422262,2.220446049250313e-16,0.0
rotation_037_case_08,B,46,-0.9988209815422262,-0.7062730892399116,-0.998820981542226,-0.9988209815422262,2.220446049250313e-16,0.0
rotation_037_case_08,B,47,-0.9988209815422262,-0.7062730892399116,-0.998820981542226,-0.9988209815422262,2.220446049250313e-16,0.0
rotation_037_case_08,B,48,-0.9988209815422262,-0.7062730892399116,-0.998820981542226,-0.9988209815422262,2.220446049250313e-16,0.0
rotation_037_case_08,B,49,-0.9988209815422262,-0.7062730892399116,-0.998820981542226,-0.9988209815422262,2.220446049250313e-16,0.0
rotation_037_case_08,B,50,-0.9988209815422262,-0.7062730892399116,-0.998820981542226,-0.9988209815422262,2.220446049250313e-16,0.0
rotation_037_case_08,B,51,-0.9988209815422262,-0.7062730892399116,-0.998820981542226,-0.9988209815422262,2.220446049250313e-16,0.0
rotation_037_case_08,B,52,-0.9988209815422262,-0.7062730892399116,-0.998820981542226,-0.9988209815422262,2.220446049250313e-16,0.0
rotation_037_case_08,B,53,-0.9988209815422262,-0.7062730892399116,-0.998820981542226,-0.9988209815422262,2.220446049250313e-16,0.0
rotation_037_case_08,B,54,-0.9988209815422262,-0.7062730892399116,-0.998820981542226,-0.9988209815422262,2.220446049250313e-16,0.0
rotation_037_case_08,B,55,-0.9988209815422262,-0.7062730892399116,-0.998820981542226,-0.9988209815422262,2.220446049250313e-16,0.0
rotation_037_case_08,B,56,-0.9988209815422262,-0.7062730892399116,-0.998820981542226,-0.9988209815422262,2.220446049250313e-16,0.0
rotation_037_case_08,B,57,-0.9988209815422262,-0.7062730892399116,-0.998820981542226,-0.9988209815422262,2.220446049250313e-16,0.0
rotation_037_case_08,B,58,-0.9988209815422262,-0.7062730892399116,-0.998820981542226,-0.9988209815422262,2.220446049250313e-16,0.0
rotation_037_case_08,B,59,-0.9988209815422262,-0.7062730892399116,-0.998820981542226,-0.9988209815422262,2.220446049250313e-16,0.0
rotation_037_case_08,B,60,-0.9988209815422262,-0.7062730892399116,-0.998820981542226,-0.9988209815422262,2.220446049250313e-16,0.0
rotation_037_case_08,B,61,-0.9988209815422262,-0.7062730892399116,-0.998820981542226,-0.9988209815422262,2.220446049250313e-16,0.0
rotation_037_case_08,B,62,-0.9988209815422262,-0.7062730892399116,-0.998820981542226,-0.9988209815422262,2.220446049250313e-16,0.0
rotation_037_case_08,B,63,-0.9988209815422262,-0.7062730892399116,-0.998820981542226,-0.9988209815422262,2.220446049250313e-16,0.0
rotation_037_case_08,B,64,-0.9988209815422262,-0.7062730892399116,-0.998820981542226,-0.9988209815422262,2.220446049250313e-16,0.0
rotation_037_case_09,A,1,-0.1,-0.07071067811865475,,,,
rotation_037_case_09,A,2,-0.19,-0.13435028842544403,,,,
rotation_037_case_09,A,3,-0.271,-0.1916259377015544,,,,
rotation_037_case_09,A,4,-0.34390000000000004,-0.24317402205005373,,,,
rotation_037_case_09,A,5,-0.40951000000000004,-0.28956729796370306,,,,
rotation_037_case_09,A,6,-0.4685590000000001,-0.3313212462859875,,,,
rotation_037_case_09,A,7,-0.5217031000000001,-0.3688997997760435,,,,
rotation_037_case_09,A,8,-0.56953279,-0.40272049791709386,,,,
rotation_037_case_09,A,9,-0.6125795110000001,-0.43315912624403924,,,,
rotation_037_case_09,A,10,-0.6513215599000001,-0.4605538917382901,,,,
rotation_037_case_09,A,11,-0.6861894039100002,-0.4852091806831158,,,,
rotation_037_case_09,A,12,-0.7175704635190001,-0.507398940733459,,,,
rotation_037_case_09,A,13,-0.7458134171671,-0.5273697247787679,,,,
rotation_037_case_09,A,14,-0.7712320754503901,-0.5453434304195458,,,,
rotation_037_case_09,A,15,-0.7941088679053511,-0.561519765496246,,,,
rotation_037_case_09,A,16,-0.814697981114816,-0.5760784670652761,,,,
rotation_037_case_09,A,17,-0.8332281830033345,-0.5891812984774032,,,,
rotation_037_case_09,A,18,-0.8499053647030009,-0.6009738467483177,,,,
rotation_037_case_09,A,19,-0.8649148282327008,-0.6115871401921407,,,,
rotation_037_case_09,A,20,-0.8784233454094308,-0.6211391042915814,,,,
rotation_037_case_09,A,21,-0.8905810108684877,-0.6297358719810779,,,,
rotation_037_case_09,A,22,-0.901522909781639,-0.6374729629016249,,,,
rotation_037_case_09,A,23,-0.911370618803475,-0.6444363447301172,,,,
rotation_037_case_09,A,24,-0.9202335569231276,-0.6507033883757602,,,,
rotation_037_case_09,A,25,-0.9282102012308149,-0.6563437276568389,,,,
rotation_037_case_09,A,26,-0.9353891811077334,-0.6614200330098098,,,,
rotation_037_case_09,A,27,-0.9418502629969601,-0.6659887078274835,,,,
rotation_037_case_09,A,28,-0.9476652366972641,-0.67010051516339,,,,
rotation_037_case_09,A,29,-0.9528987130275377,-0.6738011417657057,,,,
rotation_037_case_09,A,30,-0.9576088417247839,-0.6771317057077899,,,,
rotation_037_case_09,A,31,-0.9618479575523055,-0.6801292132556657,,,,
rotation_037_case_09,A,32,-0.9656631617970749,-0.6828269700487539,,,,
rotation_037_case_09,A,33,-0.9690968456173674,-0.6852549511625332,,,,
rotation_037_case_09,A,34,-0.9721871610556306,-0.6874401341649347,,,,
rotation_037_case_09,A,35,-0.9749684449500676,-0.6894067988670959,,,,
rotation_037_case_09,A,36,-0.9774716004550608,-0.691176797099041,,,,
rotation_037_case_09,A,37,-0.9797244404095548,-0.6927697955077917,,,,
rotation_037_case_09,A,38,-0.9817519963685992,-0.6942034940756673,,,,
rotation_037_case_09,A,39,-0.9835767967317393,-0.6954938227867553,,,,
rotation_037_case_09,A,40,-0.9852191170585654,-0.6966551186267345,,,,
rotation_037_case_09,A,41,-0.9866972053527088,-0.6977002848827157,,,,
rotation_037_case_09,A,42,-0.988027484817438,-0.6986409345130989,,,,
rotation_037_case_09,A,43,-0.9892247363356941,-0.6994875191804437,,,,
rotation_037_case_09,A,44,-0.9903022627021247,-0.7002494453810542,,,,
rotation_037_case_09,A,45,-0.9912720364319123,-0.7009351789616036,,,,
rotation_037_case_09,A,46,-0.9921448327887211,-0.701552339184098,,,,
rotation_037_case_09,A,47,-0.9929303495098489,-0.702107783384343,,,,
rotation_037_case_09,A,48,-0.9936373145588641,-0.7026076831645633,,,,
rotation_037_case_09,A,49,-0.9942735831029776,-0.7030575929667617,,,,
rotation_037_case_09,A,50,-0.9948462247926799,-0.7034625117887404,,,,
rotation_037_case_09,A,51,-0.995361602313412,-0.7038269387285212,,,,
rotation_037_case_09,A,52,-0.9958254420820708,-0.7041549229743238,,,,
rotation_037_case_09,A,53,-0.9962428978738638,-0.7044501087955461,,,,
rotation_037_case_09,A,54,-0.9966186080864773,-0.7047157760346463,,,,
rotation_037_case_09,A,55,-0.9969567472778296,-0.7049548765498364,,,,
rotation_037_case_09,A,56,-0.9972610725500466,-0.7051700670135075,,,,
rotation_037_case_09,A,57,-0.997534965295042,-0.7053637384308116,,,,
rotation_037_case_09,A,58,-0.9977814687655377,-0.7055380427063851,,,,
rotation_037_case_09,A,59,-0.998003321888984,-0.7056949165544014,,,,
rotation_037_case_09,A,60,-0.9982029897000857,-0.7058361030176161,,,,
rotation_037_case_09,A,61,-0.998382690730077,-0.7059631708345091,,,,
rotation_037_case_09,A,62,-0.9985444216570694,-0.706077531869713,,,,
rotation_037_case_09,A,63,-0.9986899794913624,-0.7061804568013965,,,,
rotation_037_case_09,A,64,-0.9988209815422262,-0.7062730892399116,,,,
rotation_037_case_09,B,1,-0.9988209815422262,-0.7062730892399116,-0.998820981542226,-0.9988209815422262,2.220446049250313e-16,0.0
rotation_037_case_09,B,2,-0.9988209815422262,-0.7062730892399116,-0.998820981542226,-0.9988209815422262,2.220446049250313e-16,0.0
rotation_037_case_09,B,3,-0.9988209815422262,-0.7062730892399116,-0.998820981542226,-0.9988209815422262,2.220446049250313e-16,0.0
rotation_037_case_09,B,4,-0.9988209815422262,-0.7062730892399116,-0.998820981542226,-0.9988209815422262,2.220446049250313e-16,0.0
rotation_037_case_09,B,5,-0.9988209815422262,-0.7062730892399116,-0.998820981542226,-0.9988209815422262,2.220446049250313e-16,0.0
rotation_037_case_09,B,6,-0.9988209815422262,-0.7062730892399116,-0.998820981542226,-0.9988209815422262,2.220446049250313e-16,0.0
rotation_037_case_09,B,7,-0.9988209815422262,-0.7062730892399116,-0.998820981542226,-0.9988209815422262,2.220446049250313e-16,0.0
rotation_037_case_09,B,8,-0.9988209815422262,-0.7062730892399116,-0.998820981542226,-0.9988209815422262,2.220446049250313e-16,0.0
rotation_037_case_09,B,9,-0.9988209815422262,-0.7062730892399116,-0.998820981542226,-0.9988209815422262,2.220446049250313e-16,0.0
rotation_037_case_09,B,10,-0.9988209815422262,-0.7062730892399116,-0.998820981542226,-0.9988209815422262,2.220446049250313e-16,0.0
rotation_037_case_09,B,11,-0.9988209815422262,-0.7062730892399116,-0.998820981542226,-0.9988209815422262,2.220446049250313e-16,0.0
rotation_037_case_09,B,12,-0.9988209815422262,-0.7062730892399116,-0.998820981542226,-0.9988209815422262,2.220446049250313e-16,0.0
rotation_037_case_09,B,13,-0.9988209815422262,-0.7062730892399116,-0.998820981542226,-0.9988209815422262,2.220446049250313e-16,0.0
rotation_037_case_09,B,14,-0.9988209815422262,-0.7062730892399116,-0.998820981542226,-0.9988209815422262,2.220446049250313e-16,0.0
rotation_037_case_09,B,15,-0.9988209815422262,-0.7062730892399116,-0.998820981542226,-0.9988209815422262,2.220446049250313e-16,0.0
rotation_037_case_09,B,16,-0.9988209815422262,-0.7062730892399116,-0.998820981542226,-0.9988209815422262,2.220446049250313e-16,0.0
rotation_037_case_09,B,17,-0.9988209815422262,-0.7062730892399116,-0.998820981542226,-0.9988209815422262,2.220446049250313e-16,0.0
rotation_037_case_09,B,18,-0.9988209815422262,-0.7062730892399116,-0.998820981542226,-0.9988209815422262,2.220446049250313e-16,0.0
rotation_037_case_09,B,19,-0.9988209815422262,-0.7062730892399116,-0.998820981542226,-0.9988209815422262,2.220446049250313e-16,0.0
rotation_037_case_09,B,20,-0.9988209815422262,-0.7062730892399116,-0.998820981542226,-0.9988209815422262,2.220446049250313e-16,0.0
rotation_037_case_09,B,21,-0.9988209815422262,-0.7062730892399116,-0.998820981542226,-0.9988209815422262,2.220446049250313e-16,0.0
rotation_037_case_09,B,22,-0.9988209815422262,-0.7062730892399116,-0.998820981542226,-0.9988209815422262,2.220446049250313e-16,0.0
rotation_037_case_09,B,23,-0.9988209815422262,-0.7062730892399116,-0.998820981542226,-0.9988209815422262,2.220446049250313e-16,0.0
rotation_037_case_09,B,24,-0.9988209815422262,-0.7062730892399116,-0.998820981542226,-0.9988209815422262,2.220446049250313e-16,0.0
rotation_037_case_09,B,25,-0.9988209815422262,-0.7062730892399116,-0.998820981542226,-0.9988209815422262,2.220446049250313e-16,0.0
rotation_037_case_09,B,26,-0.9988209815422262,-0.7062730892399116,-0.998820981542226,-0.9988209815422262,2.220446049250313e-16,0.0
rotation_037_case_09,B,27,-0.9988209815422262,-0.7062730892399116,-0.998820981542226,-0.9988209815422262,2.220446049250313e-16,0.0
rotation_037_case_09,B,28,-0.9988209815422262,-0.7062730892399116,-0.998820981542226,-0.9988209815422262,2.220446049250313e-16,0.0
rotation_037_case_09,B,29,-0.9988209815422262,-0.7062730892399116,-0.998820981542226,-0.9988209815422262,2.220446049250313e-16,0.0
rotation_037_case_09,B,30,-0.9988209815422262,-0.7062730892399116,-0.998820981542226,-0.9988209815422262,2.220446049250313e-16,0.0
rotation_037_case_09,B,31,-0.9988209815422262,-0.7062730892399116,-0.998820981542226,-0.9988209815422262,2.220446049250313e-16,0.0
rotation_037_case_09,B,32,-0.9988209815422262,-0.7062730892399116,-0.998820981542226,-0.9988209815422262,2.220446049250313e-16,0.0
rotation_037_case_09,B,33,-0.9988209815422262,-0.7062730892399116,-0.998820981542226,-0.9988209815422262,2.220446049250313e-16,0.0
rotation_037_case_09,B,34,-0.9988209815422262,-0.7062730892399116,-0.998820981542226,-0.9988209815422262,2.220446049250313e-16,0.0
rotation_037_case_09,B,35,-0.9988209815422262,-0.7062730892399116,-0.998820981542226,-0.9988209815422262,2.220446049250313e-16,0.0
rotation_037_case_09,B,36,-0.9988209815422262,-0.7062730892399116,-0.998820981542226,-0.9988209815422262,2.220446049250313e-16,0.0
rotation_037_case_09,B,37,-0.9988209815422262,-0.7062730892399116,-0.998820981542226,-0.9988209815422262,2.220446049250313e-16,0.0
rotation_037_case_09,B,38,-0.9988209815422262,-0.7062730892399116,-0.998820981542226,-0.9988209815422262,2.220446049250313e-16,0.0
rotation_037_case_09,B,39,-0.9988209815422262,-0.7062730892399116,-0.998820981542226,-0.9988209815422262,2.220446049250313e-16,0.0
rotation_037_case_09,B,40,-0.9988209815422262,-0.7062730892399116,-0.998820981542226,-0.9988209815422262,2.220446049250313e-16,0.0
rotation_037_case_09,B,41,-0.9988209815422262,-0.7062730892399116,-0.998820981542226,-0.9988209815422262,2.220446049250313e-16,0.0
rotation_037_case_09,B,42,-0.9988209815422262,-0.7062730892399116,-0.998820981542226,-0.9988209815422262,2.220446049250313e-16,0.0
rotation_037_case_09,B,43,-0.9988209815422262,-0.7062730892399116,-0.998820981542226,-0.9988209815422262,2.220446049250313e-16,0.0
rotation_037_case_09,B,44,-0.9988209815422262,-0.7062730892399116,-0.998820981542226,-0.9988209815422262,2.220446049250313e-16,0.0
rotation_037_case_09,B,45,-0.9988209815422262,-0.7062730892399116,-0.998820981542226,-0.9988209815422262,2.220446049250313e-16,0.0
rotation_037_case_09,B,46,-0.9988209815422262,-0.7062730892399116,-0.998820981542226,-0.9988209815422262,2.220446049250313e-16,0.0
rotation_037_case_09,B,47,-0.9988209815422262,-0.7062730892399116,-0.998820981542226,-0.9988209815422262,2.220446049250313e-16,0.0
rotation_037_case_09,B,48,-0.9988209815422262,-0.7062730892399116,-0.998820981542226,-0.9988209815422262,2.220446049250313e-16,0.0
rotation_037_case_09,B,49,-0.9988209815422262,-0.7062730892399116,-0.998820981542226,-0.9988209815422262,2.220446049250313e-16,0.0
rotation_037_case_09,B,50,-0.9988209815422262,-0.7062730892399116,-0.998820981542226,-0.9988209815422262,2.220446049250313e-16,0.0
rotation_037_case_09,B,51,-0.9988209815422262,-0.7062730892399116,-0.998820981542226,-0.9988209815422262,2.220446049250313e-16,0.0
rotation_037_case_09,B,52,-0.9988209815422262,-0.7062730892399116,-0.998820981542226,-0.9988209815422262,2.220446049250313e-16,0.0
rotation_037_case_09,B,53,-0.9988209815422262,-0.7062730892399116,-0.998820981542226,-0.9988209815422262,2.220446049250313e-16,0.0
rotation_037_case_09,B,54,-0.9988209815422262,-0.7062730892399116,-0.998820981542226,-0.9988209815422262,2.220446049250313e-16,0.0
rotation_037_case_09,B,55,-0.9988209815422262,-0.7062730892399116,-0.998820981542226,-0.9988209815422262,2.220446049250313e-16,0.0
rotation_037_case_09,B,56,-0.9988209815422262,-0.7062730892399116,-0.998820981542226,-0.9988209815422262,2.220446049250313e-16,0.0
rotation_037_case_09,B,57,-0.9988209815422262,-0.7062730892399116,-0.998820981542226,-0.9988209815422262,2.220446049250313e-16,0.0
rotation_037_case_09,B,58,-0.9988209815422262,-0.7062730892399116,-0.998820981542226,-0.9988209815422262,2.220446049250313e-16,0.0
rotation_037_case_09,B,59,-0.9988209815422262,-0.7062730892399116,-0.998820981542226,-0.9988209815422262,2.220446049250313e-16,0.0
rotation_037_case_09,B,60,-0.9988209815422262,-0.7062730892399116,-0.998820981542226,-0.9988209815422262,2.220446049250313e-16,0.0
rotation_037_case_09,B,61,-0.9988209815422262,-0.7062730892399116,-0.998820981542226,-0.9988209815422262,2.220446049250313e-16,0.0
rotation_037_case_09,B,62,-0.9988209815422262,-0.7062730892399116,-0.998820981542226,-0.9988209815422262,2.220446049250313e-16,0.0
rotation_037_case_09,B,63,-0.9988209815422262,-0.7062730892399116,-0.998820981542226,-0.9988209815422262,2.220446049250313e-16,0.0
rotation_037_case_09,B,64,-0.9988209815422262,-0.7062730892399116,-0.998820981542226,-0.9988209815422262,2.220446049250313e-16,0.0
rotation_037_case_10,A,1,0.1,0.07071067811865475,,,,
rotation_037_case_10,A,2,0.19,0.13435028842544403,,,,
rotation_037_case_10,A,3,0.271,0.1916259377015544,,,,
rotation_037_case_10,A,4,0.34390000000000004,0.24317402205005373,,,,
rotation_037_case_10,A,5,0.40951000000000004,0.28956729796370306,,,,
rotation_037_case_10,A,6,0.4685590000000001,0.3313212462859875,,,,
rotation_037_case_10,A,7,0.5217031000000001,0.3688997997760435,,,,
rotation_037_case_10,A,8,0.56953279,0.40272049791709386,,,,
rotation_037_case_10,A,9,0.6125795110000001,0.43315912624403924,,,,
rotation_037_case_10,A,10,0.6513215599000001,0.4605538917382901,,,,
rotation_037_case_10,A,11,0.6861894039100002,0.4852091806831158,,,,
rotation_037_case_10,A,12,0.7175704635190001,0.507398940733459,,,,
rotation_037_case_10,A,13,0.7458134171671,0.5273697247787679,,,,
rotation_037_case_10,A,14,0.7712320754503901,0.5453434304195458,,,,
rotation_037_case_10,A,15,0.7941088679053511,0.561519765496246,,,,
rotation_037_case_10,A,16,0.814697981114816,0.5760784670652761,,,,
rotation_037_case_10,A,17,0.8332281830033345,0.5891812984774032,,,,
rotation_037_case_10,A,18,0.8499053647030009,0.6009738467483177,,,,
rotation_037_case_10,A,19,0.8649148282327008,0.6115871401921407,,,,
rotation_037_case_10,A,20,0.8784233454094308,0.6211391042915814,,,,
rotation_037_case_10,A,21,0.8905810108684877,0.6297358719810779,,,,
rotation_037_case_10,A,22,0.901522909781639,0.6374729629016249,,,,
rotation_037_case_10,A,23,0.911370618803475,0.6444363447301172,,,,
rotation_037_case_10,A,24,0.9202335569231276,0.6507033883757602,,,,
rotation_037_case_10,A,25,0.9282102012308149,0.6563437276568389,,,,
rotation_037_case_10,A,26,0.9353891811077334,0.6614200330098098,,,,
rotation_037_case_10,A,27,0.9418502629969601,0.6659887078274835,,,,
rotation_037_case_10,A,28,0.9476652366972641,0.67010051516339,,,,
rotation_037_case_10,A,29,0.9528987130275377,0.6738011417657057,,,,
rotation_037_case_10,A,30,0.9576088417247839,0.6771317057077899,,,,
rotation_037_case_10,A,31,0.9618479575523055,0.6801292132556657,,,,
rotation_037_case_10,A,32,0.9656631617970749,0.6828269700487539,,,,
rotation_037_case_10,A,33,0.9690968456173674,0.6852549511625332,,,,
rotation_037_case_10,A,34,0.9721871610556306,0.6874401341649347,,,,
rotation_037_case_10,A,35,0.9749684449500676,0.6894067988670959,,,,
rotation_037_case_10,A,36,0.9774716004550608,0.691176797099041,,,,
rotation_037_case_10,A,37,0.9797244404095548,0.6927697955077917,,,,
rotation_037_case_10,A,38,0.9817519963685992,0.6942034940756673,,,,
rotation_037_case_10,A,39,0.9835767967317393,0.6954938227867553,,,,
rotation_037_case_10,A,40,0.9852191170585654,0.6966551186267345,,,,
rotation_037_case_10,A,41,0.9866972053527088,0.6977002848827157,,,,
rotation_037_case_10,A,42,0.988027484817438,0.6986409345130989,,,,
rotation_037_case_10,A,43,0.9892247363356941,0.6994875191804437,,,,
rotation_037_case_10,A,44,0.9903022627021247,0.7002494453810542,,,,
rotation_037_case_10,A,45,0.9912720364319123,0.7009351789616036,,,,
rotation_037_case_10,A,46,0.9921448327887211,0.701552339184098,,,,
rotation_037_case_10,A,47,0.9929303495098489,0.702107783384343,,,,
rotation_037_case_10,A,48,0.9936373145588641,0.7026076831645633,,,,
rotation_037_case_10,A,49,0.9942735831029776,0.7030575929667617,,,,
rotation_037_case_10,A,50,0.9948462247926799,0.7034625117887404,,,,
rotation_037_case_10,A,51,0.995361602313412,0.7038269387285212,,,,
rotation_037_case_10,A,52,0.9958254420820708,0.7041549229743238,,,,
rotation_037_case_10,A,53,0.9962428978738638,0.7044501087955461,,,,
rotation_037_case_10,A,54,0.9966186080864773,0.7047157760346463,,,,
rotation_037_case_10,A,55,0.9969567472778296,0.7049548765498364,,,,
rotation_037_case_10,A,56,0.9972610725500466,0.7051700670135075,,,,
rotation_037_case_10,A,57,0.997534965295042,0.7053637384308116,,,,
rotation_037_case_10,A,58,0.9977814687655377,0.7055380427063851,,,,
rotation_037_case_10,A,59,0.998003321888984,0.7056949165544014,,,,
rotation_037_case_10,A,60,0.9982029897000857,0.7058361030176161,,,,
rotation_037_case_10,A,61,0.998382690730077,0.7059631708345091,,,,
rotation_037_case_10,A,62,0.9985444216570694,0.706077531869713,,,,
rotation_037_case_10,A,63,0.9986899794913624,0.7061804568013965,,,,
rotation_037_case_10,A,64,0.9988209815422262,0.7062730892399116,,,,
rotation_037_case_10,B,1,0.9988209815422262,0.7062730892399116,0.998820981542226,0.9988209815422262,2.220446049250313e-16,0.0
rotation_037_case_10,B,2,0.9988209815422262,0.7062730892399116,0.998820981542226,0.9988209815422262,2.220446049250313e-16,0.0
rotation_037_case_10,B,3,0.9988209815422262,0.7062730892399116,0.998820981542226,0.9988209815422262,2.220446049250313e-16,0.0
rotation_037_case_10,B,4,0.9988209815422262,0.7062730892399116,0.998820981542226,0.9988209815422262,2.220446049250313e-16,0.0
rotation_037_case_10,B,5,0.9988209815422262,0.7062730892399116,0.998820981542226,0.9988209815422262,2.220446049250313e-16,0.0
rotation_037_case_10,B,6,0.9988209815422262,0.7062730892399116,0.998820981542226,0.9988209815422262,2.220446049250313e-16,0.0
rotation_037_case_10,B,7,0.9988209815422262,0.7062730892399116,0.998820981542226,0.9988209815422262,2.220446049250313e-16,0.0
rotation_037_case_10,B,8,0.9988209815422262,0.7062730892399116,0.998820981542226,0.9988209815422262,2.220446049250313e-16,0.0
rotation_037_case_10,B,9,0.9988209815422262,0.7062730892399116,0.998820981542226,0.9988209815422262,2.220446049250313e-16,0.0
rotation_037_case_10,B,10,0.9988209815422262,0.7062730892399116,0.998820981542226,0.9988209815422262,2.220446049250313e-16,0.0
rotation_037_case_10,B,11,0.9988209815422262,0.7062730892399116,0.998820981542226,0.9988209815422262,2.220446049250313e-16,0.0
rotation_037_case_10,B,12,0.9988209815422262,0.7062730892399116,0.998820981542226,0.9988209815422262,2.220446049250313e-16,0.0
rotation_037_case_10,B,13,0.9988209815422262,0.7062730892399116,0.998820981542226,0.9988209815422262,2.220446049250313e-16,0.0
rotation_037_case_10,B,14,0.9988209815422262,0.7062730892399116,0.998820981542226,0.9988209815422262,2.220446049250313e-16,0.0
rotation_037_case_10,B,15,0.9988209815422262,0.7062730892399116,0.998820981542226,0.9988209815422262,2.220446049250313e-16,0.0
rotation_037_case_10,B,16,0.9988209815422262,0.7062730892399116,0.998820981542226,0.9988209815422262,2.220446049250313e-16,0.0
rotation_037_case_10,B,17,0.9988209815422262,0.7062730892399116,0.998820981542226,0.9988209815422262,2.220446049250313e-16,0.0
rotation_037_case_10,B,18,0.9988209815422262,0.7062730892399116,0.998820981542226,0.9988209815422262,2.220446049250313e-16,0.0
rotation_037_case_10,B,19,0.9988209815422262,0.7062730892399116,0.998820981542226,0.9988209815422262,2.220446049250313e-16,0.0
rotation_037_case_10,B,20,0.9988209815422262,0.7062730892399116,0.998820981542226,0.9988209815422262,2.220446049250313e-16,0.0
rotation_037_case_10,B,21,0.9988209815422262,0.7062730892399116,0.998820981542226,0.9988209815422262,2.220446049250313e-16,0.0
rotation_037_case_10,B,22,0.9988209815422262,0.7062730892399116,0.998820981542226,0.9988209815422262,2.220446049250313e-16,0.0
rotation_037_case_10,B,23,0.9988209815422262,0.7062730892399116,0.998820981542226,0.9988209815422262,2.220446049250313e-16,0.0
rotation_037_case_10,B,24,0.9988209815422262,0.7062730892399116,0.998820981542226,0.9988209815422262,2.220446049250313e-16,0.0
rotation_037_case_10,B,25,0.9988209815422262,0.7062730892399116,0.998820981542226,0.9988209815422262,2.220446049250313e-16,0.0
rotation_037_case_10,B,26,0.9988209815422262,0.7062730892399116,0.998820981542226,0.9988209815422262,2.220446049250313e-16,0.0
rotation_037_case_10,B,27,0.9988209815422262,0.7062730892399116,0.998820981542226,0.9988209815422262,2.220446049250313e-16,0.0
rotation_037_case_10,B,28,0.9988209815422262,0.7062730892399116,0.998820981542226,0.9988209815422262,2.220446049250313e-16,0.0
rotation_037_case_10,B,29,0.9988209815422262,0.7062730892399116,0.998820981542226,0.9988209815422262,2.220446049250313e-16,0.0
rotation_037_case_10,B,30,0.9988209815422262,0.7062730892399116,0.998820981542226,0.9988209815422262,2.220446049250313e-16,0.0
rotation_037_case_10,B,31,0.9988209815422262,0.7062730892399116,0.998820981542226,0.9988209815422262,2.220446049250313e-16,0.0
rotation_037_case_10,B,32,0.9988209815422262,0.7062730892399116,0.998820981542226,0.9988209815422262,2.220446049250313e-16,0.0
rotation_037_case_10,B,33,0.9988209815422262,0.7062730892399116,0.998820981542226,0.9988209815422262,2.220446049250313e-16,0.0
rotation_037_case_10,B,34,0.9988209815422262,0.7062730892399116,0.998820981542226,0.9988209815422262,2.220446049250313e-16,0.0
rotation_037_case_10,B,35,0.9988209815422262,0.7062730892399116,0.998820981542226,0.9988209815422262,2.220446049250313e-16,0.0
rotation_037_case_10,B,36,0.9988209815422262,0.7062730892399116,0.998820981542226,0.9988209815422262,2.220446049250313e-16,0.0
rotation_037_case_10,B,37,0.9988209815422262,0.7062730892399116,0.998820981542226,0.9988209815422262,2.220446049250313e-16,0.0
rotation_037_case_10,B,38,0.9988209815422262,0.7062730892399116,0.998820981542226,0.9988209815422262,2.220446049250313e-16,0.0
rotation_037_case_10,B,39,0.9988209815422262,0.7062730892399116,0.998820981542226,0.9988209815422262,2.220446049250313e-16,0.0
rotation_037_case_10,B,40,0.9988209815422262,0.7062730892399116,0.998820981542226,0.9988209815422262,2.220446049250313e-16,0.0
rotation_037_case_10,B,41,0.9988209815422262,0.7062730892399116,0.998820981542226,0.9988209815422262,2.220446049250313e-16,0.0
rotation_037_case_10,B,42,0.9988209815422262,0.7062730892399116,0.998820981542226,0.9988209815422262,2.220446049250313e-16,0.0
rotation_037_case_10,B,43,0.9988209815422262,0.7062730892399116,0.998820981542226,0.9988209815422262,2.220446049250313e-16,0.0
rotation_037_case_10,B,44,0.9988209815422262,0.7062730892399116,0.998820981542226,0.9988209815422262,2.220446049250313e-16,0.0
rotation_037_case_10,B,45,0.9988209815422262,0.7062730892399116,0.998820981542226,0.9988209815422262,2.220446049250313e-16,0.0
rotation_037_case_10,B,46,0.9988209815422262,0.7062730892399116,0.998820981542226,0.9988209815422262,2.220446049250313e-16,0.0
rotation_037_case_10,B,47,0.9988209815422262,0.7062730892399116,0.998820981542226,0.9988209815422262,2.220446049250313e-16,0.0
rotation_037_case_10,B,48,0.9988209815422262,0.7062730892399116,0.998820981542226,0.9988209815422262,2.220446049250313e-16,0.0
rotation_037_case_10,B,49,0.9988209815422262,0.7062730892399116,0.998820981542226,0.9988209815422262,2.220446049250313e-16,0.0
rotation_037_case_10,B,50,0.9988209815422262,0.7062730892399116,0.998820981542226,0.9988209815422262,2.220446049250313e-16,0.0
rotation_037_case_10,B,51,0.9988209815422262,0.7062730892399116,0.998820981542226,0.9988209815422262,2.220446049250313e-16,0.0
rotation_037_case_10,B,52,0.9988209815422262,0.7062730892399116,0.998820981542226,0.9988209815422262,2.220446049250313e-16,0.0
rotation_037_case_10,B,53,0.9988209815422262,0.7062730892399116,0.998820981542226,0.9988209815422262,2.220446049250313e-16,0.0
rotation_037_case_10,B,54,0.9988209815422262,0.7062730892399116,0.998820981542226,0.9988209815422262,2.220446049250313e-16,0.0
rotation_037_case_10,B,55,0.9988209815422262,0.7062730892399116,0.998820981542226,0.9988209815422262,2.220446049250313e-16,0.0
rotation_037_case_10,B,56,0.9988209815422262,0.7062730892399116,0.998820981542226,0.9988209815422262,2.220446049250313e-16,0.0
rotation_037_case_10,B,57,0.9988209815422262,0.7062730892399116,0.998820981542226,0.9988209815422262,2.220446049250313e-16,0.0
rotation_037_case_10,B,58,0.9988209815422262,0.7062730892399116,0.998820981542226,0.9988209815422262,2.220446049250313e-16,0.0
rotation_037_case_10,B,59,0.9988209815422262,0.7062730892399116,0.998820981542226,0.9988209815422262,2.220446049250313e-16,0.0
rotation_037_case_10,B,60,0.9988209815422262,0.7062730892399116,0.998820981542226,0.9988209815422262,2.220446049250313e-16,0.0
rotation_037_case_10,B,61,0.9988209815422262,0.7062730892399116,0.998820981542226,0.9988209815422262,2.220446049250313e-16,0.0
rotation_037_case_10,B,62,0.9988209815422262,0.7062730892399116,0.998820981542226,0.9988209815422262,2.220446049250313e-16,0.0
rotation_037_case_10,B,63,0.9988209815422262,0.7062730892399116,0.998820981542226,0.9988209815422262,2.220446049250313e-16,0.0
rotation_037_case_10,B,64,0.9988209815422262,0.7062730892399116,0.998820981542226,0.9988209815422262,2.220446049250313e-16,0.0
rotation_037_case_11,A,1,0.1,0.07071067811865475,,,,
rotation_037_case_11,A,2,0.19,0.13435028842544403,,,,
rotation_037_case_11,A,3,0.271,0.1916259377015544,,,,
rotation_037_case_11,A,4,0.34390000000000004,0.24317402205005373,,,,
rotation_037_case_11,A,5,0.40951000000000004,0.28956729796370306,,,,
rotation_037_case_11,A,6,0.4685590000000001,0.3313212462859875,,,,
rotation_037_case_11,A,7,0.5217031000000001,0.3688997997760435,,,,
rotation_037_case_11,A,8,0.56953279,0.40272049791709386,,,,
rotation_037_case_11,A,9,0.6125795110000001,0.43315912624403924,,,,
rotation_037_case_11,A,10,0.6513215599000001,0.4605538917382901,,,,
rotation_037_case_11,A,11,0.6861894039100002,0.4852091806831158,,,,
rotation_037_case_11,A,12,0.7175704635190001,0.507398940733459,,,,
rotation_037_case_11,A,13,0.7458134171671,0.5273697247787679,,,,
rotation_037_case_11,A,14,0.7712320754503901,0.5453434304195458,,,,
rotation_037_case_11,A,15,0.7941088679053511,0.561519765496246,,,,
rotation_037_case_11,A,16,0.814697981114816,0.5760784670652761,,,,
rotation_037_case_11,A,17,0.8332281830033345,0.5891812984774032,,,,
rotation_037_case_11,A,18,0.8499053647030009,0.6009738467483177,,,,
rotation_037_case_11,A,19,0.8649148282327008,0.6115871401921407,,,,
rotation_037_case_11,A,20,0.8784233454094308,0.6211391042915814,,,,
rotation_037_case_11,A,21,0.8905810108684877,0.6297358719810779,,,,
rotation_037_case_11,A,22,0.901522909781639,0.6374729629016249,,,,
rotation_037_case_11,A,23,0.911370618803475,0.6444363447301172,,,,
rotation_037_case_11,A,24,0.9202335569231276,0.6507033883757602,,,,
rotation_037_case_11,A,25,0.9282102012308149,0.6563437276568389,,,,
rotation_037_case_11,A,26,0.9353891811077334,0.6614200330098098,,,,
rotation_037_case_11,A,27,0.9418502629969601,0.6659887078274835,,,,
rotation_037_case_11,A,28,0.9476652366972641,0.67010051516339,,,,
rotation_037_case_11,A,29,0.9528987130275377,0.6738011417657057,,,,
rotation_037_case_11,A,30,0.9576088417247839,0.6771317057077899,,,,
rotation_037_case_11,A,31,0.9618479575523055,0.6801292132556657,,,,
rotation_037_case_11,A,32,0.9656631617970749,0.6828269700487539,,,,
rotation_037_case_11,A,33,0.9690968456173674,0.6852549511625332,,,,
rotation_037_case_11,A,34,0.9721871610556306,0.6874401341649347,,,,
rotation_037_case_11,A,35,0.9749684449500676,0.6894067988670959,,,,
rotation_037_case_11,A,36,0.9774716004550608,0.691176797099041,,,,
rotation_037_case_11,A,37,0.9797244404095548,0.6927697955077917,,,,
rotation_037_case_11,A,38,0.9817519963685992,0.6942034940756673,,,,
rotation_037_case_11,A,39,0.9835767967317393,0.6954938227867553,,,,
rotation_037_case_11,A,40,0.9852191170585654,0.6966551186267345,,,,
rotation_037_case_11,A,41,0.9866972053527088,0.6977002848827157,,,,
rotation_037_case_11,A,42,0.988027484817438,0.6986409345130989,,,,
rotation_037_case_11,A,43,0.9892247363356941,0.6994875191804437,,,,
rotation_037_case_11,A,44,0.9903022627021247,0.7002494453810542,,,,
rotation_037_case_11,A,45,0.9912720364319123,0.7009351789616036,,,,
rotation_037_case_11,A,46,0.9921448327887211,0.701552339184098,,,,
rotation_037_case_11,A,47,0.9929303495098489,0.702107783384343,,,,
rotation_037_case_11,A,48,0.9936373145588641,0.7026076831645633,,,,
rotation_037_case_11,A,49,0.9942735831029776,0.7030575929667617,,,,
rotation_037_case_11,A,50,0.9948462247926799,0.7034625117887404,,,,
rotation_037_case_11,A,51,0.995361602313412,0.7038269387285212,,,,
rotation_037_case_11,A,52,0.9958254420820708,0.7041549229743238,,,,
rotation_037_case_11,A,53,0.9962428978738638,0.7044501087955461,,,,
rotation_037_case_11,A,54,0.9966186080864773,0.7047157760346463,,,,
rotation_037_case_11,A,55,0.9969567472778296,0.7049548765498364,,,,
rotation_037_case_11,A,56,0.9972610725500466,0.7051700670135075,,,,
rotation_037_case_11,A,57,0.997534965295042,0.7053637384308116,,,,
rotation_037_case_11,A,58,0.9977814687655377,0.7055380427063851,,,,
rotation_037_case_11,A,59,0.998003321888984,0.7056949165544014,,,,
rotation_037_case_11,A,60,0.9982029897000857,0.7058361030176161,,,,
rotation_037_case_11,A,61,0.998382690730077,0.7059631708345091,,,,
rotation_037_case_11,A,62,0.9985444216570694,0.706077531869713,,,,
rotation_037_case_11,A,63,0.9986899794913624,0.7061804568013965,,,,
rotation_037_case_11,A,64,0.9988209815422262,0.7062730892399116,,,,
rotation_037_case_11,B,1,0.9988209815422262,0.7062730892399116,0.998820981542226,0.9988209815422262,2.220446049250313e-16,0.0
rotation_037_case_11,B,2,0.9988209815422262,0.7062730892399116,0.998820981542226,0.9988209815422262,2.220446049250313e-16,0.0
rotation_037_case_11,B,3,0.9988209815422262,0.7062730892399116,0.998820981542226,0.9988209815422262,2.220446049250313e-16,0.0
rotation_037_case_11,B,4,0.9988209815422262,0.7062730892399116,0.998820981542226,0.9988209815422262,2.220446049250313e-16,0.0
rotation_037_case_11,B,5,0.9988209815422262,0.7062730892399116,0.998820981542226,0.9988209815422262,2.220446049250313e-16,0.0
rotation_037_case_11,B,6,0.9988209815422262,0.7062730892399116,0.998820981542226,0.9988209815422262,2.220446049250313e-16,0.0
rotation_037_case_11,B,7,0.9988209815422262,0.7062730892399116,0.998820981542226,0.9988209815422262,2.220446049250313e-16,0.0
rotation_037_case_11,B,8,0.9988209815422262,0.7062730892399116,0.998820981542226,0.9988209815422262,2.220446049250313e-16,0.0
rotation_037_case_11,B,9,0.9988209815422262,0.7062730892399116,0.998820981542226,0.9988209815422262,2.220446049250313e-16,0.0
rotation_037_case_11,B,10,0.9988209815422262,0.7062730892399116,0.998820981542226,0.9988209815422262,2.220446049250313e-16,0.0
rotation_037_case_11,B,11,0.9988209815422262,0.7062730892399116,0.998820981542226,0.9988209815422262,2.220446049250313e-16,0.0
rotation_037_case_11,B,12,0.9988209815422262,0.7062730892399116,0.998820981542226,0.9988209815422262,2.220446049250313e-16,0.0
rotation_037_case_11,B,13,0.9988209815422262,0.7062730892399116,0.998820981542226,0.9988209815422262,2.220446049250313e-16,0.0
rotation_037_case_11,B,14,0.9988209815422262,0.7062730892399116,0.998820981542226,0.9988209815422262,2.220446049250313e-16,0.0
rotation_037_case_11,B,15,0.9988209815422262,0.7062730892399116,0.998820981542226,0.9988209815422262,2.220446049250313e-16,0.0
rotation_037_case_11,B,16,0.9988209815422262,0.7062730892399116,0.998820981542226,0.9988209815422262,2.220446049250313e-16,0.0
rotation_037_case_11,B,17,0.9988209815422262,0.7062730892399116,0.998820981542226,0.9988209815422262,2.220446049250313e-16,0.0
rotation_037_case_11,B,18,0.9988209815422262,0.7062730892399116,0.998820981542226,0.9988209815422262,2.220446049250313e-16,0.0
rotation_037_case_11,B,19,0.9988209815422262,0.7062730892399116,0.998820981542226,0.9988209815422262,2.220446049250313e-16,0.0
rotation_037_case_11,B,20,0.9988209815422262,0.7062730892399116,0.998820981542226,0.9988209815422262,2.220446049250313e-16,0.0
rotation_037_case_11,B,21,0.9988209815422262,0.7062730892399116,0.998820981542226,0.9988209815422262,2.220446049250313e-16,0.0
rotation_037_case_11,B,22,0.9988209815422262,0.7062730892399116,0.998820981542226,0.9988209815422262,2.220446049250313e-16,0.0
rotation_037_case_11,B,23,0.9988209815422262,0.7062730892399116,0.998820981542226,0.9988209815422262,2.220446049250313e-16,0.0
rotation_037_case_11,B,24,0.9988209815422262,0.7062730892399116,0.998820981542226,0.9988209815422262,2.220446049250313e-16,0.0
rotation_037_case_11,B,25,0.9988209815422262,0.7062730892399116,0.998820981542226,0.9988209815422262,2.220446049250313e-16,0.0
rotation_037_case_11,B,26,0.9988209815422262,0.7062730892399116,0.998820981542226,0.9988209815422262,2.220446049250313e-16,0.0
rotation_037_case_11,B,27,0.9988209815422262,0.7062730892399116,0.998820981542226,0.9988209815422262,2.220446049250313e-16,0.0
rotation_037_case_11,B,28,0.9988209815422262,0.7062730892399116,0.998820981542226,0.9988209815422262,2.220446049250313e-16,0.0
rotation_037_case_11,B,29,0.9988209815422262,0.7062730892399116,0.998820981542226,0.9988209815422262,2.220446049250313e-16,0.0
rotation_037_case_11,B,30,0.9988209815422262,0.7062730892399116,0.998820981542226,0.9988209815422262,2.220446049250313e-16,0.0
rotation_037_case_11,B,31,0.9988209815422262,0.7062730892399116,0.998820981542226,0.9988209815422262,2.220446049250313e-16,0.0
rotation_037_case_11,B,32,0.9988209815422262,0.7062730892399116,0.998820981542226,0.9988209815422262,2.220446049250313e-16,0.0
rotation_037_case_11,B,33,0.9988209815422262,0.7062730892399116,0.998820981542226,0.9988209815422262,2.220446049250313e-16,0.0
rotation_037_case_11,B,34,0.9988209815422262,0.7062730892399116,0.998820981542226,0.9988209815422262,2.220446049250313e-16,0.0
rotation_037_case_11,B,35,0.9988209815422262,0.7062730892399116,0.998820981542226,0.9988209815422262,2.220446049250313e-16,0.0
rotation_037_case_11,B,36,0.9988209815422262,0.7062730892399116,0.998820981542226,0.9988209815422262,2.220446049250313e-16,0.0
rotation_037_case_11,B,37,0.9988209815422262,0.7062730892399116,0.998820981542226,0.9988209815422262,2.220446049250313e-16,0.0
rotation_037_case_11,B,38,0.9988209815422262,0.7062730892399116,0.998820981542226,0.9988209815422262,2.220446049250313e-16,0.0
rotation_037_case_11,B,39,0.9988209815422262,0.7062730892399116,0.998820981542226,0.9988209815422262,2.220446049250313e-16,0.0
rotation_037_case_11,B,40,0.9988209815422262,0.7062730892399116,0.998820981542226,0.9988209815422262,2.220446049250313e-16,0.0
rotation_037_case_11,B,41,0.9988209815422262,0.7062730892399116,0.998820981542226,0.9988209815422262,2.220446049250313e-16,0.0
rotation_037_case_11,B,42,0.9988209815422262,0.7062730892399116,0.998820981542226,0.9988209815422262,2.220446049250313e-16,0.0
rotation_037_case_11,B,43,0.9988209815422262,0.7062730892399116,0.998820981542226,0.9988209815422262,2.220446049250313e-16,0.0
rotation_037_case_11,B,44,0.9988209815422262,0.7062730892399116,0.998820981542226,0.9988209815422262,2.220446049250313e-16,0.0
rotation_037_case_11,B,45,0.9988209815422262,0.7062730892399116,0.998820981542226,0.9988209815422262,2.220446049250313e-16,0.0
rotation_037_case_11,B,46,0.9988209815422262,0.7062730892399116,0.998820981542226,0.9988209815422262,2.220446049250313e-16,0.0
rotation_037_case_11,B,47,0.9988209815422262,0.7062730892399116,0.998820981542226,0.9988209815422262,2.220446049250313e-16,0.0
rotation_037_case_11,B,48,0.9988209815422262,0.7062730892399116,0.998820981542226,0.9988209815422262,2.220446049250313e-16,0.0
rotation_037_case_11,B,49,0.9988209815422262,0.7062730892399116,0.998820981542226,0.9988209815422262,2.220446049250313e-16,0.0
rotation_037_case_11,B,50,0.9988209815422262,0.7062730892399116,0.998820981542226,0.9988209815422262,2.220446049250313e-16,0.0
rotation_037_case_11,B,51,0.9988209815422262,0.7062730892399116,0.998820981542226,0.9988209815422262,2.220446049250313e-16,0.0
rotation_037_case_11,B,52,0.9988209815422262,0.7062730892399116,0.998820981542226,0.9988209815422262,2.220446049250313e-16,0.0
rotation_037_case_11,B,53,0.9988209815422262,0.7062730892399116,0.998820981542226,0.9988209815422262,2.220446049250313e-16,0.0
rotation_037_case_11,B,54,0.9988209815422262,0.7062730892399116,0.998820981542226,0.9988209815422262,2.220446049250313e-16,0.0
rotation_037_case_11,B,55,0.9988209815422262,0.7062730892399116,0.998820981542226,0.9988209815422262,2.220446049250313e-16,0.0
rotation_037_case_11,B,56,0.9988209815422262,0.7062730892399116,0.998820981542226,0.9988209815422262,2.220446049250313e-16,0.0
rotation_037_case_11,B,57,0.9988209815422262,0.7062730892399116,0.998820981542226,0.9988209815422262,2.220446049250313e-16,0.0
rotation_037_case_11,B,58,0.9988209815422262,0.7062730892399116,0.998820981542226,0.9988209815422262,2.220446049250313e-16,0.0
rotation_037_case_11,B,59,0.9988209815422262,0.7062730892399116,0.998820981542226,0.9988209815422262,2.220446049250313e-16,0.0
rotation_037_case_11,B,60,0.9988209815422262,0.7062730892399116,0.998820981542226,0.9988209815422262,2.220446049250313e-16,0.0
rotation_037_case_11,B,61,0.9988209815422262,0.7062730892399116,0.998820981542226,0.9988209815422262,2.220446049250313e-16,0.0
rotation_037_case_11,B,62,0.9988209815422262,0.7062730892399116,0.998820981542226,0.9988209815422262,2.220446049250313e-16,0.0
rotation_037_case_11,B,63,0.9988209815422262,0.7062730892399116,0.998820981542226,0.9988209815422262,2.220446049250313e-16,0.0
rotation_037_case_11,B,64,0.9988209815422262,0.7062730892399116,0.998820981542226,0.9988209815422262,2.220446049250313e-16,0.0
rotation_113_case_00,A,1,-0.1,-0.07071067811865475,,,,
rotation_113_case_00,A,2,-0.19,-0.13435028842544403,,,,
rotation_113_case_00,A,3,-0.271,-0.19162593770155437,,,,
rotation_113_case_00,A,4,-0.3439,-0.24317402205005362,,,,
rotation_113_case_00,A,5,-0.40951,-0.289567297963703,,,,
rotation_113_case_00,A,6,-0.46855899999999995,-0.33132124628598747,,,,
rotation_113_case_00,A,7,-0.5217031,-0.3688997997760435,,,,
rotation_113_case_00,A,8,-0.56953279,-0.40272049791709386,,,,
rotation_113_case_00,A,9,-0.612579511,-0.4331591262440392,,,,
rotation_113_case_00,A,10,-0.6513215598999998,-0.46055389173829,,,,
rotation_113_case_00,A,11,-0.6861894039099998,-0.4852091806831157,,,,
rotation_113_case_00,A,12,-0.7175704635189999,-0.5073989407334589,,,,
rotation_113_case_00,A,13,-0.7458134171670998,-0.5273697247787678,,,,
rotation_113_case_00,A,14,-0.77123207545039,-0.5453434304195457,,,,
rotation_113_case_00,A,15,-0.794108867905351,-0.5615197654962458,,,,
rotation_113_case_00,A,16,-0.8146979811148158,-0.576078467065276,,,,
rotation_113_case_00,A,17,-0.8332281830033342,-0.5891812984774032,,,,
rotation_113_case_00,A,18,-0.8499053647030008,-0.6009738467483177,,,,
rotation_113_case_00,A,19,-0.8649148282327008,-0.6115871401921407,,,,
rotation_113_case_00,A,20,-0.8784233454094307,-0.6211391042915813,,,,
rotation_113_case_00,A,21,-0.8905810108684877,-0.6297358719810779,,,,
rotation_113_case_00,A,22,-0.9015229097816388,-0.6374729629016248,,,,
rotation_113_case_00,A,23,-0.911370618803475,-0.6444363447301171,,,,
rotation_113_case_00,A,24,-0.9202335569231275,-0.65070338837576,,,,
rotation_113_case_00,A,25,-0.9282102012308148,-0.6563437276568389,,,,
rotation_113_case_00,A,26,-0.9353891811077333,-0.6614200330098098,,,,
rotation_113_case_00,A,27,-0.94185026299696,-0.6659887078274835,,,,
rotation_113_case_00,A,28,-0.9476652366972639,-0.6701005151633899,,,,
rotation_113_case_00,A,29,-0.9528987130275375,-0.6738011417657056,,,,
rotation_113_case_00,A,30,-0.9576088417247838,-0.6771317057077898,,,,
rotation_113_case_00,A,31,-0.9618479575523053,-0.6801292132556656,,,,
rotation_113_case_00,A,32,-0.9656631617970748,-0.6828269700487537,,,,
rotation_113_case_00,A,33,-0.9690968456173673,-0.6852549511625331,,,,
rotation_113_case_00,A,34,-0.9721871610556305,-0.6874401341649345,,,,
rotation_113_case_00,A,35,-0.9749684449500674,-0.6894067988670958,,,,
rotation_113_case_00,A,36,-0.9774716004550608,-0.6911767970990409,,,,
rotation_113_case_00,A,37,-0.9797244404095545,-0.6927697955077915,,,,
rotation_113_case_00,A,38,-0.9817519963685992,-0.6942034940756672,,,,
rotation_113_case_00,A,39,-0.9835767967317391,-0.6954938227867551,,,,
rotation_113_case_00,A,40,-0.9852191170585652,-0.6966551186267345,,,,
rotation_113_case_00,A,41,-0.9866972053527088,-0.6977002848827156,,,,
rotation_113_case_00,A,42,-0.9880274848174379,-0.6986409345130988,,,,
rotation_113_case_00,A,43,-0.989224736335694,-0.6994875191804436,,,,
rotation_113_case_00,A,44,-0.9903022627021246,-0.700249445381054,,,,
rotation_113_case_00,A,45,-0.9912720364319121,-0.7009351789616034,,,,
rotation_113_case_00,A,46,-0.9921448327887209,-0.7015523391840979,,,,
rotation_113_case_00,A,47,-0.9929303495098488,-0.7021077833843428,,,,
rotation_113_case_00,A,48,-0.993637314558864,-0.7026076831645632,,,,
rotation_113_case_00,A,49,-0.9942735831029775,-0.7030575929667617,,,,
rotation_113_case_00,A,50,-0.9948462247926798,-0.7034625117887403,,,,
rotation_113_case_00,A,51,-0.9953616023134118,-0.7038269387285209,,,,
rotation_113_case_00,A,52,-0.9958254420820706,-0.7041549229743236,,,,
rotation_113_case_00,A,53,-0.9962428978738636,-0.704450108795546,,,,
rotation_113_case_00,A,54,-0.9966186080864772,-0.7047157760346461,,,,
rotation_113_case_00,A,55,-0.9969567472778295,-0.7049548765498361,,,,
rotation_113_case_00,A,56,-0.9972610725500466,-0.7051700670135074,,,,
rotation_113_case_00,A,57,-0.9975349652950419,-0.7053637384308113,,,,
rotation_113_case_00,A,58,-0.9977814687655376,-0.705538042706385,,,,
rotation_113_case_00,A,59,-0.998003321888984,-0.7056949165544013,,,,
rotation_113_case_00,A,60,-0.9982029897000855,-0.7058361030176158,,,,
rotation_113_case_00,A,61,-0.9983826907300769,-0.7059631708345091,,,,
rotation_113_case_00,A,62,-0.9985444216570692,-0.7060775318697128,,,,
rotation_113_case_00,A,63,-0.9986899794913624,-0.7061804568013963,,,,
rotation_113_case_00,A,64,-0.9988209815422261,-0.7062730892399115,,,,
rotation_113_case_00,B,1,-1.0195906105837695,-0.7356457803159202,-0.9988209815422263,-0.9988209815422263,2.220446049250313e-16,2.220446049250313e-16
rotation_113_case_00,B,2,-1.0382832767211587,-0.7620812022843282,-0.9988209815422263,-0.9988209815422264,2.220446049250313e-16,3.3306690738754696e-16
rotation_113_case_00,B,3,-1.055106676244809,-0.7858730820558955,-0.9988209815422263,-0.9988209815422264,2.220446049250313e-16,3.3306690738754696e-16
rotation_113_case_00,B,4,-1.070247735816094,-0.8072857738503058,-0.9988209815422263,-0.9988209815422266,2.220446049250313e-16,5.551115123125783e-16
rotation_113_case_00,B,5,-1.0838746894302507,-0.8265571964652751,-0.9988209815422263,-0.9988209815422268,2.220446049250313e-16,6.661338147750939e-16
rotation_113_case_00,B,6,-1.0961389476829915,-0.8439014768187476,-0.9988209815422263,-0.9988209815422264,2.220446049250313e-16,3.3306690738754696e-16
rotation_113_case_00,B,7,-1.1071767801104584,-0.8595113291368728,-0.9988209815422263,-0.9988209815422266,2.220446049250313e-16,5.551115123125783e-16
rotation_113_case_00,B,8,-1.1171108292951788,-0.8735601962231856,-0.9988209815422263,-0.9988209815422264,2.220446049250313e-16,3.3306690738754696e-16
rotation_113_case_00,B,9,-1.1260514735614269,-0.886204176600867,-0.9988209815422263,-0.9988209815422266,2.220446049250313e-16,5.551115123125783e-16
rotation_113_case_00,B,10,-1.1340980534010503,-0.8975837589407804,-0.9988209815422263,-0.9988209815422266,2.220446049250313e-16,5.551115123125783e-16
rotation_113_case_00,B,11,-1.1413399752567115,-0.9078253830467023,-0.9988209815422263,-0.9988209815422264,2.220446049250313e-16,3.3306690738754696e-16
rotation_113_case_00,B,12,-1.1478577049268064,-0.9170428447420321,-0.9988209815422263,-0.9988209815422264,2.220446049250313e-16,3.3306690738754696e-16
rotation_113_case_00,B,13,-1.1537236616298916,-0.925338560267829,-0.9988209815422263,-0.9988209815422268,2.220446049250313e-16,6.661338147750939e-16
rotation_113_case_00,B,14,-1.1590030226626686,-0.932804704241046,-0.9988209815422263,-0.9988209815422264,2.220446049250313e-16,3.3306690738754696e-16
rotation_113_case_00,B,15,-1.163754447592168,-0.9395242338169413,-0.9988209815422263,-0.9988209815422266,2.220446049250313e-16,5.551115123125783e-16
rotation_113_case_00,B,16,-1.168030730028717,-0.9455718104352472,-0.9988209815422263,-0.9988209815422263,2.220446049250313e-16,2.220446049250313e-16
rotation_113_case_00,B,17,-1.171879384221611,-0.9510146293917222,-0.9988209815422263,-0.9988209815422263,2.220446049250313e-16,2.220446049250313e-16
rotation_113_case_00,B,18,-1.1753431729952162,-0.9559131664525501,-0.9988209815422263,-0.9988209815422264,2.220446049250313e-16,3.3306690738754696e-16
rotation_113_case_00,B,19,-1.1784605828914607,-0.9603218498072951,-0.9988209815422261,-0.9988209815422263,0.0,2.220446049250313e-16
rotation_113_case_00,B,20,-1.1812662517980805,-0.9642896648265654,-0.9988209815422261,-0.9988209815422264,0.0,3.3306690738754696e-16
rotation_113_case_00,B,21,-1.1837913538140385,-0.967860698343909,-0.9988209815422261,-0.9988209815422264,0.0,3.3306690738754696e-16
rotation_113_case_00,B,22,-1.1860639456284008,-0.9710746285095181,-0.9988209815422261,-0.9988209815422262,0.0,1.1102230246251565e-16
rotation_113_case_00,B,23,-1.1881092782613267,-0.9739671656585663,-0.9988209815422261,-0.9988209815422264,0.0,3.3306690738754696e-16
rotation_113_case_00,B,24,-1.18995007763096,-0.9765704490927096,-0.9988209815422261,-0.9988209815422266,0.0,5.551115123125783e-16
rotation_113_case_00,B,25,-1.19160679706363,-0.9789134041834386,-0.9988209815422261,-0.9988209815422264,0.0,3.3306690738754696e-16
rotation_113_case_00,B,26,-1.1930978445530331,-0.9810220637650948,-0.9988209815422262,-0.9988209815422264,1.1102230246251565e-16,3.3306690738754696e-16
rotation_113_case_00,B,27,-1.194439787293496,-0.9829198573885854,-0.9988209815422261,-0.9988209815422264,0.0,3.3306690738754696e-16
rotation_113_case_00,B,28,-1.1956475357599126,-0.9846278716497268,-0.9988209815422261,-0.9988209815422263,0.0,2.220446049250313e-16
rotation_113_case_00,B,29,-1.1967345093796873,-0.9861650844847542,-0.9988209815422262,-0.9988209815422264,1.1102230246251565e-16,3.3306690738754696e-16
rotation_113_case_00,B,30,-1.1977127856374845,-0.9875485760362789,-0.9988209815422261,-0.9988209815422263,0.0,2.220446049250313e-16
rotation_113_case_00,B,31,-1.1985932342695023,-0.988793718432651,-0.9988209815422261,-0.9988209815422264,0.0,3.3306690738754696e-16
rotation_113_case_00,B,32,-1.1993856380383183,-0.9899143465893858,-0.9988209815422261,-0.9988209815422266,0.0,5.551115123125783e-16
rotation_113_case_00,B,33,-1.2000988014302525,-0.9909229119304472,-0.9988209815422261,-0.9988209815422264,0.0,3.3306690738754696e-16
rotation_113_case_00,B,34,-1.2007406484829932,-0.9918306207374025,-0.9988209815422261,-0.9988209815422263,0.0,2.220446049250313e-16
rotation_113_case_00,B,35,-1.2013183108304597,-0.992647558663662,-0.9988209815422261,-0.9988209815422262,0.0,1.1102230246251565e-16
rotation_113_case_00,B,36,-1.20183820694318,-0.993382802797296,-0.9988209815422261,-0.9988209815422264,0.0,3.3306690738754696e-16
rotation_113_case_00,B,37,-1.202306113444628,-0.9940445225175665,-0.9988209815422261,-0.9988209815422263,0.0,2.220446049250313e-16
rotation_113_case_00,B,38,-1.2027272292959312,-0.9946400702658098,-0.9988209815422261,-0.9988209815422262,0.0,1.1102230246251565e-16
rotation_113_case_00,B,39,-1.2031062335621043,-0.9951760632392289,-0.9988209815422262,-0.9988209815422264,1.1102230246251565e-16,3.3306690738754696e-16
rotation_113_case_00,B,40,-1.2034473374016599,-0.995658456915306,-0.9988209815422263,-0.9988209815422264,2.220446049250313e-16,3.3306690738754696e-16
rotation_113_case_00,B,41,-1.2037543308572602,-0.9960926112237756,-0.9988209815422263,-0.9988209815422266,2.220446049250313e-16,5.551115123125783e-16
rotation_113_case_00,B,42,-1.2040306249673003,-0.9964833501013979,-0.9988209815422263,-0.9988209815422266,2.220446049250313e-16,5.551115123125783e-16
rotation_113_case_00,B,43,-1.2042792896663363,-0.9968350150912582,-0.9988209815422262,-0.9988209815422266,1.1102230246251565e-16,5.551115123125783e-16
rotation_113_case_00,B,44,-1.2045030878954686,-0.9971515135821324,-0.9988209815422263,-0.9988209815422266,2.220446049250313e-16,5.551115123125783e-16
rotation_113_case_00,B,45,-1.2047045063016877,-0.997436362223919,-0.9988209815422261,-0.9988209815422262,0.0,1.1102230246251565e-16
rotation_113_case_00,B,46,-1.204885782867285,-0.997692726001527,-0.9988209815422261,-0.9988209815422263,0.0,2.220446049250313e-16
rotation_113_case_00,B,47,-1.2050489317763224,-0.9979234534013743,-0.9988209815422262,-0.9988209815422264,1.1102230246251565e-16,3.3306690738754696e-16
rotation_113_case_00,B,48,-1.2051957657944563,-0.9981311080612367,-0.9988209815422261,-0.9988209815422268,0.0,6.661338147750939e-16
rotation_113_case_00,B,49,-1.2053279164107766,-0.9983179972551133,-0.9988209815422261,-0.9988209815422263,0.0,2.220446049250313e-16
rotation_113_case_00,B,50,-1.205446851965465,-0.998486197529602,-0.9988209815422261,-0.9988209815422262,0.0,1.1102230246251565e-16
rotation_113_case_00,B,51,-1.2055538939646846,-0.9986375777766416,-0.9988209815422261,-0.9988209815422264,0.0,3.3306690738754696e-16
rotation_113_case_00,B,52,-1.2056502317639821,-0.9987738199989774,-0.9988209815422261,-0.9988209815422263,0.0,2.220446049250313e-16
rotation_113_case_00,B,53,-1.20573693578335,-0.9988964379990798,-0.9988209815422262,-0.9988209815422264,1.1102230246251565e-16,3.3306690738754696e-16
rotation_113_case_00,B,54,-1.2058149694007811,-0.9990067941991718,-0.9988209815422262,-0.9988209815422264,1.1102230246251565e-16,3.3306690738754696e-16
rotation_113_case_00,B,55,-1.205885199656469,-0.9991061147792545,-0.9988209815422261,-0.9988209815422264,0.0,3.3306690738754696e-16
rotation_113_case_00,B,56,-1.2059484068865882,-0.9991955033013292,-0.9988209815422261,-0.9988209815422264,0.0,3.3306690738754696e-16
rotation_113_case_00,B,57,-1.2060052933936956,-0.9992759529711962,-0.9988209815422261,-0.9988209815422263,0.0,2.220446049250313e-16
rotation_113_case_00,B,58,-1.206056491250092,-0.9993483576740766,-0.9988209815422261,-0.9988209815422262,0.0,1.1102230246251565e-16
rotation_113_case_00,B,59,-1.206102569320849,-0.9994135219066688,-0.9988209815422261,-0.9988209815422263,0.0,2.220446049250313e-16
rotation_113_case_00,B,60,-1.20614403958453,-0.9994721697160021,-0.9988209815422261,-0.9988209815422264,0.0,3.3306690738754696e-16
rotation_113_case_00,B,61,-1.2061813628218432,-0.9995249527444019,-0.9988209815422261,-0.9988209815422263,0.0,2.220446049250313e-16
rotation_113_case_00,B,62,-1.2062149537354248,-0.9995724574699616,-0.9988209815422261,-0.9988209815422264,0.0,3.3306690738754696e-16
rotation_113_case_00,B,63,-1.2062451855576484,-0.9996152117229655,-0.9988209815422262,-0.9988209815422264,1.1102230246251565e-16,3.3306690738754696e-16
rotation_113_case_00,B,64,-1.2062723941976494,-0.9996536905506688,-0.9988209815422261,-0.9988209815422266,0.0,5.551115123125783e-16
rotation_113_case_01,A,1,-0.1,-0.07071067811865475,,,,
rotation_113_case_01,A,2,-0.19,-0.13435028842544403,,,,
rotation_113_case_01,A,3,-0.271,-0.19162593770155437,,,,
rotation_113_case_01,A,4,-0.3439,-0.24317402205005362,,,,
rotation_113_case_01,A,5,-0.40951,-0.289567297963703,,,,
rotation_113_case_01,A,6,-0.46855899999999995,-0.33132124628598747,,,,
rotation_113_case_01,A,7,-0.5217031,-0.3688997997760435,,,,
rotation_113_case_01,A,8,-0.56953279,-0.40272049791709386,,,,
rotation_113_case_01,A,9,-0.612579511,-0.4331591262440392,,,,
rotation_113_case_01,A,10,-0.6513215598999998,-0.46055389173829,,,,
rotation_113_case_01,A,11,-0.6861894039099998,-0.4852091806831157,,,,
rotation_113_case_01,A,12,-0.7175704635189999,-0.5073989407334589,,,,
rotation_113_case_01,A,13,-0.7458134171670998,-0.5273697247787678,,,,
rotation_113_case_01,A,14,-0.77123207545039,-0.5453434304195457,,,,
rotation_113_case_01,A,15,-0.794108867905351,-0.5615197654962458,,,,
rotation_113_case_01,A,16,-0.8146979811148158,-0.576078467065276,,,,
rotation_113_case_01,A,17,-0.8332281830033342,-0.5891812984774032,,,,
rotation_113_case_01,A,18,-0.8499053647030008,-0.6009738467483177,,,,
rotation_113_case_01,A,19,-0.8649148282327008,-0.6115871401921407,,,,
rotation_113_case_01,A,20,-0.8784233454094307,-0.6211391042915813,,,,
rotation_113_case_01,A,21,-0.8905810108684877,-0.6297358719810779,,,,
rotation_113_case_01,A,22,-0.9015229097816388,-0.6374729629016248,,,,
rotation_113_case_01,A,23,-0.911370618803475,-0.6444363447301171,,,,
rotation_113_case_01,A,24,-0.9202335569231275,-0.65070338837576,,,,
rotation_113_case_01,A,25,-0.9282102012308148,-0.6563437276568389,,,,
rotation_113_case_01,A,26,-0.9353891811077333,-0.6614200330098098,,,,
rotation_113_case_01,A,27,-0.94185026299696,-0.6659887078274835,,,,
rotation_113_case_01,A,28,-0.9476652366972639,-0.6701005151633899,,,,
rotation_113_case_01,A,29,-0.9528987130275375,-0.6738011417657056,,,,
rotation_113_case_01,A,30,-0.9576088417247838,-0.6771317057077898,,,,
rotation_113_case_01,A,31,-0.9618479575523053,-0.6801292132556656,,,,
rotation_113_case_01,A,32,-0.9656631617970748,-0.6828269700487537,,,,
rotation_113_case_01,A,33,-0.9690968456173673,-0.6852549511625331,,,,
rotation_113_case_01,A,34,-0.9721871610556305,-0.6874401341649345,,,,
rotation_113_case_01,A,35,-0.9749684449500674,-0.6894067988670958,,,,
rotation_113_case_01,A,36,-0.9774716004550608,-0.6911767970990409,,,,
rotation_113_case_01,A,37,-0.9797244404095545,-0.6927697955077915,,,,
rotation_113_case_01,A,38,-0.9817519963685992,-0.6942034940756672,,,,
rotation_113_case_01,A,39,-0.9835767967317391,-0.6954938227867551,,,,
rotation_113_case_01,A,40,-0.9852191170585652,-0.6966551186267345,,,,
rotation_113_case_01,A,41,-0.9866972053527088,-0.6977002848827156,,,,
rotation_113_case_01,A,42,-0.9880274848174379,-0.6986409345130988,,,,
rotation_113_case_01,A,43,-0.989224736335694,-0.6994875191804436,,,,
rotation_113_case_01,A,44,-0.9903022627021246,-0.700249445381054,,,,
rotation_113_case_01,A,45,-0.9912720364319121,-0.7009351789616034,,,,
rotation_113_case_01,A,46,-0.9921448327887209,-0.7015523391840979,,,,
rotation_113_case_01,A,47,-0.9929303495098488,-0.7021077833843428,,,,
rotation_113_case_01,A,48,-0.993637314558864,-0.7026076831645632,,,,
rotation_113_case_01,A,49,-0.9942735831029775,-0.7030575929667617,,,,
rotation_113_case_01,A,50,-0.9948462247926798,-0.7034625117887403,,,,
rotation_113_case_01,A,51,-0.9953616023134118,-0.7038269387285209,,,,
rotation_113_case_01,A,52,-0.9958254420820706,-0.7041549229743236,,,,
rotation_113_case_01,A,53,-0.9962428978738636,-0.704450108795546,,,,
rotation_113_case_01,A,54,-0.9966186080864772,-0.7047157760346461,,,,
rotation_113_case_01,A,55,-0.9969567472778295,-0.7049548765498361,,,,
rotation_113_case_01,A,56,-0.9972610725500466,-0.7051700670135074,,,,
rotation_113_case_01,A,57,-0.9975349652950419,-0.7053637384308113,,,,
rotation_113_case_01,A,58,-0.9977814687655376,-0.705538042706385,,,,
rotation_113_case_01,A,59,-0.998003321888984,-0.7056949165544013,,,,
rotation_113_case_01,A,60,-0.9982029897000855,-0.7058361030176158,,,,
rotation_113_case_01,A,61,-0.9983826907300769,-0.7059631708345091,,,,
rotation_113_case_01,A,62,-0.9985444216570692,-0.7060775318697128,,,,
rotation_113_case_01,A,63,-0.9986899794913624,-0.7061804568013963,,,,
rotation_113_case_01,A,64,-0.9988209815422261,-0.7062730892399115,,,,
rotation_113_case_01,B,1,-0.8781692543464601,-0.5356457803159204,-0.9988209815422263,-0.9988209815422264,2.220446049250313e-16,3.3306690738754696e-16
rotation_113_case_01,B,2,-0.7695826998702706,-0.3820812022843284,-0.9988209815422263,-0.9988209815422264,2.220446049250313e-16,3.3306690738754696e-16
rotation_113_case_01,B,3,-0.6718548008417002,-0.24387308205589556,-0.9988209815422263,-0.9988209815422263,2.220446049250313e-16,2.220446049250313e-16
rotation_113_case_01,B,4,-0.5838996917159868,-0.11948577385030601,-0.9988209815422264,-0.9988209815422264,3.3306690738754696e-16,3.3306690738754696e-16
rotation_113_case_01,B,5,-0.5047400935028447,-0.00753719646527537,-0.9988209815422265,-0.9988209815422263,4.440892098500626e-16,2.220446049250313e-16
rotation_113_case_01,B,6,-0.43349645511101675,0.09321652318125215,-0.9988209815422264,-0.9988209815422262,3.3306690738754696e-16,1.1102230246251565e-16
rotation_113_case_01,B,7,-0.36937718055837165,0.1838948708631269,-0.9988209815422264,-0.9988209815422263,3.3306690738754696e-16,2.220446049250313e-16
rotation_113_case_01,B,8,-0.311669833460991,0.2655053837768142,-0.9988209815422264,-0.9988209815422262,3.3306690738754696e-16,1.1102230246251565e-16
rotation_113_case_01,B,9,-0.2597332210733485,0.3389548453991328,-0.9988209815422264,-0.9988209815422262,3.3306690738754696e-16,1.1102230246251565e-16
rotation_113_case_01,B,10,-0.21299026992447023,0.40505936085921956,-0.9988209815422264,-0.9988209815422263,3.3306690738754696e-16,2.220446049250313e-16
rotation_113_case_01,B,11,-0.17092161389047975,0.4645534247732976,-0.9988209815422264,-0.9988209815422264,3.3306690738754696e-16,3.3306690738754696e-16
rotation_113_case_01,B,12,-0.13305982345988832,0.5180980822959678,-0.9988209815422263,-0.9988209815422262,2.220446049250313e-16,1.1102230246251565e-16
rotation_113_case_01,B,13,-0.09898421207235608,0.5662882740663711,-0.9988209815422264,-0.9988209815422262,3.3306690738754696e-16,1.1102230246251565e-16
rotation_113_case_01,B,14,-0.06831616182357703,0.6096594466597338,-0.9988209815422265,-0.9988209815422262,4.440892098500626e-16,1.1102230246251565e-16
rotation_113_case_01,B,15,-0.04071491659967591,0.6486935019937605,-0.9988209815422265,-0.9988209815422262,4.440892098500626e-16,1.1102230246251565e-16
rotation_113_case_01,B,16,-0.015873795898164844,0.6838241517943844,-0.9988209815422264,-0.9988209815422262,3.3306690738754696e-16,1.1102230246251565e-16
rotation_113_case_01,B,17,0.006483212733195021,0.7154417366149459,-0.9988209815422263,-0.9988209815422262,2.220446049250313e-16,1.1102230246251565e-16
rotation_113_case_01,B,18,0.026604520501418982,0.7438975629534513,-0.9988209815422264,-0.9988209815422262,3.3306690738754696e-16,1.1102230246251565e-16
rotation_113_case_01,B,19,0.04471369749282056,0.7695078066581063,-0.9988209815422263,-0.998820981542226,2.220446049250313e-16,1.1102230246251565e-16
rotation_113_case_01,B,20,0.06101195678508192,0.7925570259922956,-0.9988209815422264,-0.998820981542226,3.3306690738754696e-16,1.1102230246251565e-16
rotation_113_case_01,B,21,0.07568039014811723,0.813301323393066,-0.9988209815422263,-0.998820981542226,2.220446049250313e-16,1.1102230246251565e-16
rotation_113_case_01,B,22,0.08888198017484894,0.8319711910537594,-0.9988209815422261,-0.998820981542226,0.0,1.1102230246251565e-16
rotation_113_case_01,B,23,0.10076341119890753,0.8487740719483834,-0.9988209815422261,-0.9988209815422259,0.0,2.220446049250313e-16
rotation_113_case_01,B,24,0.11145669912056028,0.8638966647535451,-0.9988209815422261,-0.9988209815422258,0.0,3.3306690738754696e-16
rotation_113_case_01,B,25,0.1210806582500476,0.8775069982781905,-0.9988209815422263,-0.998820981542226,2.220446049250313e-16,1.1102230246251565e-16
rotation_113_case_01,B,26,0.12974222146658626,0.8897562984503714,-0.9988209815422262,-0.9988209815422258,1.1102230246251565e-16,3.3306690738754696e-16
rotation_113_case_01,B,27,0.13753762836147115,0.9007806686053343,-0.9988209815422263,-0.9988209815422262,2.220446049250313e-16,1.1102230246251565e-16
rotation_113_case_01,B,28,0.14455349456686745,0.9107026017448009,-0.9988209815422261,-0.9988209815422258,0.0,3.3306690738754696e-16
rotation_113_case_01,B,29,0.1508677741517241,0.9196323415703207,-0.9988209815422263,-0.998820981542226,2.220446049250313e-16,1.1102230246251565e-16
rotation_113_case_01,B,30,0.1565506257780952,0.9276691074132888,-0.9988209815422263,-0.998820981542226,2.220446049250313e-16,1.1102230246251565e-16
rotation_113_case_01,B,31,0.16166519224182913,0.9349021966719598,-0.9988209815422262,-0.998820981542226,1.1102230246251565e-16,1.1102230246251565e-16
rotation_113_case_01,B,32,0.16626830205918963,0.9414119770047638,-0.9988209815422261,-0.998820981542226,0.0,1.1102230246251565e-16
rotation_113_case_01,B,33,0.1704111008948141,0.9472707793042874,-0.9988209815422263,-0.998820981542226,2.220446049250313e-16,1.1102230246251565e-16
rotation_113_case_01,B,34,0.17413961984687626,0.9525437013738587,-0.9988209815422262,-0.998820981542226,1.1102230246251565e-16,1.1102230246251565e-16
rotation_113_case_01,B,35,0.177495286903732,0.9572893312364729,-0.9988209815422263,-0.998820981542226,2.220446049250313e-16,1.1102230246251565e-16
rotation_113_case_01,B,36,0.1805153872549023,0.9615603981128256,-0.9988209815422261,-0.9988209815422258,0.0,3.3306690738754696e-16
rotation_113_case_01,B,37,0.18323347757095548,0.965404358301543,-0.9988209815422263,-0.998820981542226,2.220446049250313e-16,1.1102230246251565e-16
rotation_113_case_01,B,38,0.18567975885540344,0.9688639224713887,-0.9988209815422261,-0.9988209815422258,0.0,3.3306690738754696e-16
rotation_113_case_01,B,39,0.1878814120114065,0.9719775302242499,-0.9988209815422263,-0.9988209815422262,2.220446049250313e-16,1.1102230246251565e-16
rotation_113_case_01,B,40,0.18986289985180932,0.974779777201825,-0.9988209815422263,-0.998820981542226,2.220446049250313e-16,1.1102230246251565e-16
rotation_113_case_01,B,41,0.1916462389081719,0.9773017994816424,-0.9988209815422263,-0.998820981542226,2.220446049250313e-16,1.1102230246251565e-16
rotation_113_case_01,B,42,0.1932512440588981,0.9795716195334782,-0.9988209815422263,-0.9988209815422258,2.220446049250313e-16,3.3306690738754696e-16
rotation_113_case_01,B,43,0.1946957486945518,0.9816144575801304,-0.9988209815422265,-0.9988209815422262,4.440892098500626e-16,1.1102230246251565e-16
rotation_113_case_01,B,44,0.19599580286663998,0.9834530118221173,-0.9988209815422263,-0.9988209815422262,2.220446049250313e-16,1.1102230246251565e-16
rotation_113_case_01,B,45,0.19716585162151945,0.9851077106399055,-0.9988209815422263,-0.9988209815422262,2.220446049250313e-16,1.1102230246251565e-16
rotation_113_case_01,B,46,0.19821889550091087,0.986596939575915,-0.9988209815422264,-0.9988209815422262,3.3306690738754696e-16,1.1102230246251565e-16
rotation_113_case_01,B,47,0.1991666349923633,0.9879372456183236,-0.9988209815422265,-0.9988209815422262,4.440892098500626e-16,1.1102230246251565e-16
rotation_113_case_01,B,48,0.20001960053467044,0.9891435210564912,-0.9988209815422265,-0.9988209815422262,4.440892098500626e-16,1.1102230246251565e-16
rotation_113_case_01,B,49,0.2007872695227469,0.9902291689508421,-0.9988209815422265,-0.9988209815422262,4.440892098500626e-16,1.1102230246251565e-16
rotation_113_case_01,B,50,0.20147817161201553,0.9912062520557579,-0.9988209815422263,-0.9988209815422262,2.220446049250313e-16,1.1102230246251565e-16
rotation_113_case_01,B,51,0.20209998349235747,0.9920856268501821,-0.9988209815422264,-0.998820981542226,3.3306690738754696e-16,1.1102230246251565e-16
rotation_113_case_01,B,52,0.2026596141846651,0.992877064165164,-0.9988209815422263,-0.9988209815422262,2.220446049250313e-16,1.1102230246251565e-16
rotation_113_case_01,B,53,0.20316328180774207,0.9935893577486475,-0.9988209815422263,-0.9988209815422262,2.220446049250313e-16,1.1102230246251565e-16
rotation_113_case_01,B,54,0.2036165826685113,0.9942304219737828,-0.9988209815422268,-0.9988209815422262,6.661338147750939e-16,1.1102230246251565e-16
rotation_113_case_01,B,55,0.20402455344320364,0.9948073797764045,-0.9988209815422264,-0.9988209815422262,3.3306690738754696e-16,1.1102230246251565e-16
rotation_113_case_01,B,56,0.2043917271404267,0.995326641798764,-0.9988209815422265,-0.9988209815422262,4.440892098500626e-16,1.1102230246251565e-16
rotation_113_case_01,B,57,0.20472218346792742,0.9957939776188875,-0.9988209815422265,-0.9988209815422264,4.440892098500626e-16,3.3306690738754696e-16
rotation_113_case_01,B,58,0.20501959416267806,0.9962145798569989,-0.9988209815422268,-0.9988209815422264,6.661338147750939e-16,3.3306690738754696e-16
rotation_113_case_01,B,59,0.2052872637879536,0.996593121871299,-0.9988209815422268,-0.9988209815422264,6.661338147750939e-16,3.3306690738754696e-16
rotation_113_case_01,B,60,0.20552816645070165,0.9969338096841691,-0.9988209815422268,-0.9988209815422264,6.661338147750939e-16,3.3306690738754696e-16
rotation_113_case_01,B,61,0.20574497884717485,0.9972404287157522,-0.998820981542227,-0.9988209815422268,8.881784197001252e-16,6.661338147750939e-16
rotation_113_case_01,B,62,0.2059401100040008,0.997516385844177,-0.998820981542227,-0.9988209815422266,8.881784197001252e-16,5.551115123125783e-16
rotation_113_case_01,B,63,0.20611572804514416,0.9977647472597593,-0.998820981542227,-0.9988209815422264,8.881784197001252e-16,3.3306690738754696e-16
rotation_113_case_01,B,64,0.20627378428217313,0.9979882725337832,-0.998820981542227,-0.9988209815422268,8.881784197001252e-16,6.661338147750939e-16
rotation_113_case_02,A,1,0.1,0.07071067811865475,,,,
rotation_113_case_02,A,2,0.19,0.13435028842544403,,,,
rotation_113_case_02,A,3,0.271,0.19162593770155437,,,,
rotation_113_case_02,A,4,0.3439,0.24317402205005362,,,,
rotation_113_case_02,A,5,0.40951,0.289567297963703,,,,
rotation_113_case_02,A,6,0.46855899999999995,0.33132124628598747,,,,
rotation_113_case_02,A,7,0.5217031,0.3688997997760435,,,,
rotation_113_case_02,A,8,0.56953279,0.40272049791709386,,,,
rotation_113_case_02,A,9,0.612579511,0.4331591262440392,,,,
rotation_113_case_02,A,10,0.6513215598999998,0.46055389173829,,,,
rotation_113_case_02,A,11,0.6861894039099998,0.4852091806831157,,,,
rotation_113_case_02,A,12,0.7175704635189999,0.5073989407334589,,,,
rotation_113_case_02,A,13,0.7458134171670998,0.5273697247787678,,,,
rotation_113_case_02,A,14,0.77123207545039,0.5453434304195457,,,,
rotation_113_case_02,A,15,0.794108867905351,0.5615197654962458,,,,
rotation_113_case_02,A,16,0.8146979811148158,0.576078467065276,,,,
rotation_113_case_02,A,17,0.8332281830033342,0.5891812984774032,,,,
rotation_113_case_02,A,18,0.8499053647030008,0.6009738467483177,,,,
rotation_113_case_02,A,19,0.8649148282327008,0.6115871401921407,,,,
rotation_113_case_02,A,20,0.8784233454094307,0.6211391042915813,,,,
rotation_113_case_02,A,21,0.8905810108684877,0.6297358719810779,,,,
rotation_113_case_02,A,22,0.9015229097816388,0.6374729629016248,,,,
rotation_113_case_02,A,23,0.911370618803475,0.6444363447301171,,,,
rotation_113_case_02,A,24,0.9202335569231275,0.65070338837576,,,,
rotation_113_case_02,A,25,0.9282102012308148,0.6563437276568389,,,,
rotation_113_case_02,A,26,0.9353891811077333,0.6614200330098098,,,,
rotation_113_case_02,A,27,0.94185026299696,0.6659887078274835,,,,
rotation_113_case_02,A,28,0.9476652366972639,0.6701005151633899,,,,
rotation_113_case_02,A,29,0.9528987130275375,0.6738011417657056,,,,
rotation_113_case_02,A,30,0.9576088417247838,0.6771317057077898,,,,
rotation_113_case_02,A,31,0.9618479575523053,0.6801292132556656,,,,
rotation_113_case_02,A,32,0.9656631617970748,0.6828269700487537,,,,
rotation_113_case_02,A,33,0.9690968456173673,0.6852549511625331,,,,
rotation_113_case_02,A,34,0.9721871610556305,0.6874401341649345,,,,
rotation_113_case_02,A,35,0.9749684449500674,0.6894067988670958,,,,
rotation_113_case_02,A,36,0.9774716004550608,0.6911767970990409,,,,
rotation_113_case_02,A,37,0.9797244404095545,0.6927697955077915,,,,
rotation_113_case_02,A,38,0.9817519963685992,0.6942034940756672,,,,
rotation_113_case_02,A,39,0.9835767967317391,0.6954938227867551,,,,
rotation_113_case_02,A,40,0.9852191170585652,0.6966551186267345,,,,
rotation_113_case_02,A,41,0.9866972053527088,0.6977002848827156,,,,
rotation_113_case_02,A,42,0.9880274848174379,0.6986409345130988,,,,
rotation_113_case_02,A,43,0.989224736335694,0.6994875191804436,,,,
rotation_113_case_02,A,44,0.9903022627021246,0.700249445381054,,,,
rotation_113_case_02,A,45,0.9912720364319121,0.7009351789616034,,,,
rotation_113_case_02,A,46,0.9921448327887209,0.7015523391840979,,,,
rotation_113_case_02,A,47,0.9929303495098488,0.7021077833843428,,,,
rotation_113_case_02,A,48,0.993637314558864,0.7026076831645632,,,,
rotation_113_case_02,A,49,0.9942735831029775,0.7030575929667617,,,,
rotation_113_case_02,A,50,0.9948462247926798,0.7034625117887403,,,,
rotation_113_case_02,A,51,0.9953616023134118,0.7038269387285209,,,,
rotation_113_case_02,A,52,0.9958254420820706,0.7041549229743236,,,,
rotation_113_case_02,A,53,0.9962428978738636,0.704450108795546,,,,
rotation_113_case_02,A,54,0.9966186080864772,0.7047157760346461,,,,
rotation_113_case_02,A,55,0.9969567472778295,0.7049548765498361,,,,
rotation_113_case_02,A,56,0.9972610725500466,0.7051700670135074,,,,
rotation_113_case_02,A,57,0.9975349652950419,0.7053637384308113,,,,
rotation_113_case_02,A,58,0.9977814687655376,0.705538042706385,,,,
rotation_113_case_02,A,59,0.998003321888984,0.7056949165544013,,,,
rotation_113_case_02,A,60,0.9982029897000855,0.7058361030176158,,,,
rotation_113_case_02,A,61,0.9983826907300769,0.7059631708345091,,,,
rotation_113_case_02,A,62,0.9985444216570692,0.7060775318697128,,,,
rotation_113_case_02,A,63,0.9986899794913624,0.7061804568013963,,,,
rotation_113_case_02,A,64,0.9988209815422261,0.7062730892399115,,,,
rotation_113_case_02,B,1,0.8781692543464601,0.5356457803159204,0.9988209815422263,0.9988209815422264,2.220446049250313e-16,3.3306690738754696e-16
rotation_113_case_02,B,2,0.7695826998702706,0.3820812022843284,0.9988209815422263,0.9988209815422264,2.220446049250313e-16,3.3306690738754696e-16
rotation_113_case_02,B,3,0.6718548008417002,0.24387308205589556,0.9988209815422263,0.9988209815422263,2.220446049250313e-16,2.220446049250313e-16
rotation_113_case_02,B,4,0.5838996917159868,0.11948577385030601,0.9988209815422264,0.9988209815422264,3.3306690738754696e-16,3.3306690738754696e-16
rotation_113_case_02,B,5,0.5047400935028447,0.00753719646527537,0.9988209815422265,0.9988209815422263,4.440892098500626e-16,2.220446049250313e-16
rotation_113_case_02,B,6,0.43349645511101675,-0.09321652318125215,0.9988209815422264,0.9988209815422262,3.3306690738754696e-16,1.1102230246251565e-16
rotation_113_case_02,B,7,0.36937718055837165,-0.1838948708631269,0.9988209815422264,0.9988209815422263,3.3306690738754696e-16,2.220446049250313e-16
rotation_113_case_02,B,8,0.311669833460991,-0.2655053837768142,0.9988209815422264,0.9988209815422262,3.3306690738754696e-16,1.1102230246251565e-16
rotation_113_case_02,B,9,0.2597332210733485,-0.3389548453991328,0.9988209815422264,0.9988209815422262,3.3306690738754696e-16,1.1102230246251565e-16
rotation_113_case_02,B,10,0.21299026992447023,-0.40505936085921956,0.9988209815422264,0.9988209815422263,3.3306690738754696e-16,2.220446049250313e-16
rotation_113_case_02,B,11,0.17092161389047975,-0.4645534247732976,0.9988209815422264,0.9988209815422264,3.3306690738754696e-16,3.3306690738754696e-16
rotation_113_case_02,B,12,0.13305982345988832,-0.5180980822959678,0.9988209815422263,0.9988209815422262,2.220446049250313e-16,1.1102230246251565e-16
rotation_113_case_02,B,13,0.09898421207235608,-0.5662882740663711,0.9988209815422264,0.9988209815422262,3.3306690738754696e-16,1.1102230246251565e-16
rotation_113_case_02,B,14,0.06831616182357703,-0.6096594466597338,0.9988209815422265,0.9988209815422262,4.440892098500626e-16,1.1102230246251565e-16
rotation_113_case_02,B,15,0.04071491659967591,-0.6486935019937605,0.9988209815422265,0.9988209815422262,4.440892098500626e-16,1.1102230246251565e-16
rotation_113_case_02,B,16,0.015873795898164844,-0.6838241517943844,0.9988209815422264,0.9988209815422262,3.3306690738754696e-16,1.1102230246251565e-16
rotation_113_case_02,B,17,-0.006483212733195021,-0.7154417366149459,0.9988209815422263,0.9988209815422262,2.220446049250313e-16,1.1102230246251565e-16
rotation_113_case_02,B,18,-0.026604520501418982,-0.7438975629534513,0.9988209815422264,0.9988209815422262,3.3306690738754696e-16,1.1102230246251565e-16
rotation_113_case_02,B,19,-0.04471369749282056,-0.7695078066581063,0.9988209815422263,0.998820981542226,2.220446049250313e-16,1.1102230246251565e-16
rotation_113_case_02,B,20,-0.06101195678508192,-0.7925570259922956,0.9988209815422264,0.998820981542226,3.3306690738754696e-16,1.1102230246251565e-16
rotation_113_case_02,B,21,-0.07568039014811723,-0.813301323393066,0.9988209815422263,0.998820981542226,2.220446049250313e-16,1.1102230246251565e-16
rotation_113_case_02,B,22,-0.08888198017484894,-0.8319711910537594,0.9988209815422261,0.998820981542226,0.0,1.1102230246251565e-16
rotation_113_case_02,B,23,-0.10076341119890753,-0.8487740719483834,0.9988209815422261,0.9988209815422259,0.0,2.220446049250313e-16
rotation_113_case_02,B,24,-0.11145669912056028,-0.8638966647535451,0.9988209815422261,0.9988209815422258,0.0,3.3306690738754696e-16
rotation_113_case_02,B,25,-0.1210806582500476,-0.8775069982781905,0.9988209815422263,0.998820981542226,2.220446049250313e-16,1.1102230246251565e-16
rotation_113_case_02,B,26,-0.12974222146658626,-0.8897562984503714,0.9988209815422262,0.9988209815422258,1.1102230246251565e-16,3.3306690738754696e-16
rotation_113_case_02,B,27,-0.13753762836147115,-0.9007806686053343,0.9988209815422263,0.9988209815422262,2.220446049250313e-16,1.1102230246251565e-16
rotation_113_case_02,B,28,-0.14455349456686745,-0.9107026017448009,0.9988209815422261,0.9988209815422258,0.0,3.3306690738754696e-16
rotation_113_case_02,B,29,-0.1508677741517241,-0.9196323415703207,0.9988209815422263,0.998820981542226,2.220446049250313e-16,1.1102230246251565e-16
rotation_113_case_02,B,30,-0.1565506257780952,-0.9276691074132888,0.9988209815422263,0.998820981542226,2.220446049250313e-16,1.1102230246251565e-16
rotation_113_case_02,B,31,-0.16166519224182913,-0.9349021966719598,0.9988209815422262,0.998820981542226,1.1102230246251565e-16,1.1102230246251565e-16
rotation_113_case_02,B,32,-0.16626830205918963,-0.9414119770047638,0.9988209815422261,0.998820981542226,0.0,1.1102230246251565e-16
rotation_113_case_02,B,33,-0.1704111008948141,-0.9472707793042874,0.9988209815422263,0.998820981542226,2.220446049250313e-16,1.1102230246251565e-16
rotation_113_case_02,B,34,-0.17413961984687626,-0.9525437013738587,0.9988209815422262,0.998820981542226,1.1102230246251565e-16,1.1102230246251565e-16
rotation_113_case_02,B,35,-0.177495286903732,-0.9572893312364729,0.9988209815422263,0.998820981542226,2.220446049250313e-16,1.1102230246251565e-16
rotation_113_case_02,B,36,-0.1805153872549023,-0.9615603981128256,0.9988209815422261,0.9988209815422258,0.0,3.3306690738754696e-16
rotation_113_case_02,B,37,-0.18323347757095548,-0.965404358301543,0.9988209815422263,0.998820981542226,2.220446049250313e-16,1.1102230246251565e-16
rotation_113_case_02,B,38,-0.18567975885540344,-0.9688639224713887,0.9988209815422261,0.9988209815422258,0.0,3.3306690738754696e-16
rotation_113_case_02,B,39,-0.1878814120114065,-0.9719775302242499,0.9988209815422263,0.9988209815422262,2.220446049250313e-16,1.1102230246251565e-16
rotation_113_case_02,B,40,-0.18986289985180932,-0.974779777201825,0.9988209815422263,0.998820981542226,2.220446049250313e-16,1.1102230246251565e-16
rotation_113_case_02,B,41,-0.1916462389081719,-0.9773017994816424,0.9988209815422263,0.998820981542226,2.220446049250313e-16,1.1102230246251565e-16
rotation_113_case_02,B,42,-0.1932512440588981,-0.9795716195334782,0.9988209815422263,0.9988209815422258,2.220446049250313e-16,3.3306690738754696e-16
rotation_113_case_02,B,43,-0.1946957486945518,-0.9816144575801304,0.9988209815422265,0.9988209815422262,4.440892098500626e-16,1.1102230246251565e-16
rotation_113_case_02,B,44,-0.19599580286663998,-0.9834530118221173,0.9988209815422263,0.9988209815422262,2.220446049250313e-16,1.1102230246251565e-16
rotation_113_case_02,B,45,-0.19716585162151945,-0.9851077106399055,0.9988209815422263,0.9988209815422262,2.220446049250313e-16,1.1102230246251565e-16
rotation_113_case_02,B,46,-0.19821889550091087,-0.986596939575915,0.9988209815422264,0.9988209815422262,3.3306690738754696e-16,1.1102230246251565e-16
rotation_113_case_02,B,47,-0.1991666349923633,-0.9879372456183236,0.9988209815422265,0.9988209815422262,4.440892098500626e-16,1.1102230246251565e-16
rotation_113_case_02,B,48,-0.20001960053467044,-0.9891435210564912,0.9988209815422265,0.9988209815422262,4.440892098500626e-16,1.1102230246251565e-16
rotation_113_case_02,B,49,-0.2007872695227469,-0.9902291689508421,0.9988209815422265,0.9988209815422262,4.440892098500626e-16,1.1102230246251565e-16
rotation_113_case_02,B,50,-0.20147817161201553,-0.9912062520557579,0.9988209815422263,0.9988209815422262,2.220446049250313e-16,1.1102230246251565e-16
rotation_113_case_02,B,51,-0.20209998349235747,-0.9920856268501821,0.9988209815422264,0.998820981542226,3.3306690738754696e-16,1.1102230246251565e-16
rotation_113_case_02,B,52,-0.2026596141846651,-0.992877064165164,0.9988209815422263,0.9988209815422262,2.220446049250313e-16,1.1102230246251565e-16
rotation_113_case_02,B,53,-0.20316328180774207,-0.9935893577486475,0.9988209815422263,0.9988209815422262,2.220446049250313e-16,1.1102230246251565e-16
rotation_113_case_02,B,54,-0.2036165826685113,-0.9942304219737828,0.9988209815422268,0.9988209815422262,6.661338147750939e-16,1.1102230246251565e-16
rotation_113_case_02,B,55,-0.20402455344320364,-0.9948073797764045,0.9988209815422264,0.9988209815422262,3.3306690738754696e-16,1.1102230246251565e-16
rotation_113_case_02,B,56,-0.2043917271404267,-0.995326641798764,0.9988209815422265,0.9988209815422262,4.440892098500626e-16,1.1102230246251565e-16
rotation_113_case_02,B,57,-0.20472218346792742,-0.9957939776188875,0.9988209815422265,0.9988209815422264,4.440892098500626e-16,3.3306690738754696e-16
rotation_113_case_02,B,58,-0.20501959416267806,-0.9962145798569989,0.9988209815422268,0.9988209815422264,6.661338147750939e-16,3.3306690738754696e-16
rotation_113_case_02,B,59,-0.2052872637879536,-0.996593121871299,0.9988209815422268,0.9988209815422264,6.661338147750939e-16,3.3306690738754696e-16
rotation_113_case_02,B,60,-0.20552816645070165,-0.9969338096841691,0.9988209815422268,0.9988209815422264,6.661338147750939e-16,3.3306690738754696e-16
rotation_113_case_02,B,61,-0.20574497884717485,-0.9972404287157522,0.998820981542227,0.9988209815422268,8.881784197001252e-16,6.661338147750939e-16
rotation_113_case_02,B,62,-0.2059401100040008,-0.997516385844177,0.998820981542227,0.9988209815422266,8.881784197001252e-16,5.551115123125783e-16
rotation_113_case_02,B,63,-0.20611572804514416,-0.9977647472597593,0.998820981542227,0.9988209815422264,8.881784197001252e-16,3.3306690738754696e-16
rotation_113_case_02,B,64,-0.20627378428217313,-0.9979882725337832,0.998820981542227,0.9988209815422268,8.881784197001252e-16,6.661338147750939e-16
rotation_113_case_03,A,1,0.1,0.07071067811865475,,,,
rotation_113_case_03,A,2,0.19,0.13435028842544403,,,,
rotation_113_case_03,A,3,0.271,0.19162593770155437,,,,
rotation_113_case_03,A,4,0.3439,0.24317402205005362,,,,
rotation_113_case_03,A,5,0.40951,0.289567297963703,,,,
rotation_113_case_03,A,6,0.46855899999999995,0.33132124628598747,,,,
rotation_113_case_03,A,7,0.5217031,0.3688997997760435,,,,
rotation_113_case_03,A,8,0.56953279,0.40272049791709386,,,,
rotation_113_case_03,A,9,0.612579511,0.4331591262440392,,,,
rotation_113_case_03,A,10,0.6513215598999998,0.46055389173829,,,,
rotation_113_case_03,A,11,0.6861894039099998,0.4852091806831157,,,,
rotation_113_case_03,A,12,0.7175704635189999,0.5073989407334589,,,,
rotation_113_case_03,A,13,0.7458134171670998,0.5273697247787678,,,,
rotation_113_case_03,A,14,0.77123207545039,0.5453434304195457,,,,
rotation_113_case_03,A,15,0.794108867905351,0.5615197654962458,,,,
rotation_113_case_03,A,16,0.8146979811148158,0.576078467065276,,,,
rotation_113_case_03,A,17,0.8332281830033342,0.5891812984774032,,,,
rotation_113_case_03,A,18,0.8499053647030008,0.6009738467483177,,,,
rotation_113_case_03,A,19,0.8649148282327008,0.6115871401921407,,,,
rotation_113_case_03,A,20,0.8784233454094307,0.6211391042915813,,,,
rotation_113_case_03,A,21,0.8905810108684877,0.6297358719810779,,,,
rotation_113_case_03,A,22,0.9015229097816388,0.6374729629016248,,,,
rotation_113_case_03,A,23,0.911370618803475,0.6444363447301171,,,,
rotation_113_case_03,A,24,0.9202335569231275,0.65070338837576,,,,
rotation_113_case_03,A,25,0.9282102012308148,0.6563437276568389,,,,
rotation_113_case_03,A,26,0.9353891811077333,0.6614200330098098,,,,
rotation_113_case_03,A,27,0.94185026299696,0.6659887078274835,,,,
rotation_113_case_03,A,28,0.9476652366972639,0.6701005151633899,,,,
rotation_113_case_03,A,29,0.9528987130275375,0.6738011417657056,,,,
rotation_113_case_03,A,30,0.9576088417247838,0.6771317057077898,,,,
rotation_113_case_03,A,31,0.9618479575523053,0.6801292132556656,,,,
rotation_113_case_03,A,32,0.9656631617970748,0.6828269700487537,,,,
rotation_113_case_03,A,33,0.9690968456173673,0.6852549511625331,,,,
rotation_113_case_03,A,34,0.9721871610556305,0.6874401341649345,,,,
rotation_113_case_03,A,35,0.9749684449500674,0.6894067988670958,,,,
rotation_113_case_03,A,36,0.9774716004550608,0.6911767970990409,,,,
rotation_113_case_03,A,37,0.9797244404095545,0.6927697955077915,,,,
rotation_113_case_03,A,38,0.9817519963685992,0.6942034940756672,,,,
rotation_113_case_03,A,39,0.9835767967317391,0.6954938227867551,,,,
rotation_113_case_03,A,40,0.9852191170585652,0.6966551186267345,,,,
rotation_113_case_03,A,41,0.9866972053527088,0.6977002848827156,,,,
rotation_113_case_03,A,42,0.9880274848174379,0.6986409345130988,,,,
rotation_113_case_03,A,43,0.989224736335694,0.6994875191804436,,,,
rotation_113_case_03,A,44,0.9903022627021246,0.700249445381054,,,,
rotation_113_case_03,A,45,0.9912720364319121,0.7009351789616034,,,,
rotation_113_case_03,A,46,0.9921448327887209,0.7015523391840979,,,,
rotation_113_case_03,A,47,0.9929303495098488,0.7021077833843428,,,,
rotation_113_case_03,A,48,0.993637314558864,0.7026076831645632,,,,
rotation_113_case_03,A,49,0.9942735831029775,0.7030575929667617,,,,
rotation_113_case_03,A,50,0.9948462247926798,0.7034625117887403,,,,
rotation_113_case_03,A,51,0.9953616023134118,0.7038269387285209,,,,
rotation_113_case_03,A,52,0.9958254420820706,0.7041549229743236,,,,
rotation_113_case_03,A,53,0.9962428978738636,0.704450108795546,,,,
rotation_113_case_03,A,54,0.9966186080864772,0.7047157760346461,,,,
rotation_113_case_03,A,55,0.9969567472778295,0.7049548765498361,,,,
rotation_113_case_03,A,56,0.9972610725500466,0.7051700670135074,,,,
rotation_113_case_03,A,57,0.9975349652950419,0.7053637384308113,,,,
rotation_113_case_03,A,58,0.9977814687655376,0.705538042706385,,,,
rotation_113_case_03,A,59,0.998003321888984,0.7056949165544013,,,,
rotation_113_case_03,A,60,0.9982029897000855,0.7058361030176158,,,,
rotation_113_case_03,A,61,0.9983826907300769,0.7059631708345091,,,,
rotation_113_case_03,A,62,0.9985444216570692,0.7060775318697128,,,,
rotation_113_case_03,A,63,0.9986899794913624,0.7061804568013963,,,,
rotation_113_case_03,A,64,0.9988209815422261,0.7062730892399115,,,,
rotation_113_case_03,B,1,1.0195906105837695,0.7356457803159202,0.9988209815422263,0.9988209815422263,2.220446049250313e-16,2.220446049250313e-16
rotation_113_case_03,B,2,1.0382832767211587,0.7620812022843282,0.9988209815422263,0.9988209815422264,2.220446049250313e-16,3.3306690738754696e-16
rotation_113_case_03,B,3,1.055106676244809,0.7858730820558955,0.9988209815422263,0.9988209815422264,2.220446049250313e-16,3.3306690738754696e-16
rotation_113_case_03,B,4,1.070247735816094,0.8072857738503058,0.9988209815422263,0.9988209815422266,2.220446049250313e-16,5.551115123125783e-16
rotation_113_case_03,B,5,1.0838746894302507,0.8265571964652751,0.9988209815422263,0.9988209815422268,2.220446049250313e-16,6.661338147750939e-16
rotation_113_case_03,B,6,1.0961389476829915,0.8439014768187476,0.9988209815422263,0.9988209815422264,2.220446049250313e-16,3.3306690738754696e-16
rotation_113_case_03,B,7,1.1071767801104584,0.8595113291368728,0.9988209815422263,0.9988209815422266,2.220446049250313e-16,5.551115123125783e-16
rotation_113_case_03,B,8,1.1171108292951788,0.8735601962231856,0.9988209815422263,0.9988209815422264,2.220446049250313e-16,3.3306690738754696e-16
rotation_113_case_03,B,9,1.1260514735614269,0.886204176600867,0.9988209815422263,0.9988209815422266,2.220446049250313e-16,5.551115123125783e-16
rotation_113_case_03,B,10,1.1340980534010503,0.8975837589407804,0.9988209815422263,0.9988209815422266,2.220446049250313e-16,5.551115123125783e-16
rotation_113_case_03,B,11,1.1413399752567115,0.9078253830467023,0.9988209815422263,0.9988209815422264,2.220446049250313e-16,3.3306690738754696e-16
rotation_113_case_03,B,12,1.1478577049268064,0.9170428447420321,0.9988209815422263,0.9988209815422264,2.220446049250313e-16,3.3306690738754696e-16
rotation_113_case_03,B,13,1.1537236616298916,0.925338560267829,0.9988209815422263,0.9988209815422268,2.220446049250313e-16,6.661338147750939e-16
rotation_113_case_03,B,14,1.1590030226626686,0.932804704241046,0.9988209815422263,0.9988209815422264,2.220446049250313e-16,3.3306690738754696e-16
rotation_113_case_03,B,15,1.163754447592168,0.9395242338169413,0.9988209815422263,0.9988209815422266,2.220446049250313e-16,5.551115123125783e-16
rotation_113_case_03,B,16,1.168030730028717,0.9455718104352472,0.9988209815422263,0.9988209815422263,2.220446049250313e-16,2.220446049250313e-16
rotation_113_case_03,B,17,1.171879384221611,0.9510146293917222,0.9988209815422263,0.9988209815422263,2.220446049250313e-16,2.220446049250313e-16
rotation_113_case_03,B,18,1.1753431729952162,0.9559131664525501,0.9988209815422263,0.9988209815422264,2.220446049250313e-16,3.3306690738754696e-16
rotation_113_case_03,B,19,1.1784605828914607,0.9603218498072951,0.9988209815422261,0.9988209815422263,0.0,2.220446049250313e-16
rotation_113_case_03,B,20,1.1812662517980805,0.9642896648265654,0.9988209815422261,0.9988209815422264,0.0,3.3306690738754696e-16
rotation_113_case_03,B,21,1.1837913538140385,0.967860698343909,0.9988209815422261,0.9988209815422264,0.0,3.3306690738754696e-16
rotation_113_case_03,B,22,1.1860639456284008,0.9710746285095181,0.9988209815422261,0.9988209815422262,0.0,1.1102230246251565e-16
rotation_113_case_03,B,23,1.1881092782613267,0.9739671656585663,0.9988209815422261,0.9988209815422264,0.0,3.3306690738754696e-16
rotation_113_case_03,B,24,1.18995007763096,0.9765704490927096,0.9988209815422261,0.9988209815422266,0.0,5.551115123125783e-16
rotation_113_case_03,B,25,1.19160679706363,0.9789134041834386,0.9988209815422261,0.9988209815422264,0.0,3.3306690738754696e-16
rotation_113_case_03,B,26,1.1930978445530331,0.9810220637650948,0.9988209815422262,0.9988209815422264,1.1102230246251565e-16,3.3306690738754696e-16
rotation_113_case_03,B,27,1.194439787293496,0.9829198573885854,0.9988209815422261,0.9988209815422264,0.0,3.3306690738754696e-16
rotation_113_case_03,B,28,1.1956475357599126,0.9846278716497268,0.9988209815422261,0.9988209815422263,0.0,2.220446049250313e-16
rotation_113_case_03,B,29,1.1967345093796873,0.9861650844847542,0.9988209815422262,0.9988209815422264,1.1102230246251565e-16,3.3306690738754696e-16
rotation_113_case_03,B,30,1.1977127856374845,0.9875485760362789,0.9988209815422261,0.9988209815422263,0.0,2.220446049250313e-16
rotation_113_case_03,B,31,1.1985932342695023,0.988793718432651,0.9988209815422261,0.9988209815422264,0.0,3.3306690738754696e-16
rotation_113_case_03,B,32,1.1993856380383183,0.9899143465893858,0.9988209815422261,0.9988209815422266,0.0,5.551115123125783e-16
rotation_113_case_03,B,33,1.2000988014302525,0.9909229119304472,0.9988209815422261,0.9988209815422264,0.0,3.3306690738754696e-16
rotation_113_case_03,B,34,1.2007406484829932,0.9918306207374025,0.9988209815422261,0.9988209815422263,0.0,2.220446049250313e-16
rotation_113_case_03,B,35,1.2013183108304597,0.992647558663662,0.9988209815422261,0.9988209815422262,0.0,1.1102230246251565e-16
rotation_113_case_03,B,36,1.20183820694318,0.993382802797296,0.9988209815422261,0.9988209815422264,0.0,3.3306690738754696e-16
rotation_113_case_03,B,37,1.202306113444628,0.9940445225175665,0.9988209815422261,0.9988209815422263,0.0,2.220446049250313e-16
rotation_113_case_03,B,38,1.2027272292959312,0.9946400702658098,0.9988209815422261,0.9988209815422262,0.0,1.1102230246251565e-16
rotation_113_case_03,B,39,1.2031062335621043,0.9951760632392289,0.9988209815422262,0.9988209815422264,1.1102230246251565e-16,3.3306690738754696e-16
rotation_113_case_03,B,40,1.2034473374016599,0.995658456915306,0.9988209815422263,0.9988209815422264,2.220446049250313e-16,3.3306690738754696e-16
rotation_113_case_03,B,41,1.2037543308572602,0.9960926112237756,0.9988209815422263,0.9988209815422266,2.220446049250313e-16,5.551115123125783e-16
rotation_113_case_03,B,42,1.2040306249673003,0.9964833501013979,0.9988209815422263,0.9988209815422266,2.220446049250313e-16,5.551115123125783e-16
rotation_113_case_03,B,43,1.2042792896663363,0.9968350150912582,0.9988209815422262,0.9988209815422266,1.1102230246251565e-16,5.551115123125783e-16
rotation_113_case_03,B,44,1.2045030878954686,0.9971515135821324,0.9988209815422263,0.9988209815422266,2.220446049250313e-16,5.551115123125783e-16
rotation_113_case_03,B,45,1.2047045063016877,0.997436362223919,0.9988209815422261,0.9988209815422262,0.0,1.1102230246251565e-16
rotation_113_case_03,B,46,1.204885782867285,0.997692726001527,0.9988209815422261,0.9988209815422263,0.0,2.220446049250313e-16
rotation_113_case_03,B,47,1.2050489317763224,0.9979234534013743,0.9988209815422262,0.9988209815422264,1.1102230246251565e-16,3.3306690738754696e-16
rotation_113_case_03,B,48,1.2051957657944563,0.9981311080612367,0.9988209815422261,0.9988209815422268,0.0,6.661338147750939e-16
rotation_113_case_03,B,49,1.2053279164107766,0.9983179972551133,0.9988209815422261,0.9988209815422263,0.0,2.220446049250313e-16
rotation_113_case_03,B,50,1.205446851965465,0.998486197529602,0.9988209815422261,0.9988209815422262,0.0,1.1102230246251565e-16
rotation_113_case_03,B,51,1.2055538939646846,0.9986375777766416,0.9988209815422261,0.9988209815422264,0.0,3.3306690738754696e-16
rotation_113_case_03,B,52,1.2056502317639821,0.9987738199989774,0.9988209815422261,0.9988209815422263,0.0,2.220446049250313e-16
rotation_113_case_03,B,53,1.20573693578335,0.9988964379990798,0.9988209815422262,0.9988209815422264,1.1102230246251565e-16,3.3306690738754696e-16
rotation_113_case_03,B,54,1.2058149694007811,0.9990067941991718,0.9988209815422262,0.9988209815422264,1.1102230246251565e-16,3.3306690738754696e-16
rotation_113_case_03,B,55,1.205885199656469,0.9991061147792545,0.9988209815422261,0.9988209815422264,0.0,3.3306690738754696e-16
rotation_113_case_03,B,56,1.2059484068865882,0.9991955033013292,0.9988209815422261,0.9988209815422264,0.0,3.3306690738754696e-16
rotation_113_case_03,B,57,1.2060052933936956,0.9992759529711962,0.9988209815422261,0.9988209815422263,0.0,2.220446049250313e-16
rotation_113_case_03,B,58,1.206056491250092,0.9993483576740766,0.9988209815422261,0.9988209815422262,0.0,1.1102230246251565e-16
rotation_113_case_03,B,59,1.206102569320849,0.9994135219066688,0.9988209815422261,0.9988209815422263,0.0,2.220446049250313e-16
rotation_113_case_03,B,60,1.20614403958453,0.9994721697160021,0.9988209815422261,0.9988209815422264,0.0,3.3306690738754696e-16
rotation_113_case_03,B,61,1.2061813628218432,0.9995249527444019,0.9988209815422261,0.9988209815422263,0.0,2.220446049250313e-16
rotation_113_case_03,B,62,1.2062149537354248,0.9995724574699616,0.9988209815422261,0.9988209815422264,0.0,3.3306690738754696e-16
rotation_113_case_03,B,63,1.2062451855576484,0.9996152117229655,0.9988209815422262,0.9988209815422264,1.1102230246251565e-16,3.3306690738754696e-16
rotation_113_case_03,B,64,1.2062723941976494,0.9996536905506688,0.9988209815422261,0.9988209815422266,0.0,5.551115123125783e-16
rotation_113_case_04,A,1,-0.1,-6.938893903907228e-18,,,,
rotation_113_case_04,A,2,-0.19,0.0,,,,
rotation_113_case_04,A,3,-0.271,0.0,,,,
rotation_113_case_04,A,4,-0.3439,2.7755575615628914e-17,,,,
rotation_113_case_04,A,5,-0.40951,2.7755575615628914e-17,,,,
rotation_113_case_04,A,6,-0.46855899999999995,2.7755575615628914e-17,,,,
rotation_113_case_04,A,7,-0.5217031,0.0,,,,
rotation_113_case_04,A,8,-0.56953279,2.7755575615628914e-17,,,,
rotation_113_case_04,A,9,-0.612579511,2.7755575615628914e-17,,,,
rotation_113_case_04,A,10,-0.6513215598999998,5.551115123125783e-17,,,,
rotation_113_case_04,A,11,-0.6861894039099998,0.0,,,,
rotation_113_case_04,A,12,-0.7175704635189999,0.0,,,,
rotation_113_case_04,A,13,-0.7458134171670998,0.0,,,,
rotation_113_case_04,A,14,-0.77123207545039,5.551115123125783e-17,,,,
rotation_113_case_04,A,15,-0.794108867905351,5.551115123125783e-17,,,,
rotation_113_case_04,A,16,-0.8146979811148158,5.551115123125783e-17,,,,
rotation_113_case_04,A,17,-0.8332281830033342,1.1102230246251565e-16,,,,
rotation_113_case_04,A,18,-0.8499053647030008,5.551115123125783e-17,,,,
rotation_113_case_04,A,19,-0.8649148282327008,5.551115123125783e-17,,,,
rotation_113_case_04,A,20,-0.8784233454094307,0.0,,,,
rotation_113_case_04,A,21,-0.8905810108684877,5.551115123125783e-17,,,,
rotation_113_case_04,A,22,-0.9015229097816388,1.1102230246251565e-16,,,,
rotation_113_case_04,A,23,-0.911370618803475,1.1102230246251565e-16,,,,
rotation_113_case_04,A,24,-0.9202335569231275,1.1102230246251565e-16,,,,
rotation_113_case_04,A,25,-0.9282102012308148,1.1102230246251565e-16,,,,
rotation_113_case_04,A,26,-0.9353891811077333,5.551115123125783e-17,,,,
rotation_113_case_04,A,27,-0.94185026299696,5.551115123125783e-17,,,,
rotation_113_case_04,A,28,-0.9476652366972639,5.551115123125783e-17,,,,
rotation_113_case_04,A,29,-0.9528987130275375,5.551115123125783e-17,,,,
rotation_113_case_04,A,30,-0.9576088417247838,1.1102230246251565e-16,,,,
rotation_113_case_04,A,31,-0.9618479575523053,1.1102230246251565e-16,,,,
rotation_113_case_04,A,32,-0.9656631617970748,1.1102230246251565e-16,,,,
rotation_113_case_04,A,33,-0.9690968456173673,5.551115123125783e-17,,,,
rotation_113_case_04,A,34,-0.9721871610556305,5.551115123125783e-17,,,,
rotation_113_case_04,A,35,-0.9749684449500674,5.551115123125783e-17,,,,
rotation_113_case_04,A,36,-0.9774716004550608,5.551115123125783e-17,,,,
rotation_113_case_04,A,37,-0.9797244404095545,1.1102230246251565e-16,,,,
rotation_113_case_04,A,38,-0.9817519963685992,1.1102230246251565e-16,,,,
rotation_113_case_04,A,39,-0.9835767967317391,1.1102230246251565e-16,,,,
rotation_113_case_04,A,40,-0.9852191170585652,1.1102230246251565e-16,,,,
rotation_113_case_04,A,41,-0.9866972053527088,5.551115123125783e-17,,,,
rotation_113_case_04,A,42,-0.9880274848174379,5.551115123125783e-17,,,,
rotation_113_case_04,A,43,-0.989224736335694,1.1102230246251565e-16,,,,
rotation_113_case_04,A,44,-0.9903022627021246,5.551115123125783e-17,,,,
rotation_113_case_04,A,45,-0.9912720364319121,5.551115123125783e-17,,,,
rotation_113_case_04,A,46,-0.9921448327887209,5.551115123125783e-17,,,,
rotation_113_case_04,A,47,-0.9929303495098488,5.551115123125783e-17,,,,
rotation_113_case_04,A,48,-0.993637314558864,1.1102230246251565e-16,,,,
rotation_113_case_04,A,49,-0.9942735831029775,0.0,,,,
rotation_113_case_04,A,50,-0.9948462247926798,0.0,,,,
rotation_113_case_04,A,51,-0.9953616023134118,5.551115123125783e-17,,,,
rotation_113_case_04,A,52,-0.9958254420820706,5.551115123125783e-17,,,,
rotation_113_case_04,A,53,-0.9962428978738636,0.0,,,,
rotation_113_case_04,A,54,-0.9966186080864772,5.551115123125783e-17,,,,
rotation_113_case_04,A,55,-0.9969567472778295,5.551115123125783e-17,,,,
rotation_113_case_04,A,56,-0.9972610725500466,5.551115123125783e-17,,,,
rotation_113_case_04,A,57,-0.9975349652950419,1.1102230246251565e-16,,,,
rotation_113_case_04,A,58,-0.9977814687655376,1.1102230246251565e-16,,,,
rotation_113_case_04,A,59,-0.998003321888984,1.1102230246251565e-16,,,,
rotation_113_case_04,A,60,-0.9982029897000855,1.1102230246251565e-16,,,,
rotation_113_case_04,A,61,-0.9983826907300769,5.551115123125783e-17,,,,
rotation_113_case_04,A,62,-0.9985444216570692,5.551115123125783e-17,,,,
rotation_113_case_04,A,63,-0.9986899794913624,5.551115123125783e-17,,,,
rotation_113_case_04,A,64,-0.9988209815422261,1.1102230246251565e-16,,,,
rotation_113_case_04,B,1,-0.9988209815422261,-0.09999999999999998,-0.9988209815422261,-0.9988209815422262,0.0,1.1102230246251565e-16
rotation_113_case_04,B,2,-0.9988209815422261,-0.1899999999999999,-0.9988209815422261,-0.9988209815422262,0.0,1.1102230246251565e-16
rotation_113_case_04,B,3,-0.998820981542226,-0.2709999999999999,-0.998820981542226,-0.9988209815422262,1.1102230246251565e-16,1.1102230246251565e-16
rotation_113_case_04,B,4,-0.9988209815422261,-0.3439,-0.9988209815422261,-0.9988209815422262,0.0,1.1102230246251565e-16
rotation_113_case_04,B,5,-0.9988209815422262,-0.40951,-0.9988209815422262,-0.9988209815422264,1.1102230246251565e-16,3.3306690738754696e-16
rotation_113_case_04,B,6,-0.9988209815422262,-0.468559,-0.9988209815422262,-0.9988209815422264,1.1102230246251565e-16,3.3306690738754696e-16
rotation_113_case_04,B,7,-0.9988209815422262,-0.5217031,-0.9988209815422262,-0.9988209815422264,1.1102230246251565e-16,3.3306690738754696e-16
rotation_113_case_04,B,8,-0.9988209815422261,-0.56953279,-0.9988209815422261,-0.9988209815422263,0.0,2.220446049250313e-16
rotation_113_case_04,B,9,-0.9988209815422262,-0.612579511,-0.9988209815422262,-0.9988209815422262,1.1102230246251565e-16,1.1102230246251565e-16
rotation_113_case_04,B,10,-0.9988209815422261,-0.6513215599,-0.9988209815422261,-0.9988209815422263,0.0,2.220446049250313e-16
rotation_113_case_04,B,11,-0.998820981542226,-0.6861894039099999,-0.998820981542226,-0.9988209815422262,1.1102230246251565e-16,1.1102230246251565e-16
rotation_113_case_04,B,12,-0.9988209815422261,-0.7175704635189999,-0.9988209815422261,-0.9988209815422263,0.0,2.220446049250313e-16
rotation_113_case_04,B,13,-0.9988209815422262,-0.7458134171671,-0.9988209815422262,-0.9988209815422262,1.1102230246251565e-16,1.1102230246251565e-16
rotation_113_case_04,B,14,-0.9988209815422261,-0.77123207545039,-0.9988209815422261,-0.9988209815422263,0.0,2.220446049250313e-16
rotation_113_case_04,B,15,-0.9988209815422262,-0.794108867905351,-0.9988209815422262,-0.9988209815422264,1.1102230246251565e-16,3.3306690738754696e-16
rotation_113_case_04,B,16,-0.9988209815422263,-0.814697981114816,-0.9988209815422263,-0.9988209815422266,2.220446049250313e-16,5.551115123125783e-16
rotation_113_case_04,B,17,-0.9988209815422262,-0.8332281830033343,-0.9988209815422262,-0.9988209815422264,1.1102230246251565e-16,3.3306690738754696e-16
rotation_113_case_04,B,18,-0.9988209815422262,-0.8499053647030008,-0.9988209815422262,-0.9988209815422264,1.1102230246251565e-16,3.3306690738754696e-16
rotation_113_case_04,B,19,-0.9988209815422262,-0.8649148282327007,-0.9988209815422262,-0.9988209815422262,1.1102230246251565e-16,1.1102230246251565e-16
rotation_113_case_04,B,20,-0.9988209815422262,-0.8784233454094308,-0.9988209815422262,-0.9988209815422264,1.1102230246251565e-16,3.3306690738754696e-16
rotation_113_case_04,B,21,-0.9988209815422262,-0.8905810108684875,-0.9988209815422262,-0.9988209815422264,1.1102230246251565e-16,3.3306690738754696e-16
rotation_113_case_04,B,22,-0.9988209815422263,-0.9015229097816388,-0.9988209815422263,-0.9988209815422263,2.220446049250313e-16,2.220446049250313e-16
rotation_113_case_04,B,23,-0.9988209815422262,-0.911370618803475,-0.9988209815422262,-0.9988209815422264,1.1102230246251565e-16,3.3306690738754696e-16
rotation_113_case_04,B,24,-0.9988209815422264,-0.9202335569231275,-0.9988209815422264,-0.9988209815422264,3.3306690738754696e-16,3.3306690738754696e-16
rotation_113_case_04,B,25,-0.9988209815422261,-0.9282102012308148,-0.9988209815422261,-0.9988209815422263,0.0,2.220446049250313e-16
rotation_113_case_04,B,26,-0.9988209815422261,-0.9353891811077332,-0.9988209815422261,-0.9988209815422263,0.0,2.220446049250313e-16
rotation_113_case_04,B,27,-0.9988209815422262,-0.94185026299696,-0.9988209815422262,-0.9988209815422264,1.1102230246251565e-16,3.3306690738754696e-16
rotation_113_case_04,B,28,-0.9988209815422262,-0.9476652366972639,-0.9988209815422262,-0.9988209815422264,1.1102230246251565e-16,3.3306690738754696e-16
rotation_113_case_04,B,29,-0.9988209815422264,-0.9528987130275375,-0.9988209815422264,-0.9988209815422268,3.3306690738754696e-16,6.661338147750939e-16
rotation_113_case_04,B,30,-0.9988209815422264,-0.9576088417247839,-0.9988209815422264,-0.9988209815422264,3.3306690738754696e-16,3.3306690738754696e-16
rotation_113_case_04,B,31,-0.9988209815422264,-0.9618479575523053,-0.9988209815422264,-0.9988209815422268,3.3306690738754696e-16,6.661338147750939e-16
rotation_113_case_04,B,32,-0.9988209815422263,-0.9656631617970748,-0.9988209815422263,-0.9988209815422266,2.220446049250313e-16,5.551115123125783e-16
rotation_113_case_04,B,33,-0.9988209815422263,-0.9690968456173674,-0.9988209815422263,-0.9988209815422266,2.220446049250313e-16,5.551115123125783e-16
rotation_113_case_04,B,34,-0.9988209815422262,-0.9721871610556307,-0.9988209815422262,-0.9988209815422264,1.1102230246251565e-16,3.3306690738754696e-16
rotation_113_case_04,B,35,-0.9988209815422262,-0.9749684449500675,-0.9988209815422262,-0.9988209815422264,1.1102230246251565e-16,3.3306690738754696e-16
rotation_113_case_04,B,36,-0.9988209815422262,-0.9774716004550608,-0.9988209815422262,-0.9988209815422264,1.1102230246251565e-16,3.3306690738754696e-16
rotation_113_case_04,B,37,-0.9988209815422263,-0.9797244404095546,-0.9988209815422263,-0.9988209815422263,2.220446049250313e-16,2.220446049250313e-16
rotation_113_case_04,B,38,-0.9988209815422262,-0.9817519963685992,-0.9988209815422262,-0.9988209815422264,1.1102230246251565e-16,3.3306690738754696e-16
rotation_113_case_04,B,39,-0.9988209815422263,-0.9835767967317393,-0.9988209815422263,-0.9988209815422263,2.220446049250313e-16,2.220446049250313e-16
rotation_113_case_04,B,40,-0.9988209815422263,-0.9852191170585654,-0.9988209815422263,-0.9988209815422263,2.220446049250313e-16,2.220446049250313e-16
rotation_113_case_04,B,41,-0.9988209815422263,-0.9866972053527088,-0.9988209815422263,-0.9988209815422263,2.220446049250313e-16,2.220446049250313e-16
rotation_113_case_04,B,42,-0.9988209815422263,-0.988027484817438,-0.9988209815422263,-0.9988209815422263,2.220446049250313e-16,2.220446049250313e-16
rotation_113_case_04,B,43,-0.9988209815422263,-0.9892247363356942,-0.9988209815422263,-0.9988209815422266,2.220446049250313e-16,5.551115123125783e-16
rotation_113_case_04,B,44,-0.9988209815422264,-0.9903022627021247,-0.9988209815422264,-0.9988209815422264,3.3306690738754696e-16,3.3306690738754696e-16
rotation_113_case_04,B,45,-0.9988209815422263,-0.9912720364319123,-0.9988209815422263,-0.9988209815422266,2.220446049250313e-16,5.551115123125783e-16
rotation_113_case_04,B,46,-0.9988209815422263,-0.992144832788721,-0.9988209815422263,-0.9988209815422266,2.220446049250313e-16,5.551115123125783e-16
rotation_113_case_04,B,47,-0.9988209815422265,-0.9929303495098492,-0.9988209815422265,-0.9988209815422266,4.440892098500626e-16,5.551115123125783e-16
rotation_113_case_04,B,48,-0.9988209815422265,-0.9936373145588642,-0.9988209815422265,-0.9988209815422266,4.440892098500626e-16,5.551115123125783e-16
rotation_113_case_04,B,49,-0.9988209815422263,-0.9942735831029776,-0.9988209815422263,-0.9988209815422266,2.220446049250313e-16,5.551115123125783e-16
rotation_113_case_04,B,50,-0.9988209815422262,-0.9948462247926798,-0.9988209815422262,-0.9988209815422264,1.1102230246251565e-16,3.3306690738754696e-16
rotation_113_case_04,B,51,-0.9988209815422262,-0.9953616023134119,-0.9988209815422262,-0.9988209815422264,1.1102230246251565e-16,3.3306690738754696e-16
rotation_113_case_04,B,52,-0.9988209815422262,-0.9958254420820706,-0.9988209815422262,-0.9988209815422262,1.1102230246251565e-16,1.1102230246251565e-16
rotation_113_case_04,B,53,-0.9988209815422263,-0.9962428978738636,-0.9988209815422263,-0.9988209815422263,2.220446049250313e-16,2.220446049250313e-16
rotation_113_case_04,B,54,-0.9988209815422262,-0.9966186080864772,-0.9988209815422262,-0.9988209815422264,1.1102230246251565e-16,3.3306690738754696e-16
rotation_113_case_04,B,55,-0.9988209815422262,-0.9969567472778295,-0.9988209815422262,-0.9988209815422264,1.1102230246251565e-16,3.3306690738754696e-16
rotation_113_case_04,B,56,-0.9988209815422262,-0.9972610725500465,-0.9988209815422262,-0.9988209815422262,1.1102230246251565e-16,1.1102230246251565e-16
rotation_113_case_04,B,57,-0.9988209815422261,-0.9975349652950418,-0.9988209815422261,-0.9988209815422263,0.0,2.220446049250313e-16
rotation_113_case_04,B,58,-0.9988209815422262,-0.9977814687655377,-0.9988209815422262,-0.9988209815422262,1.1102230246251565e-16,1.1102230246251565e-16
rotation_113_case_04,B,59,-0.998820981542226,-0.9980033218889839,-0.998820981542226,-0.9988209815422262,1.1102230246251565e-16,1.1102230246251565e-16
rotation_113_case_04,B,60,-0.9988209815422261,-0.9982029897000854,-0.9988209815422261,-0.9988209815422262,0.0,1.1102230246251565e-16
rotation_113_case_04,B,61,-0.9988209815422261,-0.9983826907300769,-0.9988209815422261,-0.9988209815422263,0.0,2.220446049250313e-16
rotation_113_case_04,B,62,-0.9988209815422263,-0.9985444216570692,-0.9988209815422263,-0.9988209815422263,2.220446049250313e-16,2.220446049250313e-16
rotation_113_case_04,B,63,-0.9988209815422263,-0.9986899794913624,-0.9988209815422263,-0.9988209815422263,2.220446049250313e-16,2.220446049250313e-16
rotation_113_case_04,B,64,-0.9988209815422262,-0.9988209815422261,-0.9988209815422262,-0.9988209815422264,1.1102230246251565e-16,3.3306690738754696e-16
rotation_113_case_05,A,1,-0.1,-6.938893903907228e-18,,,,
rotation_113_case_05,A,2,-0.19,0.0,,,,
rotation_113_case_05,A,3,-0.271,0.0,,,,
rotation_113_case_05,A,4,-0.3439,2.7755575615628914e-17,,,,
rotation_113_case_05,A,5,-0.40951,2.7755575615628914e-17,,,,
rotation_113_case_05,A,6,-0.46855899999999995,2.7755575615628914e-17,,,,
rotation_113_case_05,A,7,-0.5217031,0.0,,,,
rotation_113_case_05,A,8,-0.56953279,2.7755575615628914e-17,,,,
rotation_113_case_05,A,9,-0.612579511,2.7755575615628914e-17,,,,
rotation_113_case_05,A,10,-0.6513215598999998,5.551115123125783e-17,,,,
rotation_113_case_05,A,11,-0.6861894039099998,0.0,,,,
rotation_113_case_05,A,12,-0.7175704635189999,0.0,,,,
rotation_113_case_05,A,13,-0.7458134171670998,0.0,,,,
rotation_113_case_05,A,14,-0.77123207545039,5.551115123125783e-17,,,,
rotation_113_case_05,A,15,-0.794108867905351,5.551115123125783e-17,,,,
rotation_113_case_05,A,16,-0.8146979811148158,5.551115123125783e-17,,,,
rotation_113_case_05,A,17,-0.8332281830033342,1.1102230246251565e-16,,,,
rotation_113_case_05,A,18,-0.8499053647030008,5.551115123125783e-17,,,,
rotation_113_case_05,A,19,-0.8649148282327008,5.551115123125783e-17,,,,
rotation_113_case_05,A,20,-0.8784233454094307,0.0,,,,
rotation_113_case_05,A,21,-0.8905810108684877,5.551115123125783e-17,,,,
rotation_113_case_05,A,22,-0.9015229097816388,1.1102230246251565e-16,,,,
rotation_113_case_05,A,23,-0.911370618803475,1.1102230246251565e-16,,,,
rotation_113_case_05,A,24,-0.9202335569231275,1.1102230246251565e-16,,,,
rotation_113_case_05,A,25,-0.9282102012308148,1.1102230246251565e-16,,,,
rotation_113_case_05,A,26,-0.9353891811077333,5.551115123125783e-17,,,,
rotation_113_case_05,A,27,-0.94185026299696,5.551115123125783e-17,,,,
rotation_113_case_05,A,28,-0.9476652366972639,5.551115123125783e-17,,,,
rotation_113_case_05,A,29,-0.9528987130275375,5.551115123125783e-17,,,,
rotation_113_case_05,A,30,-0.9576088417247838,1.1102230246251565e-16,,,,
rotation_113_case_05,A,31,-0.9618479575523053,1.1102230246251565e-16,,,,
rotation_113_case_05,A,32,-0.9656631617970748,1.1102230246251565e-16,,,,
rotation_113_case_05,A,33,-0.9690968456173673,5.551115123125783e-17,,,,
rotation_113_case_05,A,34,-0.9721871610556305,5.551115123125783e-17,,,,
rotation_113_case_05,A,35,-0.9749684449500674,5.551115123125783e-17,,,,
rotation_113_case_05,A,36,-0.9774716004550608,5.551115123125783e-17,,,,
rotation_113_case_05,A,37,-0.9797244404095545,1.1102230246251565e-16,,,,
rotation_113_case_05,A,38,-0.9817519963685992,1.1102230246251565e-16,,,,
rotation_113_case_05,A,39,-0.9835767967317391,1.1102230246251565e-16,,,,
rotation_113_case_05,A,40,-0.9852191170585652,1.1102230246251565e-16,,,,
rotation_113_case_05,A,41,-0.9866972053527088,5.551115123125783e-17,,,,
rotation_113_case_05,A,42,-0.9880274848174379,5.551115123125783e-17,,,,
rotation_113_case_05,A,43,-0.989224736335694,1.1102230246251565e-16,,,,
rotation_113_case_05,A,44,-0.9903022627021246,5.551115123125783e-17,,,,
rotation_113_case_05,A,45,-0.9912720364319121,5.551115123125783e-17,,,,
rotation_113_case_05,A,46,-0.9921448327887209,5.551115123125783e-17,,,,
rotation_113_case_05,A,47,-0.9929303495098488,5.551115123125783e-17,,,,
rotation_113_case_05,A,48,-0.993637314558864,1.1102230246251565e-16,,,,
rotation_113_case_05,A,49,-0.9942735831029775,0.0,,,,
rotation_113_case_05,A,50,-0.9948462247926798,0.0,,,,
rotation_113_case_05,A,51,-0.9953616023134118,5.551115123125783e-17,,,,
rotation_113_case_05,A,52,-0.9958254420820706,5.551115123125783e-17,,,,
rotation_113_case_05,A,53,-0.9962428978738636,0.0,,,,
rotation_113_case_05,A,54,-0.9966186080864772,5.551115123125783e-17,,,,
rotation_113_case_05,A,55,-0.9969567472778295,5.551115123125783e-17,,,,
rotation_113_case_05,A,56,-0.9972610725500466,5.551115123125783e-17,,,,
rotation_113_case_05,A,57,-0.9975349652950419,1.1102230246251565e-16,,,,
rotation_113_case_05,A,58,-0.9977814687655376,1.1102230246251565e-16,,,,
rotation_113_case_05,A,59,-0.998003321888984,1.1102230246251565e-16,,,,
rotation_113_case_05,A,60,-0.9982029897000855,1.1102230246251565e-16,,,,
rotation_113_case_05,A,61,-0.9983826907300769,5.551115123125783e-17,,,,
rotation_113_case_05,A,62,-0.9985444216570692,5.551115123125783e-17,,,,
rotation_113_case_05,A,63,-0.9986899794913624,5.551115123125783e-17,,,,
rotation_113_case_05,A,64,-0.9988209815422261,1.1102230246251565e-16,,,,
rotation_113_case_05,B,1,-0.9988209815422261,0.10000000000000009,-0.9988209815422261,-0.9988209815422262,0.0,1.1102230246251565e-16
rotation_113_case_05,B,2,-0.9988209815422262,0.19000000000000006,-0.9988209815422262,-0.9988209815422262,1.1102230246251565e-16,1.1102230246251565e-16
rotation_113_case_05,B,3,-0.9988209815422262,0.271,-0.9988209815422262,-0.9988209815422262,1.1102230246251565e-16,1.1102230246251565e-16
rotation_113_case_05,B,4,-0.9988209815422262,0.34390000000000004,-0.9988209815422262,-0.9988209815422263,1.1102230246251565e-16,2.220446049250313e-16
rotation_113_case_05,B,5,-0.9988209815422262,0.40951000000000004,-0.9988209815422262,-0.9988209815422262,1.1102230246251565e-16,1.1102230246251565e-16
rotation_113_case_05,B,6,-0.9988209815422263,0.4685590000000001,-0.9988209815422263,-0.9988209815422263,2.220446049250313e-16,2.220446049250313e-16
rotation_113_case_05,B,7,-0.9988209815422262,0.5217031000000001,-0.9988209815422262,-0.9988209815422262,1.1102230246251565e-16,1.1102230246251565e-16
rotation_113_case_05,B,8,-0.9988209815422263,0.56953279,-0.9988209815422263,-0.9988209815422263,2.220446049250313e-16,2.220446049250313e-16
rotation_113_case_05,B,9,-0.9988209815422262,0.6125795110000001,-0.9988209815422262,-0.9988209815422264,1.1102230246251565e-16,3.3306690738754696e-16
rotation_113_case_05,B,10,-0.9988209815422262,0.6513215599000002,-0.9988209815422262,-0.9988209815422262,1.1102230246251565e-16,1.1102230246251565e-16
rotation_113_case_05,B,11,-0.9988209815422262,0.68618940391,-0.9988209815422262,-0.9988209815422262,1.1102230246251565e-16,1.1102230246251565e-16
rotation_113_case_05,B,12,-0.9988209815422262,0.7175704635190002,-0.9988209815422262,-0.9988209815422262,1.1102230246251565e-16,1.1102230246251565e-16
rotation_113_case_05,B,13,-0.9988209815422261,0.7458134171671001,-0.9988209815422261,-0.9988209815422262,0.0,1.1102230246251565e-16
rotation_113_case_05,B,14,-0.998820981542226,0.77123207545039,-0.998820981542226,-0.9988209815422262,1.1102230246251565e-16,1.1102230246251565e-16
rotation_113_case_05,B,15,-0.9988209815422262,0.7941088679053511,-0.9988209815422262,-0.9988209815422262,1.1102230246251565e-16,1.1102230246251565e-16
rotation_113_case_05,B,16,-0.9988209815422262,0.8146979811148161,-0.9988209815422262,-0.9988209815422262,1.1102230246251565e-16,1.1102230246251565e-16
rotation_113_case_05,B,17,-0.9988209815422262,0.8332281830033346,-0.9988209815422262,-0.9988209815422263,1.1102230246251565e-16,2.220446049250313e-16
rotation_113_case_05,B,18,-0.9988209815422263,0.8499053647030012,-0.9988209815422263,-0.9988209815422264,2.220446049250313e-16,3.3306690738754696e-16
rotation_113_case_05,B,19,-0.9988209815422264,0.864914828232701,-0.9988209815422264,-0.9988209815422264,3.3306690738754696e-16,3.3306690738754696e-16
rotation_113_case_05,B,20,-0.9988209815422264,0.878423345409431,-0.9988209815422264,-0.9988209815422266,3.3306690738754696e-16,5.551115123125783e-16
rotation_113_case_05,B,21,-0.9988209815422264,0.8905810108684877,-0.9988209815422264,-0.9988209815422264,3.3306690738754696e-16,3.3306690738754696e-16
rotation_113_case_05,B,22,-0.9988209815422264,0.901522909781639,-0.9988209815422264,-0.9988209815422266,3.3306690738754696e-16,5.551115123125783e-16
rotation_113_case_05,B,23,-0.9988209815422264,0.9113706188034751,-0.9988209815422264,-0.9988209815422266,3.3306690738754696e-16,5.551115123125783e-16
rotation_113_case_05,B,24,-0.9988209815422265,0.9202335569231275,-0.9988209815422265,-0.9988209815422268,4.440892098500626e-16,6.661338147750939e-16
rotation_113_case_05,B,25,-0.9988209815422265,0.9282102012308149,-0.9988209815422265,-0.9988209815422268,4.440892098500626e-16,6.661338147750939e-16
rotation_113_case_05,B,26,-0.9988209815422264,0.9353891811077333,-0.9988209815422264,-0.9988209815422266,3.3306690738754696e-16,5.551115123125783e-16
rotation_113_case_05,B,27,-0.9988209815422265,0.9418502629969601,-0.9988209815422265,-0.9988209815422268,4.440892098500626e-16,6.661338147750939e-16
rotation_113_case_05,B,28,-0.9988209815422266,0.9476652366972642,-0.9988209815422266,-0.9988209815422268,5.551115123125783e-16,6.661338147750939e-16
rotation_113_case_05,B,29,-0.9988209815422265,0.9528987130275377,-0.9988209815422265,-0.9988209815422268,4.440892098500626e-16,6.661338147750939e-16
rotation_113_case_05,B,30,-0.9988209815422266,0.9576088417247839,-0.9988209815422266,-0.9988209815422268,5.551115123125783e-16,6.661338147750939e-16
rotation_113_case_05,B,31,-0.9988209815422264,0.9618479575523056,-0.9988209815422264,-0.9988209815422264,3.3306690738754696e-16,3.3306690738754696e-16
rotation_113_case_05,B,32,-0.9988209815422265,0.9656631617970751,-0.9988209815422265,-0.9988209815422268,4.440892098500626e-16,6.661338147750939e-16
rotation_113_case_05,B,33,-0.9988209815422266,0.9690968456173676,-0.9988209815422266,-0.9988209815422268,5.551115123125783e-16,6.661338147750939e-16
rotation_113_case_05,B,34,-0.9988209815422266,0.9721871610556309,-0.9988209815422266,-0.9988209815422268,5.551115123125783e-16,6.661338147750939e-16
rotation_113_case_05,B,35,-0.9988209815422266,0.9749684449500678,-0.9988209815422266,-0.9988209815422268,5.551115123125783e-16,6.661338147750939e-16
rotation_113_case_05,B,36,-0.9988209815422266,0.977471600455061,-0.9988209815422266,-0.9988209815422269,5.551115123125783e-16,7.771561172376096e-16
rotation_113_case_05,B,37,-0.9988209815422266,0.9797244404095552,-0.9988209815422266,-0.9988209815422269,5.551115123125783e-16,7.771561172376096e-16
rotation_113_case_05,B,38,-0.9988209815422268,0.9817519963685994,-0.9988209815422268,-0.9988209815422269,6.661338147750939e-16,7.771561172376096e-16
rotation_113_case_05,B,39,-0.9988209815422266,0.9835767967317395,-0.9988209815422266,-0.9988209815422269,5.551115123125783e-16,7.771561172376096e-16
rotation_113_case_05,B,40,-0.9988209815422268,0.9852191170585657,-0.9988209815422268,-0.9988209815422269,6.661338147750939e-16,7.771561172376096e-16
rotation_113_case_05,B,41,-0.9988209815422268,0.986697205352709,-0.9988209815422268,-0.9988209815422269,6.661338147750939e-16,7.771561172376096e-16
rotation_113_case_05,B,42,-0.9988209815422268,0.9880274848174381,-0.9988209815422268,-0.9988209815422269,6.661338147750939e-16,7.771561172376096e-16
rotation_113_case_05,B,43,-0.9988209815422268,0.9892247363356945,-0.9988209815422268,-0.9988209815422269,6.661338147750939e-16,7.771561172376096e-16
rotation_113_case_05,B,44,-0.9988209815422268,0.9903022627021252,-0.9988209815422268,-0.9988209815422269,6.661338147750939e-16,7.771561172376096e-16
rotation_113_case_05,B,45,-0.9988209815422268,0.9912720364319126,-0.9988209815422268,-0.9988209815422269,6.661338147750939e-16,7.771561172376096e-16
rotation_113_case_05,B,46,-0.9988209815422268,0.9921448327887213,-0.9988209815422268,-0.9988209815422269,6.661338147750939e-16,7.771561172376096e-16
rotation_113_case_05,B,47,-0.9988209815422268,0.9929303495098492,-0.9988209815422268,-0.9988209815422269,6.661338147750939e-16,7.771561172376096e-16
rotation_113_case_05,B,48,-0.9988209815422266,0.9936373145588642,-0.9988209815422266,-0.9988209815422268,5.551115123125783e-16,6.661338147750939e-16
rotation_113_case_05,B,49,-0.9988209815422266,0.9942735831029779,-0.9988209815422266,-0.9988209815422268,5.551115123125783e-16,6.661338147750939e-16
rotation_113_case_05,B,50,-0.9988209815422266,0.9948462247926798,-0.9988209815422266,-0.9988209815422269,5.551115123125783e-16,7.771561172376096e-16
rotation_113_case_05,B,51,-0.9988209815422266,0.9953616023134119,-0.9988209815422266,-0.9988209815422268,5.551115123125783e-16,6.661338147750939e-16
rotation_113_case_05,B,52,-0.9988209815422266,0.9958254420820707,-0.9988209815422266,-0.9988209815422268,5.551115123125783e-16,6.661338147750939e-16
rotation_113_case_05,B,53,-0.9988209815422265,0.9962428978738634,-0.9988209815422265,-0.9988209815422268,4.440892098500626e-16,6.661338147750939e-16
rotation_113_case_05,B,54,-0.9988209815422266,0.9966186080864774,-0.9988209815422266,-0.9988209815422268,5.551115123125783e-16,6.661338147750939e-16
rotation_113_case_05,B,55,-0.9988209815422265,0.9969567472778296,-0.9988209815422265,-0.9988209815422268,4.440892098500626e-16,6.661338147750939e-16
rotation_113_case_05,B,56,-0.9988209815422266,0.9972610725500466,-0.9988209815422266,-0.9988209815422268,5.551115123125783e-16,6.661338147750939e-16
rotation_113_case_05,B,57,-0.9988209815422266,0.9975349652950418,-0.9988209815422266,-0.9988209815422268,5.551115123125783e-16,6.661338147750939e-16
rotation_113_case_05,B,58,-0.9988209815422266,0.9977814687655377,-0.9988209815422266,-0.9988209815422268,5.551115123125783e-16,6.661338147750939e-16
rotation_113_case_05,B,59,-0.9988209815422265,0.998003321888984,-0.9988209815422265,-0.9988209815422266,4.440892098500626e-16,5.551115123125783e-16
rotation_113_case_05,B,60,-0.9988209815422266,0.9982029897000855,-0.9988209815422266,-0.9988209815422268,5.551115123125783e-16,6.661338147750939e-16
rotation_113_case_05,B,61,-0.9988209815422266,0.9983826907300772,-0.9988209815422266,-0.9988209815422268,5.551115123125783e-16,6.661338147750939e-16
rotation_113_case_05,B,62,-0.9988209815422266,0.9985444216570694,-0.9988209815422266,-0.9988209815422268,5.551115123125783e-16,6.661338147750939e-16
rotation_113_case_05,B,63,-0.9988209815422266,0.9986899794913624,-0.9988209815422266,-0.9988209815422268,5.551115123125783e-16,6.661338147750939e-16
rotation_113_case_05,B,64,-0.9988209815422265,0.998820981542226,-0.9988209815422265,-0.9988209815422268,4.440892098500626e-16,6.661338147750939e-16
rotation_113_case_06,A,1,0.1,6.938893903907228e-18,,,,
rotation_113_case_06,A,2,0.19,0.0,,,,
rotation_113_case_06,A,3,0.271,0.0,,,,
rotation_113_case_06,A,4,0.3439,-2.7755575615628914e-17,,,,
rotation_113_case_06,A,5,0.40951,-2.7755575615628914e-17,,,,
rotation_113_case_06,A,6,0.46855899999999995,-2.7755575615628914e-17,,,,
rotation_113_case_06,A,7,0.5217031,0.0,,,,
rotation_113_case_06,A,8,0.56953279,-2.7755575615628914e-17,,,,
rotation_113_case_06,A,9,0.612579511,-2.7755575615628914e-17,,,,
rotation_113_case_06,A,10,0.6513215598999998,-5.551115123125783e-17,,,,
rotation_113_case_06,A,11,0.6861894039099998,0.0,,,,
rotation_113_case_06,A,12,0.7175704635189999,0.0,,,,
rotation_113_case_06,A,13,0.7458134171670998,0.0,,,,
rotation_113_case_06,A,14,0.77123207545039,-5.551115123125783e-17,,,,
rotation_113_case_06,A,15,0.794108867905351,-5.551115123125783e-17,,,,
rotation_113_case_06,A,16,0.8146979811148158,-5.551115123125783e-17,,,,
rotation_113_case_06,A,17,0.8332281830033342,-1.1102230246251565e-16,,,,
rotation_113_case_06,A,18,0.8499053647030008,-5.551115123125783e-17,,,,
rotation_113_case_06,A,19,0.8649148282327008,-5.551115123125783e-17,,,,
rotation_113_case_06,A,20,0.8784233454094307,0.0,,,,
rotation_113_case_06,A,21,0.8905810108684877,-5.551115123125783e-17,,,,
rotation_113_case_06,A,22,0.9015229097816388,-1.1102230246251565e-16,,,,
rotation_113_case_06,A,23,0.911370618803475,-1.1102230246251565e-16,,,,
rotation_113_case_06,A,24,0.9202335569231275,-1.1102230246251565e-16,,,,
rotation_113_case_06,A,25,0.9282102012308148,-1.1102230246251565e-16,,,,
rotation_113_case_06,A,26,0.9353891811077333,-5.551115123125783e-17,,,,
rotation_113_case_06,A,27,0.94185026299696,-5.551115123125783e-17,,,,
rotation_113_case_06,A,28,0.9476652366972639,-5.551115123125783e-17,,,,
rotation_113_case_06,A,29,0.9528987130275375,-5.551115123125783e-17,,,,
rotation_113_case_06,A,30,0.9576088417247838,-1.1102230246251565e-16,,,,
rotation_113_case_06,A,31,0.9618479575523053,-1.1102230246251565e-16,,,,
rotation_113_case_06,A,32,0.9656631617970748,-1.1102230246251565e-16,,,,
rotation_113_case_06,A,33,0.9690968456173673,-5.551115123125783e-17,,,,
rotation_113_case_06,A,34,0.9721871610556305,-5.551115123125783e-17,,,,
rotation_113_case_06,A,35,0.9749684449500674,-5.551115123125783e-17,,,,
rotation_113_case_06,A,36,0.9774716004550608,-5.551115123125783e-17,,,,
rotation_113_case_06,A,37,0.9797244404095545,-1.1102230246251565e-16,,,,
rotation_113_case_06,A,38,0.9817519963685992,-1.1102230246251565e-16,,,,
rotation_113_case_06,A,39,0.9835767967317391,-1.1102230246251565e-16,,,,
rotation_113_case_06,A,40,0.9852191170585652,-1.1102230246251565e-16,,,,
rotation_113_case_06,A,41,0.9866972053527088,-5.551115123125783e-17,,,,
rotation_113_case_06,A,42,0.9880274848174379,-5.551115123125783e-17,,,,
rotation_113_case_06,A,43,0.989224736335694,-1.1102230246251565e-16,,,,
rotation_113_case_06,A,44,0.9903022627021246,-5.551115123125783e-17,,,,
rotation_113_case_06,A,45,0.9912720364319121,-5.551115123125783e-17,,,,
rotation_113_case_06,A,46,0.9921448327887209,-5.551115123125783e-17,,,,
rotation_113_case_06,A,47,0.9929303495098488,-5.551115123125783e-17,,,,
rotation_113_case_06,A,48,0.993637314558864,-1.1102230246251565e-16,,,,
rotation_113_case_06,A,49,0.9942735831029775,0.0,,,,
rotation_113_case_06,A,50,0.9948462247926798,0.0,,,,
rotation_113_case_06,A,51,0.9953616023134118,-5.551115123125783e-17,,,,
rotation_113_case_06,A,52,0.9958254420820706,-5.551115123125783e-17,,,,
rotation_113_case_06,A,53,0.9962428978738636,0.0,,,,
rotation_113_case_06,A,54,0.9966186080864772,-5.551115123125783e-17,,,,
rotation_113_case_06,A,55,0.9969567472778295,-5.551115123125783e-17,,,,
rotation_113_case_06,A,56,0.9972610725500466,-5.551115123125783e-17,,,,
rotation_113_case_06,A,57,0.9975349652950419,-1.1102230246251565e-16,,,,
rotation_113_case_06,A,58,0.9977814687655376,-1.1102230246251565e-16,,,,
rotation_113_case_06,A,59,0.998003321888984,-1.1102230246251565e-16,,,,
rotation_113_case_06,A,60,0.9982029897000855,-1.1102230246251565e-16,,,,
rotation_113_case_06,A,61,0.9983826907300769,-5.551115123125783e-17,,,,
rotation_113_case_06,A,62,0.9985444216570692,-5.551115123125783e-17,,,,
rotation_113_case_06,A,63,0.9986899794913624,-5.551115123125783e-17,,,,
rotation_113_case_06,A,64,0.9988209815422261,-1.1102230246251565e-16,,,,
rotation_113_case_06,B,1,0.9988209815422261,-0.10000000000000009,0.9988209815422261,0.9988209815422262,0.0,1.1102230246251565e-16
rotation_113_case_06,B,2,0.9988209815422262,-0.19000000000000006,0.9988209815422262,0.9988209815422262,1.1102230246251565e-16,1.1102230246251565e-16
rotation_113_case_06,B,3,0.9988209815422262,-0.271,0.9988209815422262,0.9988209815422262,1.1102230246251565e-16,1.1102230246251565e-16
rotation_113_case_06,B,4,0.9988209815422262,-0.34390000000000004,0.9988209815422262,0.9988209815422263,1.1102230246251565e-16,2.220446049250313e-16
rotation_113_case_06,B,5,0.9988209815422262,-0.40951000000000004,0.9988209815422262,0.9988209815422262,1.1102230246251565e-16,1.1102230246251565e-16
rotation_113_case_06,B,6,0.9988209815422263,-0.4685590000000001,0.9988209815422263,0.9988209815422263,2.220446049250313e-16,2.220446049250313e-16
rotation_113_case_06,B,7,0.9988209815422262,-0.5217031000000001,0.9988209815422262,0.9988209815422262,1.1102230246251565e-16,1.1102230246251565e-16
rotation_113_case_06,B,8,0.9988209815422263,-0.56953279,0.9988209815422263,0.9988209815422263,2.220446049250313e-16,2.220446049250313e-16
rotation_113_case_06,B,9,0.9988209815422262,-0.6125795110000001,0.9988209815422262,0.9988209815422264,1.1102230246251565e-16,3.3306690738754696e-16
rotation_113_case_06,B,10,0.9988209815422262,-0.6513215599000002,0.9988209815422262,0.9988209815422262,1.1102230246251565e-16,1.1102230246251565e-16
rotation_113_case_06,B,11,0.9988209815422262,-0.68618940391,0.9988209815422262,0.9988209815422262,1.1102230246251565e-16,1.1102230246251565e-16
rotation_113_case_06,B,12,0.9988209815422262,-0.7175704635190002,0.9988209815422262,0.9988209815422262,1.1102230246251565e-16,1.1102230246251565e-16
rotation_113_case_06,B,13,0.9988209815422261,-0.7458134171671001,0.9988209815422261,0.9988209815422262,0.0,1.1102230246251565e-16
rotation_113_case_06,B,14,0.998820981542226,-0.77123207545039,0.998820981542226,0.9988209815422262,1.1102230246251565e-16,1.1102230246251565e-16
rotation_113_case_06,B,15,0.9988209815422262,-0.7941088679053511,0.9988209815422262,0.9988209815422262,1.1102230246251565e-16,1.1102230246251565e-16
rotation_113_case_06,B,16,0.9988209815422262,-0.8146979811148161,0.9988209815422262,0.9988209815422262,1.1102230246251565e-16,1.1102230246251565e-16
rotation_113_case_06,B,17,0.9988209815422262,-0.8332281830033346,0.9988209815422262,0.9988209815422263,1.1102230246251565e-16,2.220446049250313e-16
rotation_113_case_06,B,18,0.9988209815422263,-0.8499053647030012,0.9988209815422263,0.9988209815422264,2.220446049250313e-16,3.3306690738754696e-16
rotation_113_case_06,B,19,0.9988209815422264,-0.864914828232701,0.9988209815422264,0.9988209815422264,3.3306690738754696e-16,3.3306690738754696e-16
rotation_113_case_06,B,20,0.9988209815422264,-0.878423345409431,0.9988209815422264,0.9988209815422266,3.3306690738754696e-16,5.551115123125783e-16
rotation_113_case_06,B,21,0.9988209815422264,-0.8905810108684877,0.9988209815422264,0.9988209815422264,3.3306690738754696e-16,3.3306690738754696e-16
rotation_113_case_06,B,22,0.9988209815422264,-0.901522909781639,0.9988209815422264,0.9988209815422266,3.3306690738754696e-16,5.551115123125783e-16
rotation_113_case_06,B,23,0.9988209815422264,-0.9113706188034751,0.9988209815422264,0.9988209815422266,3.3306690738754696e-16,5.551115123125783e-16
rotation_113_case_06,B,24,0.9988209815422265,-0.9202335569231275,0.9988209815422265,0.9988209815422268,4.440892098500626e-16,6.661338147750939e-16
rotation_113_case_06,B,25,0.9988209815422265,-0.9282102012308149,0.9988209815422265,0.9988209815422268,4.440892098500626e-16,6.661338147750939e-16
rotation_113_case_06,B,26,0.9988209815422264,-0.9353891811077333,0.9988209815422264,0.9988209815422266,3.3306690738754696e-16,5.551115123125783e-16
rotation_113_case_06,B,27,0.9988209815422265,-0.9418502629969601,0.9988209815422265,0.9988209815422268,4.440892098500626e-16,6.661338147750939e-16
rotation_113_case_06,B,28,0.9988209815422266,-0.9476652366972642,0.9988209815422266,0.9988209815422268,5.551115123125783e-16,6.661338147750939e-16
rotation_113_case_06,B,29,0.9988209815422265,-0.9528987130275377,0.9988209815422265,0.9988209815422268,4.440892098500626e-16,6.661338147750939e-16
rotation_113_case_06,B,30,0.9988209815422266,-0.9576088417247839,0.9988209815422266,0.9988209815422268,5.551115123125783e-16,6.661338147750939e-16
rotation_113_case_06,B,31,0.9988209815422264,-0.9618479575523056,0.9988209815422264,0.9988209815422264,3.3306690738754696e-16,3.3306690738754696e-16
rotation_113_case_06,B,32,0.9988209815422265,-0.9656631617970751,0.9988209815422265,0.9988209815422268,4.440892098500626e-16,6.661338147750939e-16
rotation_113_case_06,B,33,0.9988209815422266,-0.9690968456173676,0.9988209815422266,0.9988209815422268,5.551115123125783e-16,6.661338147750939e-16
rotation_113_case_06,B,34,0.9988209815422266,-0.9721871610556309,0.9988209815422266,0.9988209815422268,5.551115123125783e-16,6.661338147750939e-16
rotation_113_case_06,B,35,0.9988209815422266,-0.9749684449500678,0.9988209815422266,0.9988209815422268,5.551115123125783e-16,6.661338147750939e-16
rotation_113_case_06,B,36,0.9988209815422266,-0.977471600455061,0.9988209815422266,0.9988209815422269,5.551115123125783e-16,7.771561172376096e-16
rotation_113_case_06,B,37,0.9988209815422266,-0.9797244404095552,0.9988209815422266,0.9988209815422269,5.551115123125783e-16,7.771561172376096e-16
rotation_113_case_06,B,38,0.9988209815422268,-0.9817519963685994,0.9988209815422268,0.9988209815422269,6.661338147750939e-16,7.771561172376096e-16
rotation_113_case_06,B,39,0.9988209815422266,-0.9835767967317395,0.9988209815422266,0.9988209815422269,5.551115123125783e-16,7.771561172376096e-16
rotation_113_case_06,B,40,0.9988209815422268,-0.9852191170585657,0.9988209815422268,0.9988209815422269,6.661338147750939e-16,7.771561172376096e-16
rotation_113_case_06,B,41,0.9988209815422268,-0.986697205352709,0.9988209815422268,0.9988209815422269,6.661338147750939e-16,7.771561172376096e-16
rotation_113_case_06,B,42,0.9988209815422268,-0.9880274848174381,0.9988209815422268,0.9988209815422269,6.661338147750939e-16,7.771561172376096e-16
rotation_113_case_06,B,43,0.9988209815422268,-0.9892247363356945,0.9988209815422268,0.9988209815422269,6.661338147750939e-16,7.771561172376096e-16
rotation_113_case_06,B,44,0.9988209815422268,-0.9903022627021252,0.9988209815422268,0.9988209815422269,6.661338147750939e-16,7.771561172376096e-16
rotation_113_case_06,B,45,0.9988209815422268,-0.9912720364319126,0.9988209815422268,0.9988209815422269,6.661338147750939e-16,7.771561172376096e-16
rotation_113_case_06,B,46,0.9988209815422268,-0.9921448327887213,0.9988209815422268,0.9988209815422269,6.661338147750939e-16,7.771561172376096e-16
rotation_113_case_06,B,47,0.9988209815422268,-0.9929303495098492,0.9988209815422268,0.9988209815422269,6.661338147750939e-16,7.771561172376096e-16
rotation_113_case_06,B,48,0.9988209815422266,-0.9936373145588642,0.9988209815422266,0.9988209815422268,5.551115123125783e-16,6.661338147750939e-16
rotation_113_case_06,B,49,0.9988209815422266,-0.9942735831029779,0.9988209815422266,0.9988209815422268,5.551115123125783e-16,6.661338147750939e-16
rotation_113_case_06,B,50,0.9988209815422266,-0.9948462247926798,0.9988209815422266,0.9988209815422269,5.551115123125783e-16,7.771561172376096e-16
rotation_113_case_06,B,51,0.9988209815422266,-0.9953616023134119,0.9988209815422266,0.9988209815422268,5.551115123125783e-16,6.661338147750939e-16
rotation_113_case_06,B,52,0.9988209815422266,-0.9958254420820707,0.9988209815422266,0.9988209815422268,5.551115123125783e-16,6.661338147750939e-16
rotation_113_case_06,B,53,0.9988209815422265,-0.9962428978738634,0.9988209815422265,0.9988209815422268,4.440892098500626e-16,6.661338147750939e-16
rotation_113_case_06,B,54,0.9988209815422266,-0.9966186080864774,0.9988209815422266,0.9988209815422268,5.551115123125783e-16,6.661338147750939e-16
rotation_113_case_06,B,55,0.9988209815422265,-0.9969567472778296,0.9988209815422265,0.9988209815422268,4.440892098500626e-16,6.661338147750939e-16
rotation_113_case_06,B,56,0.9988209815422266,-0.9972610725500466,0.9988209815422266,0.9988209815422268,5.551115123125783e-16,6.661338147750939e-16
rotation_113_case_06,B,57,0.9988209815422266,-0.9975349652950418,0.9988209815422266,0.9988209815422268,5.551115123125783e-16,6.661338147750939e-16
rotation_113_case_06,B,58,0.9988209815422266,-0.9977814687655377,0.9988209815422266,0.9988209815422268,5.551115123125783e-16,6.661338147750939e-16
rotation_113_case_06,B,59,0.9988209815422265,-0.998003321888984,0.9988209815422265,0.9988209815422266,4.440892098500626e-16,5.551115123125783e-16
rotation_113_case_06,B,60,0.9988209815422266,-0.9982029897000855,0.9988209815422266,0.9988209815422268,5.551115123125783e-16,6.661338147750939e-16
rotation_113_case_06,B,61,0.9988209815422266,-0.9983826907300772,0.9988209815422266,0.9988209815422268,5.551115123125783e-16,6.661338147750939e-16
rotation_113_case_06,B,62,0.9988209815422266,-0.9985444216570694,0.9988209815422266,0.9988209815422268,5.551115123125783e-16,6.661338147750939e-16
rotation_113_case_06,B,63,0.9988209815422266,-0.9986899794913624,0.9988209815422266,0.9988209815422268,5.551115123125783e-16,6.661338147750939e-16
rotation_113_case_06,B,64,0.9988209815422265,-0.998820981542226,0.9988209815422265,0.9988209815422268,4.440892098500626e-16,6.661338147750939e-16
rotation_113_case_07,A,1,0.1,6.938893903907228e-18,,,,
rotation_113_case_07,A,2,0.19,0.0,,,,
rotation_113_case_07,A,3,0.271,0.0,,,,
rotation_113_case_07,A,4,0.3439,-2.7755575615628914e-17,,,,
rotation_113_case_07,A,5,0.40951,-2.7755575615628914e-17,,,,
rotation_113_case_07,A,6,0.46855899999999995,-2.7755575615628914e-17,,,,
rotation_113_case_07,A,7,0.5217031,0.0,,,,
rotation_113_case_07,A,8,0.56953279,-2.7755575615628914e-17,,,,
rotation_113_case_07,A,9,0.612579511,-2.7755575615628914e-17,,,,
rotation_113_case_07,A,10,0.6513215598999998,-5.551115123125783e-17,,,,
rotation_113_case_07,A,11,0.6861894039099998,0.0,,,,
rotation_113_case_07,A,12,0.7175704635189999,0.0,,,,
rotation_113_case_07,A,13,0.7458134171670998,0.0,,,,
rotation_113_case_07,A,14,0.77123207545039,-5.551115123125783e-17,,,,
rotation_113_case_07,A,15,0.794108867905351,-5.551115123125783e-17,,,,
rotation_113_case_07,A,16,0.8146979811148158,-5.551115123125783e-17,,,,
rotation_113_case_07,A,17,0.8332281830033342,-1.1102230246251565e-16,,,,
rotation_113_case_07,A,18,0.8499053647030008,-5.551115123125783e-17,,,,
rotation_113_case_07,A,19,0.8649148282327008,-5.551115123125783e-17,,,,
rotation_113_case_07,A,20,0.8784233454094307,0.0,,,,
rotation_113_case_07,A,21,0.8905810108684877,-5.551115123125783e-17,,,,
rotation_113_case_07,A,22,0.9015229097816388,-1.1102230246251565e-16,,,,
rotation_113_case_07,A,23,0.911370618803475,-1.1102230246251565e-16,,,,
rotation_113_case_07,A,24,0.9202335569231275,-1.1102230246251565e-16,,,,
rotation_113_case_07,A,25,0.9282102012308148,-1.1102230246251565e-16,,,,
rotation_113_case_07,A,26,0.9353891811077333,-5.551115123125783e-17,,,,
rotation_113_case_07,A,27,0.94185026299696,-5.551115123125783e-17,,,,
rotation_113_case_07,A,28,0.9476652366972639,-5.551115123125783e-17,,,,
rotation_113_case_07,A,29,0.9528987130275375,-5.551115123125783e-17,,,,
rotation_113_case_07,A,30,0.9576088417247838,-1.1102230246251565e-16,,,,
rotation_113_case_07,A,31,0.9618479575523053,-1.1102230246251565e-16,,,,
rotation_113_case_07,A,32,0.9656631617970748,-1.1102230246251565e-16,,,,
rotation_113_case_07,A,33,0.9690968456173673,-5.551115123125783e-17,,,,
rotation_113_case_07,A,34,0.9721871610556305,-5.551115123125783e-17,,,,
rotation_113_case_07,A,35,0.9749684449500674,-5.551115123125783e-17,,,,
rotation_113_case_07,A,36,0.9774716004550608,-5.551115123125783e-17,,,,
rotation_113_case_07,A,37,0.9797244404095545,-1.1102230246251565e-16,,,,
rotation_113_case_07,A,38,0.9817519963685992,-1.1102230246251565e-16,,,,
rotation_113_case_07,A,39,0.9835767967317391,-1.1102230246251565e-16,,,,
rotation_113_case_07,A,40,0.9852191170585652,-1.1102230246251565e-16,,,,
rotation_113_case_07,A,41,0.9866972053527088,-5.551115123125783e-17,,,,
rotation_113_case_07,A,42,0.9880274848174379,-5.551115123125783e-17,,,,
rotation_113_case_07,A,43,0.989224736335694,-1.1102230246251565e-16,,,,
rotation_113_case_07,A,44,0.9903022627021246,-5.551115123125783e-17,,,,
rotation_113_case_07,A,45,0.9912720364319121,-5.551115123125783e-17,,,,
rotation_113_case_07,A,46,0.9921448327887209,-5.551115123125783e-17,,,,
rotation_113_case_07,A,47,0.9929303495098488,-5.551115123125783e-17,,,,
rotation_113_case_07,A,48,0.993637314558864,-1.1102230246251565e-16,,,,
rotation_113_case_07,A,49,0.9942735831029775,0.0,,,,
rotation_113_case_07,A,50,0.9948462247926798,0.0,,,,
rotation_113_case_07,A,51,0.9953616023134118,-5.551115123125783e-17,,,,
rotation_113_case_07,A,52,0.9958254420820706,-5.551115123125783e-17,,,,
rotation_113_case_07,A,53,0.9962428978738636,0.0,,,,
rotation_113_case_07,A,54,0.9966186080864772,-5.551115123125783e-17,,,,
rotation_113_case_07,A,55,0.9969567472778295,-5.551115123125783e-17,,,,
rotation_113_case_07,A,56,0.9972610725500466,-5.551115123125783e-17,,,,
rotation_113_case_07,A,57,0.9975349652950419,-1.1102230246251565e-16,,,,
rotation_113_case_07,A,58,0.9977814687655376,-1.1102230246251565e-16,,,,
rotation_113_case_07,A,59,0.998003321888984,-1.1102230246251565e-16,,,,
rotation_113_case_07,A,60,0.9982029897000855,-1.1102230246251565e-16,,,,
rotation_113_case_07,A,61,0.9983826907300769,-5.551115123125783e-17,,,,
rotation_113_case_07,A,62,0.9985444216570692,-5.551115123125783e-17,,,,
rotation_113_case_07,A,63,0.9986899794913624,-5.551115123125783e-17,,,,
rotation_113_case_07,A,64,0.9988209815422261,-1.1102230246251565e-16,,,,
rotation_113_case_07,B,1,0.9988209815422261,0.09999999999999998,0.9988209815422261,0.9988209815422262,0.0,1.1102230246251565e-16
rotation_113_case_07,B,2,0.9988209815422261,0.1899999999999999,0.9988209815422261,0.9988209815422262,0.0,1.1102230246251565e-16
rotation_113_case_07,B,3,0.998820981542226,0.2709999999999999,0.998820981542226,0.9988209815422262,1.1102230246251565e-16,1.1102230246251565e-16
rotation_113_case_07,B,4,0.9988209815422261,0.3439,0.9988209815422261,0.9988209815422262,0.0,1.1102230246251565e-16
rotation_113_case_07,B,5,0.9988209815422262,0.40951,0.9988209815422262,0.9988209815422264,1.1102230246251565e-16,3.3306690738754696e-16
rotation_113_case_07,B,6,0.9988209815422262,0.468559,0.9988209815422262,0.9988209815422264,1.1102230246251565e-16,3.3306690738754696e-16
rotation_113_case_07,B,7,0.9988209815422262,0.5217031,0.9988209815422262,0.9988209815422264,1.1102230246251565e-16,3.3306690738754696e-16
rotation_113_case_07,B,8,0.9988209815422261,0.56953279,0.9988209815422261,0.9988209815422263,0.0,2.220446049250313e-16
rotation_113_case_07,B,9,0.9988209815422262,0.612579511,0.9988209815422262,0.9988209815422262,1.1102230246251565e-16,1.1102230246251565e-16
rotation_113_case_07,B,10,0.9988209815422261,0.6513215599,0.9988209815422261,0.9988209815422263,0.0,2.220446049250313e-16
rotation_113_case_07,B,11,0.998820981542226,0.6861894039099999,0.998820981542226,0.9988209815422262,1.1102230246251565e-16,1.1102230246251565e-16
rotation_113_case_07,B,12,0.9988209815422261,0.7175704635189999,0.9988209815422261,0.9988209815422263,0.0,2.220446049250313e-16
rotation_113_case_07,B,13,0.9988209815422262,0.7458134171671,0.9988209815422262,0.9988209815422262,1.1102230246251565e-16,1.1102230246251565e-16
rotation_113_case_07,B,14,0.9988209815422261,0.77123207545039,0.9988209815422261,0.9988209815422263,0.0,2.220446049250313e-16
rotation_113_case_07,B,15,0.9988209815422262,0.794108867905351,0.9988209815422262,0.9988209815422264,1.1102230246251565e-16,3.3306690738754696e-16
rotation_113_case_07,B,16,0.9988209815422263,0.814697981114816,0.9988209815422263,0.9988209815422266,2.220446049250313e-16,5.551115123125783e-16
rotation_113_case_07,B,17,0.9988209815422262,0.8332281830033343,0.9988209815422262,0.9988209815422264,1.1102230246251565e-16,3.3306690738754696e-16
rotation_113_case_07,B,18,0.9988209815422262,0.8499053647030008,0.9988209815422262,0.9988209815422264,1.1102230246251565e-16,3.3306690738754696e-16
rotation_113_case_07,B,19,0.9988209815422262,0.8649148282327007,0.9988209815422262,0.9988209815422262,1.1102230246251565e-16,1.1102230246251565e-16
rotation_113_case_07,B,20,0.9988209815422262,0.8784233454094308,0.9988209815422262,0.9988209815422264,1.1102230246251565e-16,3.3306690738754696e-16
rotation_113_case_07,B,21,0.9988209815422262,0.8905810108684875,0.9988209815422262,0.9988209815422264,1.1102230246251565e-16,3.3306690738754696e-16
rotation_113_case_07,B,22,0.9988209815422263,0.9015229097816388,0.9988209815422263,0.9988209815422263,2.220446049250313e-16,2.220446049250313e-16
rotation_113_case_07,B,23,0.9988209815422262,0.911370618803475,0.9988209815422262,0.9988209815422264,1.1102230246251565e-16,3.3306690738754696e-16
rotation_113_case_07,B,24,0.9988209815422264,0.9202335569231275,0.9988209815422264,0.9988209815422264,3.3306690738754696e-16,3.3306690738754696e-16
rotation_113_case_07,B,25,0.9988209815422261,0.9282102012308148,0.9988209815422261,0.9988209815422263,0.0,2.220446049250313e-16
rotation_113_case_07,B,26,0.9988209815422261,0.9353891811077332,0.9988209815422261,0.9988209815422263,0.0,2.220446049250313e-16
rotation_113_case_07,B,27,0.9988209815422262,0.94185026299696,0.9988209815422262,0.9988209815422264,1.1102230246251565e-16,3.3306690738754696e-16
rotation_113_case_07,B,28,0.9988209815422262,0.9476652366972639,0.9988209815422262,0.9988209815422264,1.1102230246251565e-16,3.3306690738754696e-16
rotation_113_case_07,B,29,0.9988209815422264,0.9528987130275375,0.9988209815422264,0.9988209815422268,3.3306690738754696e-16,6.661338147750939e-16
rotation_113_case_07,B,30,0.9988209815422264,0.9576088417247839,0.9988209815422264,0.9988209815422264,3.3306690738754696e-16,3.3306690738754696e-16
rotation_113_case_07,B,31,0.9988209815422264,0.9618479575523053,0.9988209815422264,0.9988209815422268,3.3306690738754696e-16,6.661338147750939e-16
rotation_113_case_07,B,32,0.9988209815422263,0.9656631617970748,0.9988209815422263,0.9988209815422266,2.220446049250313e-16,5.551115123125783e-16
rotation_113_case_07,B,33,0.9988209815422263,0.9690968456173674,0.9988209815422263,0.9988209815422266,2.220446049250313e-16,5.551115123125783e-16
rotation_113_case_07,B,34,0.9988209815422262,0.9721871610556307,0.9988209815422262,0.9988209815422264,1.1102230246251565e-16,3.3306690738754696e-16
rotation_113_case_07,B,35,0.9988209815422262,0.9749684449500675,0.9988209815422262,0.9988209815422264,1.1102230246251565e-16,3.3306690738754696e-16
rotation_113_case_07,B,36,0.9988209815422262,0.9774716004550608,0.9988209815422262,0.9988209815422264,1.1102230246251565e-16,3.3306690738754696e-16
rotation_113_case_07,B,37,0.9988209815422263,0.9797244404095546,0.9988209815422263,0.9988209815422263,2.220446049250313e-16,2.220446049250313e-16
rotation_113_case_07,B,38,0.9988209815422262,0.9817519963685992,0.9988209815422262,0.9988209815422264,1.1102230246251565e-16,3.3306690738754696e-16
rotation_113_case_07,B,39,0.9988209815422263,0.9835767967317393,0.9988209815422263,0.9988209815422263,2.220446049250313e-16,2.220446049250313e-16
rotation_113_case_07,B,40,0.9988209815422263,0.9852191170585654,0.9988209815422263,0.9988209815422263,2.220446049250313e-16,2.220446049250313e-16
rotation_113_case_07,B,41,0.9988209815422263,0.9866972053527088,0.9988209815422263,0.9988209815422263,2.220446049250313e-16,2.220446049250313e-16
rotation_113_case_07,B,42,0.9988209815422263,0.988027484817438,0.9988209815422263,0.9988209815422263,2.220446049250313e-16,2.220446049250313e-16
rotation_113_case_07,B,43,0.9988209815422263,0.9892247363356942,0.9988209815422263,0.9988209815422266,2.220446049250313e-16,5.551115123125783e-16
rotation_113_case_07,B,44,0.9988209815422264,0.9903022627021247,0.9988209815422264,0.9988209815422264,3.3306690738754696e-16,3.3306690738754696e-16
rotation_113_case_07,B,45,0.9988209815422263,0.9912720364319123,0.9988209815422263,0.9988209815422266,2.220446049250313e-16,5.551115123125783e-16
rotation_113_case_07,B,46,0.9988209815422263,0.992144832788721,0.9988209815422263,0.9988209815422266,2.220446049250313e-16,5.551115123125783e-16
rotation_113_case_07,B,47,0.9988209815422265,0.9929303495098492,0.9988209815422265,0.9988209815422266,4.440892098500626e-16,5.551115123125783e-16
rotation_113_case_07,B,48,0.9988209815422265,0.9936373145588642,0.9988209815422265,0.9988209815422266,4.440892098500626e-16,5.551115123125783e-16
rotation_113_case_07,B,49,0.9988209815422263,0.9942735831029776,0.9988209815422263,0.9988209815422266,2.220446049250313e-16,5.551115123125783e-16
rotation_113_case_07,B,50,0.9988209815422262,0.9948462247926798,0.9988209815422262,0.9988209815422264,1.1102230246251565e-16,3.3306690738754696e-16
rotation_113_case_07,B,51,0.9988209815422262,0.9953616023134119,0.9988209815422262,0.9988209815422264,1.1102230246251565e-16,3.3306690738754696e-16
rotation_113_case_07,B,52,0.9988209815422262,0.9958254420820706,0.9988209815422262,0.9988209815422262,1.1102230246251565e-16,1.1102230246251565e-16
rotation_113_case_07,B,53,0.9988209815422263,0.9962428978738636,0.9988209815422263,0.9988209815422263,2.220446049250313e-16,2.220446049250313e-16
rotation_113_case_07,B,54,0.9988209815422262,0.9966186080864772,0.9988209815422262,0.9988209815422264,1.1102230246251565e-16,3.3306690738754696e-16
rotation_113_case_07,B,55,0.9988209815422262,0.9969567472778295,0.9988209815422262,0.9988209815422264,1.1102230246251565e-16,3.3306690738754696e-16
rotation_113_case_07,B,56,0.9988209815422262,0.9972610725500465,0.9988209815422262,0.9988209815422262,1.1102230246251565e-16,1.1102230246251565e-16
rotation_113_case_07,B,57,0.9988209815422261,0.9975349652950418,0.9988209815422261,0.9988209815422263,0.0,2.220446049250313e-16
rotation_113_case_07,B,58,0.9988209815422262,0.9977814687655377,0.9988209815422262,0.9988209815422262,1.1102230246251565e-16,1.1102230246251565e-16
rotation_113_case_07,B,59,0.998820981542226,0.9980033218889839,0.998820981542226,0.9988209815422262,1.1102230246251565e-16,1.1102230246251565e-16
rotation_113_case_07,B,60,0.9988209815422261,0.9982029897000854,0.9988209815422261,0.9988209815422262,0.0,1.1102230246251565e-16
rotation_113_case_07,B,61,0.9988209815422261,0.9983826907300769,0.9988209815422261,0.9988209815422263,0.0,2.220446049250313e-16
rotation_113_case_07,B,62,0.9988209815422263,0.9985444216570692,0.9988209815422263,0.9988209815422263,2.220446049250313e-16,2.220446049250313e-16
rotation_113_case_07,B,63,0.9988209815422263,0.9986899794913624,0.9988209815422263,0.9988209815422263,2.220446049250313e-16,2.220446049250313e-16
rotation_113_case_07,B,64,0.9988209815422262,0.9988209815422261,0.9988209815422262,0.9988209815422264,1.1102230246251565e-16,3.3306690738754696e-16
rotation_113_case_08,A,1,-0.1,-0.07071067811865475,,,,
rotation_113_case_08,A,2,-0.19,-0.13435028842544403,,,,
rotation_113_case_08,A,3,-0.271,-0.19162593770155437,,,,
rotation_113_case_08,A,4,-0.3439,-0.24317402205005362,,,,
rotation_113_case_08,A,5,-0.40951,-0.289567297963703,,,,
rotation_113_case_08,A,6,-0.46855899999999995,-0.33132124628598747,,,,
rotation_113_case_08,A,7,-0.5217031,-0.3688997997760435,,,,
rotation_113_case_08,A,8,-0.56953279,-0.40272049791709386,,,,
rotation_113_case_08,A,9,-0.612579511,-0.4331591262440392,,,,
rotation_113_case_08,A,10,-0.6513215598999998,-0.46055389173829,,,,
rotation_113_case_08,A,11,-0.6861894039099998,-0.4852091806831157,,,,
rotation_113_case_08,A,12,-0.7175704635189999,-0.5073989407334589,,,,
rotation_113_case_08,A,13,-0.7458134171670998,-0.5273697247787678,,,,
rotation_113_case_08,A,14,-0.77123207545039,-0.5453434304195457,,,,
rotation_113_case_08,A,15,-0.794108867905351,-0.5615197654962458,,,,
rotation_113_case_08,A,16,-0.8146979811148158,-0.576078467065276,,,,
rotation_113_case_08,A,17,-0.8332281830033342,-0.5891812984774032,,,,
rotation_113_case_08,A,18,-0.8499053647030008,-0.6009738467483177,,,,
rotation_113_case_08,A,19,-0.8649148282327008,-0.6115871401921407,,,,
rotation_113_case_08,A,20,-0.8784233454094307,-0.6211391042915813,,,,
rotation_113_case_08,A,21,-0.8905810108684877,-0.6297358719810779,,,,
rotation_113_case_08,A,22,-0.9015229097816388,-0.6374729629016248,,,,
rotation_113_case_08,A,23,-0.911370618803475,-0.6444363447301171,,,,
rotation_113_case_08,A,24,-0.9202335569231275,-0.65070338837576,,,,
rotation_113_case_08,A,25,-0.9282102012308148,-0.6563437276568389,,,,
rotation_113_case_08,A,26,-0.9353891811077333,-0.6614200330098098,,,,
rotation_113_case_08,A,27,-0.94185026299696,-0.6659887078274835,,,,
rotation_113_case_08,A,28,-0.9476652366972639,-0.6701005151633899,,,,
rotation_113_case_08,A,29,-0.9528987130275375,-0.6738011417657056,,,,
rotation_113_case_08,A,30,-0.9576088417247838,-0.6771317057077898,,,,
rotation_113_case_08,A,31,-0.9618479575523053,-0.6801292132556656,,,,
rotation_113_case_08,A,32,-0.9656631617970748,-0.6828269700487537,,,,
rotation_113_case_08,A,33,-0.9690968456173673,-0.6852549511625331,,,,
rotation_113_case_08,A,34,-0.9721871610556305,-0.6874401341649345,,,,
rotation_113_case_08,A,35,-0.9749684449500674,-0.6894067988670958,,,,
rotation_113_case_08,A,36,-0.9774716004550608,-0.6911767970990409,,,,
rotation_113_case_08,A,37,-0.9797244404095545,-0.6927697955077915,,,,
rotation_113_case_08,A,38,-0.9817519963685992,-0.6942034940756672,,,,
rotation_113_case_08,A,39,-0.9835767967317391,-0.6954938227867551,,,,
rotation_113_case_08,A,40,-0.9852191170585652,-0.6966551186267345,,,,
rotation_113_case_08,A,41,-0.9866972053527088,-0.6977002848827156,,,,
rotation_113_case_08,A,42,-0.9880274848174379,-0.6986409345130988,,,,
rotation_113_case_08,A,43,-0.989224736335694,-0.6994875191804436,,,,
rotation_113_case_08,A,44,-0.9903022627021246,-0.700249445381054,,,,
rotation_113_case_08,A,45,-0.9912720364319121,-0.7009351789616034,,,,
rotation_113_case_08,A,46,-0.9921448327887209,-0.7015523391840979,,,,
rotation_113_case_08,A,47,-0.9929303495098488,-0.7021077833843428,,,,
rotation_113_case_08,A,48,-0.993637314558864,-0.7026076831645632,,,,
rotation_113_case_08,A,49,-0.9942735831029775,-0.7030575929667617,,,,
rotation_113_case_08,A,50,-0.9948462247926798,-0.7034625117887403,,,,
rotation_113_case_08,A,51,-0.9953616023134118,-0.7038269387285209,,,,
rotation_113_case_08,A,52,-0.9958254420820706,-0.7041549229743236,,,,
rotation_113_case_08,A,53,-0.9962428978738636,-0.704450108795546,,,,
rotation_113_case_08,A,54,-0.9966186080864772,-0.7047157760346461,,,,
rotation_113_case_08,A,55,-0.9969567472778295,-0.7049548765498361,,,,
rotation_113_case_08,A,56,-0.9972610725500466,-0.7051700670135074,,,,
rotation_113_case_08,A,57,-0.9975349652950419,-0.7053637384308113,,,,
rotation_113_case_08,A,58,-0.9977814687655376,-0.705538042706385,,,,
rotation_113_case_08,A,59,-0.998003321888984,-0.7056949165544013,,,,
rotation_113_case_08,A,60,-0.9982029897000855,-0.7058361030176158,,,,
rotation_113_case_08,A,61,-0.9983826907300769,-0.7059631708345091,,,,
rotation_113_case_08,A,62,-0.9985444216570692,-0.7060775318697128,,,,
rotation_113_case_08,A,63,-0.9986899794913624,-0.7061804568013963,,,,
rotation_113_case_08,A,64,-0.9988209815422261,-0.7062730892399115,,,,
rotation_113_case_08,B,1,-0.9988209815422261,-0.7062730892399115,-0.9988209815422263,-0.9988209815422262,2.220446049250313e-16,1.1102230246251565e-16
rotation_113_case_08,B,2,-0.9988209815422261,-0.7062730892399115,-0.9988209815422263,-0.9988209815422262,2.220446049250313e-16,1.1102230246251565e-16
rotation_113_case_08,B,3,-0.9988209815422261,-0.7062730892399115,-0.9988209815422263,-0.9988209815422262,2.220446049250313e-16,1.1102230246251565e-16
rotation_113_case_08,B,4,-0.9988209815422261,-0.7062730892399115,-0.9988209815422263,-0.9988209815422262,2.220446049250313e-16,1.1102230246251565e-16
rotation_113_case_08,B,5,-0.9988209815422261,-0.7062730892399115,-0.9988209815422263,-0.9988209815422262,2.220446049250313e-16,1.1102230246251565e-16
rotation_113_case_08,B,6,-0.9988209815422261,-0.7062730892399115,-0.9988209815422263,-0.9988209815422262,2.220446049250313e-16,1.1102230246251565e-16
rotation_113_case_08,B,7,-0.9988209815422261,-0.7062730892399115,-0.9988209815422263,-0.9988209815422262,2.220446049250313e-16,1.1102230246251565e-16
rotation_113_case_08,B,8,-0.9988209815422261,-0.7062730892399115,-0.9988209815422263,-0.9988209815422262,2.220446049250313e-16,1.1102230246251565e-16
rotation_113_case_08,B,9,-0.9988209815422261,-0.7062730892399115,-0.9988209815422263,-0.9988209815422262,2.220446049250313e-16,1.1102230246251565e-16
rotation_113_case_08,B,10,-0.9988209815422261,-0.7062730892399115,-0.9988209815422263,-0.9988209815422262,2.220446049250313e-16,1.1102230246251565e-16
rotation_113_case_08,B,11,-0.9988209815422261,-0.7062730892399115,-0.9988209815422263,-0.9988209815422262,2.220446049250313e-16,1.1102230246251565e-16
rotation_113_case_08,B,12,-0.9988209815422261,-0.7062730892399115,-0.9988209815422263,-0.9988209815422262,2.220446049250313e-16,1.1102230246251565e-16
rotation_113_case_08,B,13,-0.9988209815422261,-0.7062730892399115,-0.9988209815422263,-0.9988209815422262,2.220446049250313e-16,1.1102230246251565e-16
rotation_113_case_08,B,14,-0.9988209815422261,-0.7062730892399115,-0.9988209815422263,-0.9988209815422262,2.220446049250313e-16,1.1102230246251565e-16
rotation_113_case_08,B,15,-0.9988209815422261,-0.7062730892399115,-0.9988209815422263,-0.9988209815422262,2.220446049250313e-16,1.1102230246251565e-16
rotation_113_case_08,B,16,-0.9988209815422261,-0.7062730892399115,-0.9988209815422263,-0.9988209815422262,2.220446049250313e-16,1.1102230246251565e-16
rotation_113_case_08,B,17,-0.9988209815422261,-0.7062730892399115,-0.9988209815422263,-0.9988209815422262,2.220446049250313e-16,1.1102230246251565e-16
rotation_113_case_08,B,18,-0.9988209815422261,-0.7062730892399115,-0.9988209815422263,-0.9988209815422262,2.220446049250313e-16,1.1102230246251565e-16
rotation_113_case_08,B,19,-0.9988209815422261,-0.7062730892399115,-0.9988209815422263,-0.9988209815422262,2.220446049250313e-16,1.1102230246251565e-16
rotation_113_case_08,B,20,-0.9988209815422261,-0.7062730892399115,-0.9988209815422263,-0.9988209815422262,2.220446049250313e-16,1.1102230246251565e-16
rotation_113_case_08,B,21,-0.9988209815422261,-0.7062730892399115,-0.9988209815422263,-0.9988209815422262,2.220446049250313e-16,1.1102230246251565e-16
rotation_113_case_08,B,22,-0.9988209815422261,-0.7062730892399115,-0.9988209815422263,-0.9988209815422262,2.220446049250313e-16,1.1102230246251565e-16
rotation_113_case_08,B,23,-0.9988209815422261,-0.7062730892399115,-0.9988209815422263,-0.9988209815422262,2.220446049250313e-16,1.1102230246251565e-16
rotation_113_case_08,B,24,-0.9988209815422261,-0.7062730892399115,-0.9988209815422263,-0.9988209815422262,2.220446049250313e-16,1.1102230246251565e-16
rotation_113_case_08,B,25,-0.9988209815422261,-0.7062730892399115,-0.9988209815422263,-0.9988209815422262,2.220446049250313e-16,1.1102230246251565e-16
rotation_113_case_08,B,26,-0.9988209815422261,-0.7062730892399115,-0.9988209815422263,-0.9988209815422262,2.220446049250313e-16,1.1102230246251565e-16
rotation_113_case_08,B,27,-0.9988209815422261,-0.7062730892399115,-0.9988209815422263,-0.9988209815422262,2.220446049250313e-16,1.1102230246251565e-16
rotation_113_case_08,B,28,-0.9988209815422261,-0.7062730892399115,-0.9988209815422263,-0.9988209815422262,2.220446049250313e-16,1.1102230246251565e-16
rotation_113_case_08,B,29,-0.9988209815422261,-0.7062730892399115,-0.9988209815422263,-0.9988209815422262,2.220446049250313e-16,1.1102230246251565e-16
rotation_113_case_08,B,30,-0.9988209815422261,-0.7062730892399115,-0.9988209815422263,-0.9988209815422262,2.220446049250313e-16,1.1102230246251565e-16
rotation_113_case_08,B,31,-0.9988209815422261,-0.7062730892399115,-0.9988209815422263,-0.9988209815422262,2.220446049250313e-16,1.1102230246251565e-16
rotation_113_case_08,B,32,-0.9988209815422261,-0.7062730892399115,-0.9988209815422263,-0.9988209815422262,2.220446049250313e-16,1.1102230246251565e-16
rotation_113_case_08,B,33,-0.9988209815422261,-0.7062730892399115,-0.9988209815422263,-0.9988209815422262,2.220446049250313e-16,1.1102230246251565e-16
rotation_113_case_08,B,34,-0.9988209815422261,-0.7062730892399115,-0.9988209815422263,-0.9988209815422262,2.220446049250313e-16,1.1102230246251565e-16
rotation_113_case_08,B,35,-0.9988209815422261,-0.7062730892399115,-0.9988209815422263,-0.9988209815422262,2.220446049250313e-16,1.1102230246251565e-16
rotation_113_case_08,B,36,-0.9988209815422261,-0.7062730892399115,-0.9988209815422263,-0.9988209815422262,2.220446049250313e-16,1.1102230246251565e-16
rotation_113_case_08,B,37,-0.9988209815422261,-0.7062730892399115,-0.9988209815422263,-0.9988209815422262,2.220446049250313e-16,1.1102230246251565e-16
rotation_113_case_08,B,38,-0.9988209815422261,-0.7062730892399115,-0.9988209815422263,-0.9988209815422262,2.220446049250313e-16,1.1102230246251565e-16
rotation_113_case_08,B,39,-0.9988209815422261,-0.7062730892399115,-0.9988209815422263,-0.9988209815422262,2.220446049250313e-16,1.1102230246251565e-16
rotation_113_case_08,B,40,-0.9988209815422261,-0.7062730892399115,-0.9988209815422263,-0.9988209815422262,2.220446049250313e-16,1.1102230246251565e-16
rotation_113_case_08,B,41,-0.9988209815422261,-0.7062730892399115,-0.9988209815422263,-0.9988209815422262,2.220446049250313e-16,1.1102230246251565e-16
rotation_113_case_08,B,42,-0.9988209815422261,-0.7062730892399115,-0.9988209815422263,-0.9988209815422262,2.220446049250313e-16,1.1102230246251565e-16
rotation_113_case_08,B,43,-0.9988209815422261,-0.7062730892399115,-0.9988209815422263,-0.9988209815422262,2.220446049250313e-16,1.1102230246251565e-16
rotation_113_case_08,B,44,-0.9988209815422261,-0.7062730892399115,-0.9988209815422263,-0.9988209815422262,2.220446049250313e-16,1.1102230246251565e-16
rotation_113_case_08,B,45,-0.9988209815422261,-0.7062730892399115,-0.9988209815422263,-0.9988209815422262,2.220446049250313e-16,1.1102230246251565e-16
rotation_113_case_08,B,46,-0.9988209815422261,-0.7062730892399115,-0.9988209815422263,-0.9988209815422262,2.220446049250313e-16,1.1102230246251565e-16
rotation_113_case_08,B,47,-0.9988209815422261,-0.7062730892399115,-0.9988209815422263,-0.9988209815422262,2.220446049250313e-16,1.1102230246251565e-16
rotation_113_case_08,B,48,-0.9988209815422261,-0.7062730892399115,-0.9988209815422263,-0.9988209815422262,2.220446049250313e-16,1.1102230246251565e-16
rotation_113_case_08,B,49,-0.9988209815422261,-0.7062730892399115,-0.9988209815422263,-0.9988209815422262,2.220446049250313e-16,1.1102230246251565e-16
rotation_113_case_08,B,50,-0.9988209815422261,-0.7062730892399115,-0.9988209815422263,-0.9988209815422262,2.220446049250313e-16,1.1102230246251565e-16
rotation_113_case_08,B,51,-0.9988209815422261,-0.7062730892399115,-0.9988209815422263,-0.9988209815422262,2.220446049250313e-16,1.1102230246251565e-16
rotation_113_case_08,B,52,-0.9988209815422261,-0.7062730892399115,-0.9988209815422263,-0.9988209815422262,2.220446049250313e-16,1.1102230246251565e-16
rotation_113_case_08,B,53,-0.9988209815422261,-0.7062730892399115,-0.9988209815422263,-0.9988209815422262,2.220446049250313e-16,1.1102230246251565e-16
rotation_113_case_08,B,54,-0.9988209815422261,-0.7062730892399115,-0.9988209815422263,-0.9988209815422262,2.220446049250313e-16,1.1102230246251565e-16
rotation_113_case_08,B,55,-0.9988209815422261,-0.7062730892399115,-0.9988209815422263,-0.9988209815422262,2.220446049250313e-16,1.1102230246251565e-16
rotation_113_case_08,B,56,-0.9988209815422261,-0.7062730892399115,-0.9988209815422263,-0.9988209815422262,2.220446049250313e-16,1.1102230246251565e-16
rotation_113_case_08,B,57,-0.9988209815422261,-0.7062730892399115,-0.9988209815422263,-0.9988209815422262,2.220446049250313e-16,1.1102230246251565e-16
rotation_113_case_08,B,58,-0.9988209815422261,-0.7062730892399115,-0.9988209815422263,-0.9988209815422262,2.220446049250313e-16,1.1102230246251565e-16
rotation_113_case_08,B,59,-0.9988209815422261,-0.7062730892399115,-0.9988209815422263,-0.9988209815422262,2.220446049250313e-16,1.1102230246251565e-16
rotation_113_case_08,B,60,-0.9988209815422261,-0.7062730892399115,-0.9988209815422263,-0.9988209815422262,2.220446049250313e-16,1.1102230246251565e-16
rotation_113_case_08,B,61,-0.9988209815422261,-0.7062730892399115,-0.9988209815422263,-0.9988209815422262,2.220446049250313e-16,1.1102230246251565e-16
rotation_113_case_08,B,62,-0.9988209815422261,-0.7062730892399115,-0.9988209815422263,-0.9988209815422262,2.220446049250313e-16,1.1102230246251565e-16
rotation_113_case_08,B,63,-0.9988209815422261,-0.7062730892399115,-0.9988209815422263,-0.9988209815422262,2.220446049250313e-16,1.1102230246251565e-16
rotation_113_case_08,B,64,-0.9988209815422261,-0.7062730892399115,-0.9988209815422263,-0.9988209815422262,2.220446049250313e-16,1.1102230246251565e-16
rotation_113_case_09,A,1,-0.1,-0.07071067811865475,,,,
rotation_113_case_09,A,2,-0.19,-0.13435028842544403,,,,
rotation_113_case_09,A,3,-0.271,-0.19162593770155437,,,,
rotation_113_case_09,A,4,-0.3439,-0.24317402205005362,,,,
rotation_113_case_09,A,5,-0.40951,-0.289567297963703,,,,
rotation_113_case_09,A,6,-0.46855899999999995,-0.33132124628598747,,,,
rotation_113_case_09,A,7,-0.5217031,-0.3688997997760435,,,,
rotation_113_case_09,A,8,-0.56953279,-0.40272049791709386,,,,
rotation_113_case_09,A,9,-0.612579511,-0.4331591262440392,,,,
rotation_113_case_09,A,10,-0.6513215598999998,-0.46055389173829,,,,
rotation_113_case_09,A,11,-0.6861894039099998,-0.4852091806831157,,,,
rotation_113_case_09,A,12,-0.7175704635189999,-0.5073989407334589,,,,
rotation_113_case_09,A,13,-0.7458134171670998,-0.5273697247787678,,,,
rotation_113_case_09,A,14,-0.77123207545039,-0.5453434304195457,,,,
rotation_113_case_09,A,15,-0.794108867905351,-0.5615197654962458,,,,
rotation_113_case_09,A,16,-0.8146979811148158,-0.576078467065276,,,,
rotation_113_case_09,A,17,-0.8332281830033342,-0.5891812984774032,,,,
rotation_113_case_09,A,18,-0.8499053647030008,-0.6009738467483177,,,,
rotation_113_case_09,A,19,-0.8649148282327008,-0.6115871401921407,,,,
rotation_113_case_09,A,20,-0.8784233454094307,-0.6211391042915813,,,,
rotation_113_case_09,A,21,-0.8905810108684877,-0.6297358719810779,,,,
rotation_113_case_09,A,22,-0.9015229097816388,-0.6374729629016248,,,,
rotation_113_case_09,A,23,-0.911370618803475,-0.6444363447301171,,,,
rotation_113_case_09,A,24,-0.9202335569231275,-0.65070338837576,,,,
rotation_113_case_09,A,25,-0.9282102012308148,-0.6563437276568389,,,,
rotation_113_case_09,A,26,-0.9353891811077333,-0.6614200330098098,,,,
rotation_113_case_09,A,27,-0.94185026299696,-0.6659887078274835,,,,
rotation_113_case_09,A,28,-0.9476652366972639,-0.6701005151633899,,,,
rotation_113_case_09,A,29,-0.9528987130275375,-0.6738011417657056,,,,
rotation_113_case_09,A,30,-0.9576088417247838,-0.6771317057077898,,,,
rotation_113_case_09,A,31,-0.9618479575523053,-0.6801292132556656,,,,
rotation_113_case_09,A,32,-0.9656631617970748,-0.6828269700487537,,,,
rotation_113_case_09,A,33,-0.9690968456173673,-0.6852549511625331,,,,
rotation_113_case_09,A,34,-0.9721871610556305,-0.6874401341649345,,,,
rotation_113_case_09,A,35,-0.9749684449500674,-0.6894067988670958,,,,
rotation_113_case_09,A,36,-0.9774716004550608,-0.6911767970990409,,,,
rotation_113_case_09,A,37,-0.9797244404095545,-0.6927697955077915,,,,
rotation_113_case_09,A,38,-0.9817519963685992,-0.6942034940756672,,,,
rotation_113_case_09,A,39,-0.9835767967317391,-0.6954938227867551,,,,
rotation_113_case_09,A,40,-0.9852191170585652,-0.6966551186267345,,,,
rotation_113_case_09,A,41,-0.9866972053527088,-0.6977002848827156,,,,
rotation_113_case_09,A,42,-0.9880274848174379,-0.6986409345130988,,,,
rotation_113_case_09,A,43,-0.989224736335694,-0.6994875191804436,,,,
rotation_113_case_09,A,44,-0.9903022627021246,-0.700249445381054,,,,
rotation_113_case_09,A,45,-0.9912720364319121,-0.7009351789616034,,,,
rotation_113_case_09,A,46,-0.9921448327887209,-0.7015523391840979,,,,
rotation_113_case_09,A,47,-0.9929303495098488,-0.7021077833843428,,,,
rotation_113_case_09,A,48,-0.993637314558864,-0.7026076831645632,,,,
rotation_113_case_09,A,49,-0.9942735831029775,-0.7030575929667617,,,,
rotation_113_case_09,A,50,-0.9948462247926798,-0.7034625117887403,,,,
rotation_113_case_09,A,51,-0.9953616023134118,-0.7038269387285209,,,,
rotation_113_case_09,A,52,-0.9958254420820706,-0.7041549229743236,,,,
rotation_113_case_09,A,53,-0.9962428978738636,-0.704450108795546,,,,
rotation_113_case_09,A,54,-0.9966186080864772,-0.7047157760346461,,,,
rotation_113_case_09,A,55,-0.9969567472778295,-0.7049548765498361,,,,
rotation_113_case_09,A,56,-0.9972610725500466,-0.7051700670135074,,,,
rotation_113_case_09,A,57,-0.9975349652950419,-0.7053637384308113,,,,
rotation_113_case_09,A,58,-0.9977814687655376,-0.705538042706385,,,,
rotation_113_case_09,A,59,-0.998003321888984,-0.7056949165544013,,,,
rotation_113_case_09,A,60,-0.9982029897000855,-0.7058361030176158,,,,
rotation_113_case_09,A,61,-0.9983826907300769,-0.7059631708345091,,,,
rotation_113_case_09,A,62,-0.9985444216570692,-0.7060775318697128,,,,
rotation_113_case_09,A,63,-0.9986899794913624,-0.7061804568013963,,,,
rotation_113_case_09,A,64,-0.9988209815422261,-0.7062730892399115,,,,
rotation_113_case_09,B,1,-0.9988209815422261,-0.7062730892399115,-0.9988209815422263,-0.9988209815422262,2.220446049250313e-16,1.1102230246251565e-16
rotation_113_case_09,B,2,-0.9988209815422261,-0.7062730892399115,-0.9988209815422263,-0.9988209815422262,2.220446049250313e-16,1.1102230246251565e-16
rotation_113_case_09,B,3,-0.9988209815422261,-0.7062730892399115,-0.9988209815422263,-0.9988209815422262,2.220446049250313e-16,1.1102230246251565e-16
rotation_113_case_09,B,4,-0.9988209815422261,-0.7062730892399115,-0.9988209815422263,-0.9988209815422262,2.220446049250313e-16,1.1102230246251565e-16
rotation_113_case_09,B,5,-0.9988209815422261,-0.7062730892399115,-0.9988209815422263,-0.9988209815422262,2.220446049250313e-16,1.1102230246251565e-16
rotation_113_case_09,B,6,-0.9988209815422261,-0.7062730892399115,-0.9988209815422263,-0.9988209815422262,2.220446049250313e-16,1.1102230246251565e-16
rotation_113_case_09,B,7,-0.9988209815422261,-0.7062730892399115,-0.9988209815422263,-0.9988209815422262,2.220446049250313e-16,1.1102230246251565e-16
rotation_113_case_09,B,8,-0.9988209815422261,-0.7062730892399115,-0.9988209815422263,-0.9988209815422262,2.220446049250313e-16,1.1102230246251565e-16
rotation_113_case_09,B,9,-0.9988209815422261,-0.7062730892399115,-0.9988209815422263,-0.9988209815422262,2.220446049250313e-16,1.1102230246251565e-16
rotation_113_case_09,B,10,-0.9988209815422261,-0.7062730892399115,-0.9988209815422263,-0.9988209815422262,2.220446049250313e-16,1.1102230246251565e-16
rotation_113_case_09,B,11,-0.9988209815422261,-0.7062730892399115,-0.9988209815422263,-0.9988209815422262,2.220446049250313e-16,1.1102230246251565e-16
rotation_113_case_09,B,12,-0.9988209815422261,-0.7062730892399115,-0.9988209815422263,-0.9988209815422262,2.220446049250313e-16,1.1102230246251565e-16
rotation_113_case_09,B,13,-0.9988209815422261,-0.7062730892399115,-0.9988209815422263,-0.9988209815422262,2.220446049250313e-16,1.1102230246251565e-16
rotation_113_case_09,B,14,-0.9988209815422261,-0.7062730892399115,-0.9988209815422263,-0.9988209815422262,2.220446049250313e-16,1.1102230246251565e-16
rotation_113_case_09,B,15,-0.9988209815422261,-0.7062730892399115,-0.9988209815422263,-0.9988209815422262,2.220446049250313e-16,1.1102230246251565e-16
rotation_113_case_09,B,16,-0.9988209815422261,-0.7062730892399115,-0.9988209815422263,-0.9988209815422262,2.220446049250313e-16,1.1102230246251565e-16
rotation_113_case_09,B,17,-0.9988209815422261,-0.7062730892399115,-0.9988209815422263,-0.9988209815422262,2.220446049250313e-16,1.1102230246251565e-16
rotation_113_case_09,B,18,-0.9988209815422261,-0.7062730892399115,-0.9988209815422263,-0.9988209815422262,2.220446049250313e-16,1.1102230246251565e-16
rotation_113_case_09,B,19,-0.9988209815422261,-0.7062730892399115,-0.9988209815422263,-0.9988209815422262,2.220446049250313e-16,1.1102230246251565e-16
rotation_113_case_09,B,20,-0.9988209815422261,-0.7062730892399115,-0.9988209815422263,-0.9988209815422262,2.220446049250313e-16,1.1102230246251565e-16
rotation_113_case_09,B,21,-0.9988209815422261,-0.7062730892399115,-0.9988209815422263,-0.9988209815422262,2.220446049250313e-16,1.1102230246251565e-16
rotation_113_case_09,B,22,-0.9988209815422261,-0.7062730892399115,-0.9988209815422263,-0.9988209815422262,2.220446049250313e-16,1.1102230246251565e-16
rotation_113_case_09,B,23,-0.9988209815422261,-0.7062730892399115,-0.9988209815422263,-0.9988209815422262,2.220446049250313e-16,1.1102230246251565e-16
rotation_113_case_09,B,24,-0.9988209815422261,-0.7062730892399115,-0.9988209815422263,-0.9988209815422262,2.220446049250313e-16,1.1102230246251565e-16
rotation_113_case_09,B,25,-0.9988209815422261,-0.7062730892399115,-0.9988209815422263,-0.9988209815422262,2.220446049250313e-16,1.1102230246251565e-16
rotation_113_case_09,B,26,-0.9988209815422261,-0.7062730892399115,-0.9988209815422263,-0.9988209815422262,2.220446049250313e-16,1.1102230246251565e-16
rotation_113_case_09,B,27,-0.9988209815422261,-0.7062730892399115,-0.9988209815422263,-0.9988209815422262,2.220446049250313e-16,1.1102230246251565e-16
rotation_113_case_09,B,28,-0.9988209815422261,-0.7062730892399115,-0.9988209815422263,-0.9988209815422262,2.220446049250313e-16,1.1102230246251565e-16
rotation_113_case_09,B,29,-0.9988209815422261,-0.7062730892399115,-0.9988209815422263,-0.9988209815422262,2.220446049250313e-16,1.1102230246251565e-16
rotation_113_case_09,B,30,-0.9988209815422261,-0.7062730892399115,-0.9988209815422263,-0.9988209815422262,2.220446049250313e-16,1.1102230246251565e-16
rotation_113_case_09,B,31,-0.9988209815422261,-0.7062730892399115,-0.9988209815422263,-0.9988209815422262,2.220446049250313e-16,1.1102230246251565e-16
rotation_113_case_09,B,32,-0.9988209815422261,-0.7062730892399115,-0.9988209815422263,-0.9988209815422262,2.220446049250313e-16,1.1102230246251565e-16
rotation_113_case_09,B,33,-0.9988209815422261,-0.7062730892399115,-0.9988209815422263,-0.9988209815422262,2.220446049250313e-16,1.1102230246251565e-16
rotation_113_case_09,B,34,-0.9988209815422261,-0.7062730892399115,-0.9988209815422263,-0.9988209815422262,2.220446049250313e-16,1.1102230246251565e-16
rotation_113_case_09,B,35,-0.9988209815422261,-0.7062730892399115,-0.9988209815422263,-0.9988209815422262,2.220446049250313e-16,1.1102230246251565e-16
rotation_113_case_09,B,36,-0.9988209815422261,-0.7062730892399115,-0.9988209815422263,-0.9988209815422262,2.220446049250313e-16,1.1102230246251565e-16
rotation_113_case_09,B,37,-0.9988209815422261,-0.7062730892399115,-0.9988209815422263,-0.9988209815422262,2.220446049250313e-16,1.1102230246251565e-16
rotation_113_case_09,B,38,-0.9988209815422261,-0.7062730892399115,-0.9988209815422263,-0.9988209815422262,2.220446049250313e-16,1.1102230246251565e-16
rotation_113_case_09,B,39,-0.9988209815422261,-0.7062730892399115,-0.9988209815422263,-0.9988209815422262,2.220446049250313e-16,1.1102230246251565e-16
rotation_113_case_09,B,40,-0.9988209815422261,-0.7062730892399115,-0.9988209815422263,-0.9988209815422262,2.220446049250313e-16,1.1102230246251565e-16
rotation_113_case_09,B,41,-0.9988209815422261,-0.7062730892399115,-0.9988209815422263,-0.9988209815422262,2.220446049250313e-16,1.1102230246251565e-16
rotation_113_case_09,B,42,-0.9988209815422261,-0.7062730892399115,-0.9988209815422263,-0.9988209815422262,2.220446049250313e-16,1.1102230246251565e-16
rotation_113_case_09,B,43,-0.9988209815422261,-0.7062730892399115,-0.9988209815422263,-0.9988209815422262,2.220446049250313e-16,1.1102230246251565e-16
rotation_113_case_09,B,44,-0.9988209815422261,-0.7062730892399115,-0.9988209815422263,-0.9988209815422262,2.220446049250313e-16,1.1102230246251565e-16
rotation_113_case_09,B,45,-0.9988209815422261,-0.7062730892399115,-0.9988209815422263,-0.9988209815422262,2.220446049250313e-16,1.1102230246251565e-16
rotation_113_case_09,B,46,-0.9988209815422261,-0.7062730892399115,-0.9988209815422263,-0.9988209815422262,2.220446049250313e-16,1.1102230246251565e-16
rotation_113_case_09,B,47,-0.9988209815422261,-0.7062730892399115,-0.9988209815422263,-0.9988209815422262,2.220446049250313e-16,1.1102230246251565e-16
rotation_113_case_09,B,48,-0.9988209815422261,-0.7062730892399115,-0.9988209815422263,-0.9988209815422262,2.220446049250313e-16,1.1102230246251565e-16
rotation_113_case_09,B,49,-0.9988209815422261,-0.7062730892399115,-0.9988209815422263,-0.9988209815422262,2.220446049250313e-16,1.1102230246251565e-16
rotation_113_case_09,B,50,-0.9988209815422261,-0.7062730892399115,-0.9988209815422263,-0.9988209815422262,2.220446049250313e-16,1.1102230246251565e-16
rotation_113_case_09,B,51,-0.9988209815422261,-0.7062730892399115,-0.9988209815422263,-0.9988209815422262,2.220446049250313e-16,1.1102230246251565e-16
rotation_113_case_09,B,52,-0.9988209815422261,-0.7062730892399115,-0.9988209815422263,-0.9988209815422262,2.220446049250313e-16,1.1102230246251565e-16
rotation_113_case_09,B,53,-0.9988209815422261,-0.7062730892399115,-0.9988209815422263,-0.9988209815422262,2.220446049250313e-16,1.1102230246251565e-16
rotation_113_case_09,B,54,-0.9988209815422261,-0.7062730892399115,-0.9988209815422263,-0.9988209815422262,2.220446049250313e-16,1.1102230246251565e-16
rotation_113_case_09,B,55,-0.9988209815422261,-0.7062730892399115,-0.9988209815422263,-0.9988209815422262,2.220446049250313e-16,1.1102230246251565e-16
rotation_113_case_09,B,56,-0.9988209815422261,-0.7062730892399115,-0.9988209815422263,-0.9988209815422262,2.220446049250313e-16,1.1102230246251565e-16
rotation_113_case_09,B,57,-0.9988209815422261,-0.7062730892399115,-0.9988209815422263,-0.9988209815422262,2.220446049250313e-16,1.1102230246251565e-16
rotation_113_case_09,B,58,-0.9988209815422261,-0.7062730892399115,-0.9988209815422263,-0.9988209815422262,2.220446049250313e-16,1.1102230246251565e-16
rotation_113_case_09,B,59,-0.9988209815422261,-0.7062730892399115,-0.9988209815422263,-0.9988209815422262,2.220446049250313e-16,1.1102230246251565e-16
rotation_113_case_09,B,60,-0.9988209815422261,-0.7062730892399115,-0.9988209815422263,-0.9988209815422262,2.220446049250313e-16,1.1102230246251565e-16
rotation_113_case_09,B,61,-0.9988209815422261,-0.7062730892399115,-0.9988209815422263,-0.9988209815422262,2.220446049250313e-16,1.1102230246251565e-16
rotation_113_case_09,B,62,-0.9988209815422261,-0.7062730892399115,-0.9988209815422263,-0.9988209815422262,2.220446049250313e-16,1.1102230246251565e-16
rotation_113_case_09,B,63,-0.9988209815422261,-0.7062730892399115,-0.9988209815422263,-0.9988209815422262,2.220446049250313e-16,1.1102230246251565e-16
rotation_113_case_09,B,64,-0.9988209815422261,-0.7062730892399115,-0.9988209815422263,-0.9988209815422262,2.220446049250313e-16,1.1102230246251565e-16
rotation_113_case_10,A,1,0.1,0.07071067811865475,,,,
rotation_113_case_10,A,2,0.19,0.13435028842544403,,,,
rotation_113_case_10,A,3,0.271,0.19162593770155437,,,,
rotation_113_case_10,A,4,0.3439,0.24317402205005362,,,,
rotation_113_case_10,A,5,0.40951,0.289567297963703,,,,
rotation_113_case_10,A,6,0.46855899999999995,0.33132124628598747,,,,
rotation_113_case_10,A,7,0.5217031,0.3688997997760435,,,,
rotation_113_case_10,A,8,0.56953279,0.40272049791709386,,,,
rotation_113_case_10,A,9,0.612579511,0.4331591262440392,,,,
rotation_113_case_10,A,10,0.6513215598999998,0.46055389173829,,,,
rotation_113_case_10,A,11,0.6861894039099998,0.4852091806831157,,,,
rotation_113_case_10,A,12,0.7175704635189999,0.5073989407334589,,,,
rotation_113_case_10,A,13,0.7458134171670998,0.5273697247787678,,,,
rotation_113_case_10,A,14,0.77123207545039,0.5453434304195457,,,,
rotation_113_case_10,A,15,0.794108867905351,0.5615197654962458,,,,
rotation_113_case_10,A,16,0.8146979811148158,0.576078467065276,,,,
rotation_113_case_10,A,17,0.8332281830033342,0.5891812984774032,,,,
rotation_113_case_10,A,18,0.8499053647030008,0.6009738467483177,,,,
rotation_113_case_10,A,19,0.8649148282327008,0.6115871401921407,,,,
rotation_113_case_10,A,20,0.8784233454094307,0.6211391042915813,,,,
rotation_113_case_10,A,21,0.8905810108684877,0.6297358719810779,,,,
rotation_113_case_10,A,22,0.9015229097816388,0.6374729629016248,,,,
rotation_113_case_10,A,23,0.911370618803475,0.6444363447301171,,,,
rotation_113_case_10,A,24,0.9202335569231275,0.65070338837576,,,,
rotation_113_case_10,A,25,0.9282102012308148,0.6563437276568389,,,,
rotation_113_case_10,A,26,0.9353891811077333,0.6614200330098098,,,,
rotation_113_case_10,A,27,0.94185026299696,0.6659887078274835,,,,
rotation_113_case_10,A,28,0.9476652366972639,0.6701005151633899,,,,
rotation_113_case_10,A,29,0.9528987130275375,0.6738011417657056,,,,
rotation_113_case_10,A,30,0.9576088417247838,0.6771317057077898,,,,
rotation_113_case_10,A,31,0.9618479575523053,0.6801292132556656,,,,
rotation_113_case_10,A,32,0.9656631617970748,0.6828269700487537,,,,
rotation_113_case_10,A,33,0.9690968456173673,0.6852549511625331,,,,
rotation_113_case_10,A,34,0.9721871610556305,0.6874401341649345,,,,
rotation_113_case_10,A,35,0.9749684449500674,0.6894067988670958,,,,
rotation_113_case_10,A,36,0.9774716004550608,0.6911767970990409,,,,
rotation_113_case_10,A,37,0.9797244404095545,0.6927697955077915,,,,
rotation_113_case_10,A,38,0.9817519963685992,0.6942034940756672,,,,
rotation_113_case_10,A,39,0.9835767967317391,0.6954938227867551,,,,
rotation_113_case_10,A,40,0.9852191170585652,0.6966551186267345,,,,
rotation_113_case_10,A,41,0.9866972053527088,0.6977002848827156,,,,
rotation_113_case_10,A,42,0.9880274848174379,0.6986409345130988,,,,
rotation_113_case_10,A,43,0.989224736335694,0.6994875191804436,,,,
rotation_113_case_10,A,44,0.9903022627021246,0.700249445381054,,,,
rotation_113_case_10,A,45,0.9912720364319121,0.7009351789616034,,,,
rotation_113_case_10,A,46,0.9921448327887209,0.7015523391840979,,,,
rotation_113_case_10,A,47,0.9929303495098488,0.7021077833843428,,,,
rotation_113_case_10,A,48,0.993637314558864,0.7026076831645632,,,,
rotation_113_case_10,A,49,0.9942735831029775,0.7030575929667617,,,,
rotation_113_case_10,A,50,0.9948462247926798,0.7034625117887403,,,,
rotation_113_case_10,A,51,0.9953616023134118,0.7038269387285209,,,,
rotation_113_case_10,A,52,0.9958254420820706,0.7041549229743236,,,,
rotation_113_case_10,A,53,0.9962428978738636,0.704450108795546,,,,
rotation_113_case_10,A,54,0.9966186080864772,0.7047157760346461,,,,
rotation_113_case_10,A,55,0.9969567472778295,0.7049548765498361,,,,
rotation_113_case_10,A,56,0.9972610725500466,0.7051700670135074,,,,
rotation_113_case_10,A,57,0.9975349652950419,0.7053637384308113,,,,
rotation_113_case_10,A,58,0.9977814687655376,0.705538042706385,,,,
rotation_113_case_10,A,59,0.998003321888984,0.7056949165544013,,,,
rotation_113_case_10,A,60,0.9982029897000855,0.7058361030176158,,,,
rotation_113_case_10,A,61,0.9983826907300769,0.7059631708345091,,,,
rotation_113_case_10,A,62,0.9985444216570692,0.7060775318697128,,,,
rotation_113_case_10,A,63,0.9986899794913624,0.7061804568013963,,,,
rotation_113_case_10,A,64,0.9988209815422261,0.7062730892399115,,,,
rotation_113_case_10,B,1,0.9988209815422261,0.7062730892399115,0.9988209815422263,0.9988209815422262,2.220446049250313e-16,1.1102230246251565e-16
rotation_113_case_10,B,2,0.9988209815422261,0.7062730892399115,0.9988209815422263,0.9988209815422262,2.220446049250313e-16,1.1102230246251565e-16
rotation_113_case_10,B,3,0.9988209815422261,0.7062730892399115,0.9988209815422263,0.9988209815422262,2.220446049250313e-16,1.1102230246251565e-16
rotation_113_case_10,B,4,0.9988209815422261,0.7062730892399115,0.9988209815422263,0.9988209815422262,2.220446049250313e-16,1.1102230246251565e-16
rotation_113_case_10,B,5,0.9988209815422261,0.7062730892399115,0.9988209815422263,0.9988209815422262,2.220446049250313e-16,1.1102230246251565e-16
rotation_113_case_10,B,6,0.9988209815422261,0.7062730892399115,0.9988209815422263,0.9988209815422262,2.220446049250313e-16,1.1102230246251565e-16
rotation_113_case_10,B,7,0.9988209815422261,0.7062730892399115,0.9988209815422263,0.9988209815422262,2.220446049250313e-16,1.1102230246251565e-16
rotation_113_case_10,B,8,0.9988209815422261,0.7062730892399115,0.9988209815422263,0.9988209815422262,2.220446049250313e-16,1.1102230246251565e-16
rotation_113_case_10,B,9,0.9988209815422261,0.7062730892399115,0.9988209815422263,0.9988209815422262,2.220446049250313e-16,1.1102230246251565e-16
rotation_113_case_10,B,10,0.9988209815422261,0.7062730892399115,0.9988209815422263,0.9988209815422262,2.220446049250313e-16,1.1102230246251565e-16
rotation_113_case_10,B,11,0.9988209815422261,0.7062730892399115,0.9988209815422263,0.9988209815422262,2.220446049250313e-16,1.1102230246251565e-16
rotation_113_case_10,B,12,0.9988209815422261,0.7062730892399115,0.9988209815422263,0.9988209815422262,2.220446049250313e-16,1.1102230246251565e-16
rotation_113_case_10,B,13,0.9988209815422261,0.7062730892399115,0.9988209815422263,0.9988209815422262,2.220446049250313e-16,1.1102230246251565e-16
rotation_113_case_10,B,14,0.9988209815422261,0.7062730892399115,0.9988209815422263,0.9988209815422262,2.220446049250313e-16,1.1102230246251565e-16
rotation_113_case_10,B,15,0.9988209815422261,0.7062730892399115,0.9988209815422263,0.9988209815422262,2.220446049250313e-16,1.1102230246251565e-16
rotation_113_case_10,B,16,0.9988209815422261,0.7062730892399115,0.9988209815422263,0.9988209815422262,2.220446049250313e-16,1.1102230246251565e-16
rotation_113_case_10,B,17,0.9988209815422261,0.7062730892399115,0.9988209815422263,0.9988209815422262,2.220446049250313e-16,1.1102230246251565e-16
rotation_113_case_10,B,18,0.9988209815422261,0.7062730892399115,0.9988209815422263,0.9988209815422262,2.220446049250313e-16,1.1102230246251565e-16
rotation_113_case_10,B,19,0.9988209815422261,0.7062730892399115,0.9988209815422263,0.9988209815422262,2.220446049250313e-16,1.1102230246251565e-16
rotation_113_case_10,B,20,0.9988209815422261,0.7062730892399115,0.9988209815422263,0.9988209815422262,2.220446049250313e-16,1.1102230246251565e-16
rotation_113_case_10,B,21,0.9988209815422261,0.7062730892399115,0.9988209815422263,0.9988209815422262,2.220446049250313e-16,1.1102230246251565e-16
rotation_113_case_10,B,22,0.9988209815422261,0.7062730892399115,0.9988209815422263,0.9988209815422262,2.220446049250313e-16,1.1102230246251565e-16
rotation_113_case_10,B,23,0.9988209815422261,0.7062730892399115,0.9988209815422263,0.9988209815422262,2.220446049250313e-16,1.1102230246251565e-16
rotation_113_case_10,B,24,0.9988209815422261,0.7062730892399115,0.9988209815422263,0.9988209815422262,2.220446049250313e-16,1.1102230246251565e-16
rotation_113_case_10,B,25,0.9988209815422261,0.7062730892399115,0.9988209815422263,0.9988209815422262,2.220446049250313e-16,1.1102230246251565e-16
rotation_113_case_10,B,26,0.9988209815422261,0.7062730892399115,0.9988209815422263,0.9988209815422262,2.220446049250313e-16,1.1102230246251565e-16
rotation_113_case_10,B,27,0.9988209815422261,0.7062730892399115,0.9988209815422263,0.9988209815422262,2.220446049250313e-16,1.1102230246251565e-16
rotation_113_case_10,B,28,0.9988209815422261,0.7062730892399115,0.9988209815422263,0.9988209815422262,2.220446049250313e-16,1.1102230246251565e-16
rotation_113_case_10,B,29,0.9988209815422261,0.7062730892399115,0.9988209815422263,0.9988209815422262,2.220446049250313e-16,1.1102230246251565e-16
rotation_113_case_10,B,30,0.9988209815422261,0.7062730892399115,0.9988209815422263,0.9988209815422262,2.220446049250313e-16,1.1102230246251565e-16
rotation_113_case_10,B,31,0.9988209815422261,0.7062730892399115,0.9988209815422263,0.9988209815422262,2.220446049250313e-16,1.1102230246251565e-16
rotation_113_case_10,B,32,0.9988209815422261,0.7062730892399115,0.9988209815422263,0.9988209815422262,2.220446049250313e-16,1.1102230246251565e-16
rotation_113_case_10,B,33,0.9988209815422261,0.7062730892399115,0.9988209815422263,0.9988209815422262,2.220446049250313e-16,1.1102230246251565e-16
rotation_113_case_10,B,34,0.9988209815422261,0.7062730892399115,0.9988209815422263,0.9988209815422262,2.220446049250313e-16,1.1102230246251565e-16
rotation_113_case_10,B,35,0.9988209815422261,0.7062730892399115,0.9988209815422263,0.9988209815422262,2.220446049250313e-16,1.1102230246251565e-16
rotation_113_case_10,B,36,0.9988209815422261,0.7062730892399115,0.9988209815422263,0.9988209815422262,2.220446049250313e-16,1.1102230246251565e-16
rotation_113_case_10,B,37,0.9988209815422261,0.7062730892399115,0.9988209815422263,0.9988209815422262,2.220446049250313e-16,1.1102230246251565e-16
rotation_113_case_10,B,38,0.9988209815422261,0.7062730892399115,0.9988209815422263,0.9988209815422262,2.220446049250313e-16,1.1102230246251565e-16
rotation_113_case_10,B,39,0.9988209815422261,0.7062730892399115,0.9988209815422263,0.9988209815422262,2.220446049250313e-16,1.1102230246251565e-16
rotation_113_case_10,B,40,0.9988209815422261,0.7062730892399115,0.9988209815422263,0.9988209815422262,2.220446049250313e-16,1.1102230246251565e-16
rotation_113_case_10,B,41,0.9988209815422261,0.7062730892399115,0.9988209815422263,0.9988209815422262,2.220446049250313e-16,1.1102230246251565e-16
rotation_113_case_10,B,42,0.9988209815422261,0.7062730892399115,0.9988209815422263,0.9988209815422262,2.220446049250313e-16,1.1102230246251565e-16
rotation_113_case_10,B,43,0.9988209815422261,0.7062730892399115,0.9988209815422263,0.9988209815422262,2.220446049250313e-16,1.1102230246251565e-16
rotation_113_case_10,B,44,0.9988209815422261,0.7062730892399115,0.9988209815422263,0.9988209815422262,2.220446049250313e-16,1.1102230246251565e-16
rotation_113_case_10,B,45,0.9988209815422261,0.7062730892399115,0.9988209815422263,0.9988209815422262,2.220446049250313e-16,1.1102230246251565e-16
rotation_113_case_10,B,46,0.9988209815422261,0.7062730892399115,0.9988209815422263,0.9988209815422262,2.220446049250313e-16,1.1102230246251565e-16
rotation_113_case_10,B,47,0.9988209815422261,0.7062730892399115,0.9988209815422263,0.9988209815422262,2.220446049250313e-16,1.1102230246251565e-16
rotation_113_case_10,B,48,0.9988209815422261,0.7062730892399115,0.9988209815422263,0.9988209815422262,2.220446049250313e-16,1.1102230246251565e-16
rotation_113_case_10,B,49,0.9988209815422261,0.7062730892399115,0.9988209815422263,0.9988209815422262,2.220446049250313e-16,1.1102230246251565e-16
rotation_113_case_10,B,50,0.9988209815422261,0.7062730892399115,0.9988209815422263,0.9988209815422262,2.220446049250313e-16,1.1102230246251565e-16
rotation_113_case_10,B,51,0.9988209815422261,0.7062730892399115,0.9988209815422263,0.9988209815422262,2.220446049250313e-16,1.1102230246251565e-16
rotation_113_case_10,B,52,0.9988209815422261,0.7062730892399115,0.9988209815422263,0.9988209815422262,2.220446049250313e-16,1.1102230246251565e-16
rotation_113_case_10,B,53,0.9988209815422261,0.7062730892399115,0.9988209815422263,0.9988209815422262,2.220446049250313e-16,1.1102230246251565e-16
rotation_113_case_10,B,54,0.9988209815422261,0.7062730892399115,0.9988209815422263,0.9988209815422262,2.220446049250313e-16,1.1102230246251565e-16
rotation_113_case_10,B,55,0.9988209815422261,0.7062730892399115,0.9988209815422263,0.9988209815422262,2.220446049250313e-16,1.1102230246251565e-16
rotation_113_case_10,B,56,0.9988209815422261,0.7062730892399115,0.9988209815422263,0.9988209815422262,2.220446049250313e-16,1.1102230246251565e-16
rotation_113_case_10,B,57,0.9988209815422261,0.7062730892399115,0.9988209815422263,0.9988209815422262,2.220446049250313e-16,1.1102230246251565e-16
rotation_113_case_10,B,58,0.9988209815422261,0.7062730892399115,0.9988209815422263,0.9988209815422262,2.220446049250313e-16,1.1102230246251565e-16
rotation_113_case_10,B,59,0.9988209815422261,0.7062730892399115,0.9988209815422263,0.9988209815422262,2.220446049250313e-16,1.1102230246251565e-16
rotation_113_case_10,B,60,0.9988209815422261,0.7062730892399115,0.9988209815422263,0.9988209815422262,2.220446049250313e-16,1.1102230246251565e-16
rotation_113_case_10,B,61,0.9988209815422261,0.7062730892399115,0.9988209815422263,0.9988209815422262,2.220446049250313e-16,1.1102230246251565e-16
rotation_113_case_10,B,62,0.9988209815422261,0.7062730892399115,0.9988209815422263,0.9988209815422262,2.220446049250313e-16,1.1102230246251565e-16
rotation_113_case_10,B,63,0.9988209815422261,0.7062730892399115,0.9988209815422263,0.9988209815422262,2.220446049250313e-16,1.1102230246251565e-16
rotation_113_case_10,B,64,0.9988209815422261,0.7062730892399115,0.9988209815422263,0.9988209815422262,2.220446049250313e-16,1.1102230246251565e-16
rotation_113_case_11,A,1,0.1,0.07071067811865475,,,,
rotation_113_case_11,A,2,0.19,0.13435028842544403,,,,
rotation_113_case_11,A,3,0.271,0.19162593770155437,,,,
rotation_113_case_11,A,4,0.3439,0.24317402205005362,,,,
rotation_113_case_11,A,5,0.40951,0.289567297963703,,,,
rotation_113_case_11,A,6,0.46855899999999995,0.33132124628598747,,,,
rotation_113_case_11,A,7,0.5217031,0.3688997997760435,,,,
rotation_113_case_11,A,8,0.56953279,0.40272049791709386,,,,
rotation_113_case_11,A,9,0.612579511,0.4331591262440392,,,,
rotation_113_case_11,A,10,0.6513215598999998,0.46055389173829,,,,
rotation_113_case_11,A,11,0.6861894039099998,0.4852091806831157,,,,
rotation_113_case_11,A,12,0.7175704635189999,0.5073989407334589,,,,
rotation_113_case_11,A,13,0.7458134171670998,0.5273697247787678,,,,
rotation_113_case_11,A,14,0.77123207545039,0.5453434304195457,,,,
rotation_113_case_11,A,15,0.794108867905351,0.5615197654962458,,,,
rotation_113_case_11,A,16,0.8146979811148158,0.576078467065276,,,,
rotation_113_case_11,A,17,0.8332281830033342,0.5891812984774032,,,,
rotation_113_case_11,A,18,0.8499053647030008,0.6009738467483177,,,,
rotation_113_case_11,A,19,0.8649148282327008,0.6115871401921407,,,,
rotation_113_case_11,A,20,0.8784233454094307,0.6211391042915813,,,,
rotation_113_case_11,A,21,0.8905810108684877,0.6297358719810779,,,,
rotation_113_case_11,A,22,0.9015229097816388,0.6374729629016248,,,,
rotation_113_case_11,A,23,0.911370618803475,0.6444363447301171,,,,
rotation_113_case_11,A,24,0.9202335569231275,0.65070338837576,,,,
rotation_113_case_11,A,25,0.9282102012308148,0.6563437276568389,,,,
rotation_113_case_11,A,26,0.9353891811077333,0.6614200330098098,,,,
rotation_113_case_11,A,27,0.94185026299696,0.6659887078274835,,,,
rotation_113_case_11,A,28,0.9476652366972639,0.6701005151633899,,,,
rotation_113_case_11,A,29,0.9528987130275375,0.6738011417657056,,,,
rotation_113_case_11,A,30,0.9576088417247838,0.6771317057077898,,,,
rotation_113_case_11,A,31,0.9618479575523053,0.6801292132556656,,,,
rotation_113_case_11,A,32,0.9656631617970748,0.6828269700487537,,,,
rotation_113_case_11,A,33,0.9690968456173673,0.6852549511625331,,,,
rotation_113_case_11,A,34,0.9721871610556305,0.6874401341649345,,,,
rotation_113_case_11,A,35,0.9749684449500674,0.6894067988670958,,,,
rotation_113_case_11,A,36,0.9774716004550608,0.6911767970990409,,,,
rotation_113_case_11,A,37,0.9797244404095545,0.6927697955077915,,,,
rotation_113_case_11,A,38,0.9817519963685992,0.6942034940756672,,,,
rotation_113_case_11,A,39,0.9835767967317391,0.6954938227867551,,,,
rotation_113_case_11,A,40,0.9852191170585652,0.6966551186267345,,,,
rotation_113_case_11,A,41,0.9866972053527088,0.6977002848827156,,,,
rotation_113_case_11,A,42,0.9880274848174379,0.6986409345130988,,,,
rotation_113_case_11,A,43,0.989224736335694,0.6994875191804436,,,,
rotation_113_case_11,A,44,0.9903022627021246,0.700249445381054,,,,
rotation_113_case_11,A,45,0.9912720364319121,0.7009351789616034,,,,
rotation_113_case_11,A,46,0.9921448327887209,0.7015523391840979,,,,
rotation_113_case_11,A,47,0.9929303495098488,0.7021077833843428,,,,
rotation_113_case_11,A,48,0.993637314558864,0.7026076831645632,,,,
rotation_113_case_11,A,49,0.9942735831029775,0.7030575929667617,,,,
rotation_113_case_11,A,50,0.9948462247926798,0.7034625117887403,,,,
rotation_113_case_11,A,51,0.9953616023134118,0.7038269387285209,,,,
rotation_113_case_11,A,52,0.9958254420820706,0.7041549229743236,,,,
rotation_113_case_11,A,53,0.9962428978738636,0.704450108795546,,,,
rotation_113_case_11,A,54,0.9966186080864772,0.7047157760346461,,,,
rotation_113_case_11,A,55,0.9969567472778295,0.7049548765498361,,,,
rotation_113_case_11,A,56,0.9972610725500466,0.7051700670135074,,,,
rotation_113_case_11,A,57,0.9975349652950419,0.7053637384308113,,,,
rotation_113_case_11,A,58,0.9977814687655376,0.705538042706385,,,,
rotation_113_case_11,A,59,0.998003321888984,0.7056949165544013,,,,
rotation_113_case_11,A,60,0.9982029897000855,0.7058361030176158,,,,
rotation_113_case_11,A,61,0.9983826907300769,0.7059631708345091,,,,
rotation_113_case_11,A,62,0.9985444216570692,0.7060775318697128,,,,
rotation_113_case_11,A,63,0.9986899794913624,0.7061804568013963,,,,
rotation_113_case_11,A,64,0.9988209815422261,0.7062730892399115,,,,
rotation_113_case_11,B,1,0.9988209815422261,0.7062730892399115,0.9988209815422263,0.9988209815422262,2.220446049250313e-16,1.1102230246251565e-16
rotation_113_case_11,B,2,0.9988209815422261,0.7062730892399115,0.9988209815422263,0.9988209815422262,2.220446049250313e-16,1.1102230246251565e-16
rotation_113_case_11,B,3,0.9988209815422261,0.7062730892399115,0.9988209815422263,0.9988209815422262,2.220446049250313e-16,1.1102230246251565e-16
rotation_113_case_11,B,4,0.9988209815422261,0.7062730892399115,0.9988209815422263,0.9988209815422262,2.220446049250313e-16,1.1102230246251565e-16
rotation_113_case_11,B,5,0.9988209815422261,0.7062730892399115,0.9988209815422263,0.9988209815422262,2.220446049250313e-16,1.1102230246251565e-16
rotation_113_case_11,B,6,0.9988209815422261,0.7062730892399115,0.9988209815422263,0.9988209815422262,2.220446049250313e-16,1.1102230246251565e-16
rotation_113_case_11,B,7,0.9988209815422261,0.7062730892399115,0.9988209815422263,0.9988209815422262,2.220446049250313e-16,1.1102230246251565e-16
rotation_113_case_11,B,8,0.9988209815422261,0.7062730892399115,0.9988209815422263,0.9988209815422262,2.220446049250313e-16,1.1102230246251565e-16
rotation_113_case_11,B,9,0.9988209815422261,0.7062730892399115,0.9988209815422263,0.9988209815422262,2.220446049250313e-16,1.1102230246251565e-16
rotation_113_case_11,B,10,0.9988209815422261,0.7062730892399115,0.9988209815422263,0.9988209815422262,2.220446049250313e-16,1.1102230246251565e-16
rotation_113_case_11,B,11,0.9988209815422261,0.7062730892399115,0.9988209815422263,0.9988209815422262,2.220446049250313e-16,1.1102230246251565e-16
rotation_113_case_11,B,12,0.9988209815422261,0.7062730892399115,0.9988209815422263,0.9988209815422262,2.220446049250313e-16,1.1102230246251565e-16
rotation_113_case_11,B,13,0.9988209815422261,0.7062730892399115,0.9988209815422263,0.9988209815422262,2.220446049250313e-16,1.1102230246251565e-16
rotation_113_case_11,B,14,0.9988209815422261,0.7062730892399115,0.9988209815422263,0.9988209815422262,2.220446049250313e-16,1.1102230246251565e-16
rotation_113_case_11,B,15,0.9988209815422261,0.7062730892399115,0.9988209815422263,0.9988209815422262,2.220446049250313e-16,1.1102230246251565e-16
rotation_113_case_11,B,16,0.9988209815422261,0.7062730892399115,0.9988209815422263,0.9988209815422262,2.220446049250313e-16,1.1102230246251565e-16
rotation_113_case_11,B,17,0.9988209815422261,0.7062730892399115,0.9988209815422263,0.9988209815422262,2.220446049250313e-16,1.1102230246251565e-16
rotation_113_case_11,B,18,0.9988209815422261,0.7062730892399115,0.9988209815422263,0.9988209815422262,2.220446049250313e-16,1.1102230246251565e-16
rotation_113_case_11,B,19,0.9988209815422261,0.7062730892399115,0.9988209815422263,0.9988209815422262,2.220446049250313e-16,1.1102230246251565e-16
rotation_113_case_11,B,20,0.9988209815422261,0.7062730892399115,0.9988209815422263,0.9988209815422262,2.220446049250313e-16,1.1102230246251565e-16
rotation_113_case_11,B,21,0.9988209815422261,0.7062730892399115,0.9988209815422263,0.9988209815422262,2.220446049250313e-16,1.1102230246251565e-16
rotation_113_case_11,B,22,0.9988209815422261,0.7062730892399115,0.9988209815422263,0.9988209815422262,2.220446049250313e-16,1.1102230246251565e-16
rotation_113_case_11,B,23,0.9988209815422261,0.7062730892399115,0.9988209815422263,0.9988209815422262,2.220446049250313e-16,1.1102230246251565e-16
rotation_113_case_11,B,24,0.9988209815422261,0.7062730892399115,0.9988209815422263,0.9988209815422262,2.220446049250313e-16,1.1102230246251565e-16
rotation_113_case_11,B,25,0.9988209815422261,0.7062730892399115,0.9988209815422263,0.9988209815422262,2.220446049250313e-16,1.1102230246251565e-16
rotation_113_case_11,B,26,0.9988209815422261,0.7062730892399115,0.9988209815422263,0.9988209815422262,2.220446049250313e-16,1.1102230246251565e-16
rotation_113_case_11,B,27,0.9988209815422261,0.7062730892399115,0.9988209815422263,0.9988209815422262,2.220446049250313e-16,1.1102230246251565e-16
rotation_113_case_11,B,28,0.9988209815422261,0.7062730892399115,0.9988209815422263,0.9988209815422262,2.220446049250313e-16,1.1102230246251565e-16
rotation_113_case_11,B,29,0.9988209815422261,0.7062730892399115,0.9988209815422263,0.9988209815422262,2.220446049250313e-16,1.1102230246251565e-16
rotation_113_case_11,B,30,0.9988209815422261,0.7062730892399115,0.9988209815422263,0.9988209815422262,2.220446049250313e-16,1.1102230246251565e-16
rotation_113_case_11,B,31,0.9988209815422261,0.7062730892399115,0.9988209815422263,0.9988209815422262,2.220446049250313e-16,1.1102230246251565e-16
rotation_113_case_11,B,32,0.9988209815422261,0.7062730892399115,0.9988209815422263,0.9988209815422262,2.220446049250313e-16,1.1102230246251565e-16
rotation_113_case_11,B,33,0.9988209815422261,0.7062730892399115,0.9988209815422263,0.9988209815422262,2.220446049250313e-16,1.1102230246251565e-16
rotation_113_case_11,B,34,0.9988209815422261,0.7062730892399115,0.9988209815422263,0.9988209815422262,2.220446049250313e-16,1.1102230246251565e-16
rotation_113_case_11,B,35,0.9988209815422261,0.7062730892399115,0.9988209815422263,0.9988209815422262,2.220446049250313e-16,1.1102230246251565e-16
rotation_113_case_11,B,36,0.9988209815422261,0.7062730892399115,0.9988209815422263,0.9988209815422262,2.220446049250313e-16,1.1102230246251565e-16
rotation_113_case_11,B,37,0.9988209815422261,0.7062730892399115,0.9988209815422263,0.9988209815422262,2.220446049250313e-16,1.1102230246251565e-16
rotation_113_case_11,B,38,0.9988209815422261,0.7062730892399115,0.9988209815422263,0.9988209815422262,2.220446049250313e-16,1.1102230246251565e-16
rotation_113_case_11,B,39,0.9988209815422261,0.7062730892399115,0.9988209815422263,0.9988209815422262,2.220446049250313e-16,1.1102230246251565e-16
rotation_113_case_11,B,40,0.9988209815422261,0.7062730892399115,0.9988209815422263,0.9988209815422262,2.220446049250313e-16,1.1102230246251565e-16
rotation_113_case_11,B,41,0.9988209815422261,0.7062730892399115,0.9988209815422263,0.9988209815422262,2.220446049250313e-16,1.1102230246251565e-16
rotation_113_case_11,B,42,0.9988209815422261,0.7062730892399115,0.9988209815422263,0.9988209815422262,2.220446049250313e-16,1.1102230246251565e-16
rotation_113_case_11,B,43,0.9988209815422261,0.7062730892399115,0.9988209815422263,0.9988209815422262,2.220446049250313e-16,1.1102230246251565e-16
rotation_113_case_11,B,44,0.9988209815422261,0.7062730892399115,0.9988209815422263,0.9988209815422262,2.220446049250313e-16,1.1102230246251565e-16
rotation_113_case_11,B,45,0.9988209815422261,0.7062730892399115,0.9988209815422263,0.9988209815422262,2.220446049250313e-16,1.1102230246251565e-16
rotation_113_case_11,B,46,0.9988209815422261,0.7062730892399115,0.9988209815422263,0.9988209815422262,2.220446049250313e-16,1.1102230246251565e-16
rotation_113_case_11,B,47,0.9988209815422261,0.7062730892399115,0.9988209815422263,0.9988209815422262,2.220446049250313e-16,1.1102230246251565e-16
rotation_113_case_11,B,48,0.9988209815422261,0.7062730892399115,0.9988209815422263,0.9988209815422262,2.220446049250313e-16,1.1102230246251565e-16
rotation_113_case_11,B,49,0.9988209815422261,0.7062730892399115,0.9988209815422263,0.9988209815422262,2.220446049250313e-16,1.1102230246251565e-16
rotation_113_case_11,B,50,0.9988209815422261,0.7062730892399115,0.9988209815422263,0.9988209815422262,2.220446049250313e-16,1.1102230246251565e-16
rotation_113_case_11,B,51,0.9988209815422261,0.7062730892399115,0.9988209815422263,0.9988209815422262,2.220446049250313e-16,1.1102230246251565e-16
rotation_113_case_11,B,52,0.9988209815422261,0.7062730892399115,0.9988209815422263,0.9988209815422262,2.220446049250313e-16,1.1102230246251565e-16
rotation_113_case_11,B,53,0.9988209815422261,0.7062730892399115,0.9988209815422263,0.9988209815422262,2.220446049250313e-16,1.1102230246251565e-16
rotation_113_case_11,B,54,0.9988209815422261,0.7062730892399115,0.9988209815422263,0.9988209815422262,2.220446049250313e-16,1.1102230246251565e-16
rotation_113_case_11,B,55,0.9988209815422261,0.7062730892399115,0.9988209815422263,0.9988209815422262,2.220446049250313e-16,1.1102230246251565e-16
rotation_113_case_11,B,56,0.9988209815422261,0.7062730892399115,0.9988209815422263,0.9988209815422262,2.220446049250313e-16,1.1102230246251565e-16
rotation_113_case_11,B,57,0.9988209815422261,0.7062730892399115,0.9988209815422263,0.9988209815422262,2.220446049250313e-16,1.1102230246251565e-16
rotation_113_case_11,B,58,0.9988209815422261,0.7062730892399115,0.9988209815422263,0.9988209815422262,2.220446049250313e-16,1.1102230246251565e-16
rotation_113_case_11,B,59,0.9988209815422261,0.7062730892399115,0.9988209815422263,0.9988209815422262,2.220446049250313e-16,1.1102230246251565e-16
rotation_113_case_11,B,60,0.9988209815422261,0.7062730892399115,0.9988209815422263,0.9988209815422262,2.220446049250313e-16,1.1102230246251565e-16
rotation_113_case_11,B,61,0.9988209815422261,0.7062730892399115,0.9988209815422263,0.9988209815422262,2.220446049250313e-16,1.1102230246251565e-16
rotation_113_case_11,B,62,0.9988209815422261,0.7062730892399115,0.9988209815422263,0.9988209815422262,2.220446049250313e-16,1.1102230246251565e-16
rotation_113_case_11,B,63,0.9988209815422261,0.7062730892399115,0.9988209815422263,0.9988209815422262,2.220446049250313e-16,1.1102230246251565e-16
rotation_113_case_11,B,64,0.9988209815422261,0.7062730892399115,0.9988209815422263,0.9988209815422262,2.220446049250313e-16,1.1102230246251565e-16
reflection_061_case_00,A,1,-0.1,-0.07071067811865475,,,,
reflection_061_case_00,A,2,-0.19,-0.13435028842544403,,,,
reflection_061_case_00,A,3,-0.271,-0.19162593770155437,,,,
reflection_061_case_00,A,4,-0.3439,-0.24317402205005367,,,,
reflection_061_case_00,A,5,-0.40951,-0.28956729796370306,,,,
reflection_061_case_00,A,6,-0.46855899999999995,-0.3313212462859874,,,,
reflection_061_case_00,A,7,-0.5217031,-0.3688997997760435,,,,
reflection_061_case_00,A,8,-0.56953279,-0.40272049791709386,,,,
reflection_061_case_00,A,9,-0.6125795110000001,-0.43315912624403924,,,,
reflection_061_case_00,A,10,-0.6513215599,-0.46055389173829003,,,,
reflection_061_case_00,A,11,-0.6861894039099999,-0.48520918068311575,,,,
reflection_061_case_00,A,12,-0.717570463519,-0.5073989407334589,,,,
reflection_061_case_00,A,13,-0.7458134171671,-0.5273697247787679,,,,
reflection_061_case_00,A,14,-0.7712320754503901,-0.5453434304195458,,,,
reflection_061_case_00,A,15,-0.794108867905351,-0.5615197654962459,,,,
reflection_061_case_00,A,16,-0.8146979811148158,-0.5760784670652761,,,,
reflection_061_case_00,A,17,-0.8332281830033343,-0.5891812984774032,,,,
reflection_061_case_00,A,18,-0.8499053647030008,-0.6009738467483177,,,,
reflection_061_case_00,A,19,-0.8649148282327008,-0.6115871401921407,,,,
reflection_061_case_00,A,20,-0.8784233454094308,-0.6211391042915814,,,,
reflection_061_case_00,A,21,-0.8905810108684877,-0.6297358719810778,,,,
reflection_061_case_00,A,22,-0.9015229097816388,-0.6374729629016249,,,,
reflection_061_case_00,A,23,-0.911370618803475,-0.6444363447301171,,,,
reflection_061_case_00,A,24,-0.9202335569231275,-0.65070338837576,,,,
reflection_061_case_00,A,25,-0.9282102012308147,-0.6563437276568388,,,,
reflection_061_case_00,A,26,-0.9353891811077333,-0.6614200330098097,,,,
reflection_061_case_00,A,27,-0.9418502629969601,-0.6659887078274835,,,,
reflection_061_case_00,A,28,-0.947665236697264,-0.6701005151633899,,,,
reflection_061_case_00,A,29,-0.9528987130275377,-0.6738011417657057,,,,
reflection_061_case_00,A,30,-0.9576088417247839,-0.6771317057077899,,,,
reflection_061_case_00,A,31,-0.9618479575523055,-0.6801292132556656,,,,
reflection_061_case_00,A,32,-0.9656631617970748,-0.6828269700487537,,,,
reflection_061_case_00,A,33,-0.9690968456173674,-0.6852549511625332,,,,
reflection_061_case_00,A,34,-0.9721871610556307,-0.6874401341649345,,,,
reflection_061_case_00,A,35,-0.9749684449500677,-0.6894067988670959,,,,
reflection_061_case_00,A,36,-0.9774716004550608,-0.691176797099041,,,,
reflection_061_case_00,A,37,-0.9797244404095548,-0.6927697955077916,,,,
reflection_061_case_00,A,38,-0.9817519963685992,-0.6942034940756672,,,,
reflection_061_case_00,A,39,-0.9835767967317393,-0.6954938227867552,,,,
reflection_061_case_00,A,40,-0.9852191170585654,-0.6966551186267345,,,,
reflection_061_case_00,A,41,-0.9866972053527088,-0.6977002848827157,,,,
reflection_061_case_00,A,42,-0.988027484817438,-0.6986409345130988,,,,
reflection_061_case_00,A,43,-0.9892247363356942,-0.6994875191804437,,,,
reflection_061_case_00,A,44,-0.9903022627021247,-0.7002494453810542,,,,
reflection_061_case_00,A,45,-0.9912720364319123,-0.7009351789616034,,,,
reflection_061_case_00,A,46,-0.9921448327887211,-0.701552339184098,,,,
reflection_061_case_00,A,47,-0.992930349509849,-0.702107783384343,,,,
reflection_061_case_00,A,48,-0.9936373145588642,-0.7026076831645633,,,,
reflection_061_case_00,A,49,-0.9942735831029779,-0.7030575929667618,,,,
reflection_061_case_00,A,50,-0.99484622479268,-0.7034625117887404,,,,
reflection_061_case_00,A,51,-0.995361602313412,-0.7038269387285211,,,,
reflection_061_case_00,A,52,-0.9958254420820707,-0.7041549229743237,,,,
reflection_061_case_00,A,53,-0.9962428978738637,-0.7044501087955461,,,,
reflection_061_case_00,A,54,-0.9966186080864773,-0.7047157760346463,,,,
reflection_061_case_00,A,55,-0.9969567472778296,-0.7049548765498366,,,,
reflection_061_case_00,A,56,-0.9972610725500467,-0.7051700670135076,,,,
reflection_061_case_00,A,57,-0.997534965295042,-0.7053637384308116,,,,
reflection_061_case_00,A,58,-0.997781468765538,-0.7055380427063852,,,,
reflection_061_case_00,A,59,-0.9980033218889841,-0.7056949165544014,,,,
reflection_061_case_00,A,60,-0.9982029897000857,-0.7058361030176161,,,,
reflection_061_case_00,A,61,-0.998382690730077,-0.7059631708345092,,,,
reflection_061_case_00,A,62,-0.9985444216570694,-0.706077531869713,,,,
reflection_061_case_00,A,63,-0.9986899794913624,-0.7061804568013964,,,,
reflection_061_case_00,A,64,-0.9988209815422261,-0.7062730892399115,,,,
reflection_061_case_00,B,1,-1.0195906105837695,-0.7356457803159202,-0.9988209815422261,-0.9988209815422261,0.0,0.0
reflection_061_case_00,B,2,-1.0382832767211587,-0.7620812022843283,-0.9988209815422262,-0.9988209815422262,1.1102230246251565e-16,1.1102230246251565e-16
reflection_061_case_00,B,3,-1.055106676244809,-0.7858730820558955,-0.9988209815422262,-0.9988209815422262,1.1102230246251565e-16,1.1102230246251565e-16
reflection_061_case_00,B,4,-1.070247735816094,-0.807285773850306,-0.9988209815422261,-0.9988209815422264,0.0,3.3306690738754696e-16
reflection_061_case_00,B,5,-1.0838746894302507,-0.8265571964652754,-0.9988209815422261,-0.9988209815422262,0.0,1.1102230246251565e-16
reflection_061_case_00,B,6,-1.0961389476829917,-0.8439014768187478,-0.9988209815422261,-0.9988209815422264,0.0,3.3306690738754696e-16
reflection_061_case_00,B,7,-1.1071767801104586,-0.8595113291368731,-0.9988209815422261,-0.9988209815422261,0.0,0.0
reflection_061_case_00,B,8,-1.1171108292951788,-0.8735601962231858,-0.9988209815422261,-0.9988209815422262,0.0,1.1102230246251565e-16
reflection_061_case_00,B,9,-1.1260514735614269,-0.8862041766008671,-0.9988209815422261,-0.998820981542226,0.0,1.1102230246251565e-16
reflection_061_case_00,B,10,-1.1340980534010505,-0.8975837589407805,-0.9988209815422262,-0.9988209815422262,1.1102230246251565e-16,1.1102230246251565e-16
reflection_061_case_00,B,11,-1.1413399752567113,-0.9078253830467023,-0.9988209815422261,-0.9988209815422262,0.0,1.1102230246251565e-16
reflection_061_case_00,B,12,-1.1478577049268064,-0.9170428447420322,-0.9988209815422263,-0.9988209815422265,2.220446049250313e-16,4.440892098500626e-16
reflection_061_case_00,B,13,-1.1537236616298918,-0.925338560267829,-0.9988209815422263,-0.9988209815422265,2.220446049250313e-16,4.440892098500626e-16
reflection_061_case_00,B,14,-1.1590030226626686,-0.9328047042410462,-0.9988209815422261,-0.9988209815422262,0.0,1.1102230246251565e-16
reflection_061_case_00,B,15,-1.1637544475921677,-0.9395242338169414,-0.9988209815422261,-0.9988209815422264,0.0,3.3306690738754696e-16
reflection_061_case_00,B,16,-1.168030730028717,-0.9455718104352472,-0.9988209815422262,-0.9988209815422262,1.1102230246251565e-16,1.1102230246251565e-16
reflection_061_case_00,B,17,-1.1718793842216115,-0.9510146293917225,-0.9988209815422261,-0.9988209815422261,0.0,0.0
reflection_061_case_00,B,18,-1.1753431729952162,-0.9559131664525503,-0.9988209815422261,-0.9988209815422262,0.0,1.1102230246251565e-16
reflection_061_case_00,B,19,-1.1784605828914607,-0.9603218498072952,-0.9988209815422261,-0.9988209815422264,0.0,3.3306690738754696e-16
reflection_061_case_00,B,20,-1.181266251798081,-0.9642896648265658,-0.9988209815422261,-0.9988209815422262,0.0,1.1102230246251565e-16
reflection_061_case_00,B,21,-1.1837913538140388,-0.9678606983439091,-0.9988209815422261,-0.9988209815422261,0.0,0.0
reflection_061_case_00,B,22,-1.1860639456284008,-0.9710746285095182,-0.9988209815422261,-0.998820981542226,0.0,1.1102230246251565e-16
reflection_061_case_00,B,23,-1.188109278261327,-0.9739671656585664,-0.9988209815422262,-0.9988209815422265,1.1102230246251565e-16,4.440892098500626e-16
reflection_061_case_00,B,24,-1.1899500776309604,-0.9765704490927098,-0.9988209815422262,-0.9988209815422264,1.1102230246251565e-16,3.3306690738754696e-16
reflection_061_case_00,B,25,-1.1916067970636304,-0.9789134041834389,-0.9988209815422261,-0.9988209815422262,0.0,1.1102230246251565e-16
reflection_061_case_00,B,26,-1.1930978445530334,-0.9810220637650949,-0.9988209815422262,-0.9988209815422265,1.1102230246251565e-16,4.440892098500626e-16
reflection_061_case_00,B,27,-1.1944397872934962,-0.9829198573885853,-0.9988209815422263,-0.9988209815422264,2.220446049250313e-16,3.3306690738754696e-16
reflection_061_case_00,B,28,-1.1956475357599126,-0.9846278716497269,-0.9988209815422263,-0.9988209815422262,2.220446049250313e-16,1.1102230246251565e-16
reflection_061_case_00,B,29,-1.1967345093796875,-0.9861650844847542,-0.9988209815422263,-0.9988209815422265,2.220446049250313e-16,4.440892098500626e-16
reflection_061_case_00,B,30,-1.197712785637485,-0.9875485760362788,-0.9988209815422263,-0.9988209815422265,2.220446049250313e-16,4.440892098500626e-16
reflection_061_case_00,B,31,-1.1985932342695023,-0.988793718432651,-0.9988209815422263,-0.9988209815422265,2.220446049250313e-16,4.440892098500626e-16
reflection_061_case_00,B,32,-1.199385638038318,-0.9899143465893858,-0.9988209815422263,-0.9988209815422264,2.220446049250313e-16,3.3306690738754696e-16
reflection_061_case_00,B,33,-1.2000988014302525,-0.9909229119304473,-0.9988209815422265,-0.9988209815422265,4.440892098500626e-16,4.440892098500626e-16
reflection_061_case_00,B,34,-1.2007406484829932,-0.9918306207374025,-0.9988209815422264,-0.9988209815422266,3.3306690738754696e-16,5.551115123125783e-16
reflection_061_case_00,B,35,-1.2013183108304601,-0.992647558663662,-0.9988209815422265,-0.9988209815422265,4.440892098500626e-16,4.440892098500626e-16
reflection_061_case_00,B,36,-1.20183820694318,-0.9933828027972961,-0.9988209815422265,-0.9988209815422266,4.440892098500626e-16,5.551115123125783e-16
reflection_061_case_00,B,37,-1.2023061134446282,-0.9940445225175666,-0.9988209815422265,-0.9988209815422266,4.440892098500626e-16,5.551115123125783e-16
reflection_061_case_00,B,38,-1.2027272292959315,-0.9946400702658099,-0.9988209815422263,-0.9988209815422266,2.220446049250313e-16,5.551115123125783e-16
reflection_061_case_00,B,39,-1.2031062335621043,-0.9951760632392286,-0.9988209815422265,-0.9988209815422265,4.440892098500626e-16,4.440892098500626e-16
reflection_061_case_00,B,40,-1.20344733740166,-0.9956584569153057,-0.9988209815422265,-0.9988209815422265,4.440892098500626e-16,4.440892098500626e-16
reflection_061_case_00,B,41,-1.2037543308572602,-0.9960926112237753,-0.9988209815422265,-0.9988209815422266,4.440892098500626e-16,5.551115123125783e-16
reflection_061_case_00,B,42,-1.2040306249673,-0.9964833501013977,-0.9988209815422265,-0.9988209815422266,4.440892098500626e-16,5.551115123125783e-16
reflection_061_case_00,B,43,-1.2042792896663361,-0.9968350150912578,-0.9988209815422265,-0.9988209815422266,4.440892098500626e-16,5.551115123125783e-16
reflection_061_case_00,B,44,-1.2045030878954686,-0.9971515135821322,-0.9988209815422264,-0.9988209815422265,3.3306690738754696e-16,4.440892098500626e-16
reflection_061_case_00,B,45,-1.204704506301688,-0.997436362223919,-0.9988209815422264,-0.9988209815422266,3.3306690738754696e-16,5.551115123125783e-16
reflection_061_case_00,B,46,-1.2048857828672852,-0.9976927260015271,-0.9988209815422265,-0.9988209815422265,4.440892098500626e-16,4.440892098500626e-16
reflection_061_case_00,B,47,-1.2050489317763229,-0.9979234534013743,-0.9988209815422265,-0.9988209815422265,4.440892098500626e-16,4.440892098500626e-16
reflection_061_case_00,B,48,-1.2051957657944565,-0.9981311080612371,-0.9988209815422265,-0.9988209815422266,4.440892098500626e-16,5.551115123125783e-16
reflection_061_case_00,B,49,-1.2053279164107769,-0.998317997255113,-0.9988209815422265,-0.9988209815422265,4.440892098500626e-16,4.440892098500626e-16
reflection_061_case_00,B,50,-1.2054468519654655,-0.998486197529602,-0.9988209815422265,-0.9988209815422265,4.440892098500626e-16,4.440892098500626e-16
reflection_061_case_00,B,51,-1.205553893964685,-0.9986375777766416,-0.9988209815422265,-0.9988209815422265,4.440892098500626e-16,4.440892098500626e-16
reflection_061_case_00,B,52,-1.2056502317639826,-0.9987738199989776,-0.9988209815422265,-0.9988209815422266,4.440892098500626e-16,5.551115123125783e-16
reflection_061_case_00,B,53,-1.2057369357833503,-0.9988964379990796,-0.9988209815422265,-0.9988209815422269,4.440892098500626e-16,7.771561172376096e-16
reflection_061_case_00,B,54,-1.2058149694007814,-0.9990067941991717,-0.9988209815422265,-0.9988209815422269,4.440892098500626e-16,7.771561172376096e-16
reflection_061_case_00,B,55,-1.2058851996564692,-0.9991061147792546,-0.9988209815422265,-0.9988209815422269,4.440892098500626e-16,7.771561172376096e-16
reflection_061_case_00,B,56,-1.2059484068865882,-0.9991955033013291,-0.9988209815422263,-0.9988209815422265,2.220446049250313e-16,4.440892098500626e-16
reflection_061_case_00,B,57,-1.2060052933936956,-0.9992759529711962,-0.9988209815422264,-0.9988209815422266,3.3306690738754696e-16,5.551115123125783e-16
reflection_061_case_00,B,58,-1.2060564912500922,-0.9993483576740765,-0.9988209815422263,-0.9988209815422265,2.220446049250313e-16,4.440892098500626e-16
reflection_061_case_00,B,59,-1.2061025693208487,-0.9994135219066688,-0.9988209815422263,-0.9988209815422265,2.220446049250313e-16,4.440892098500626e-16
reflection_061_case_00,B,60,-1.20614403958453,-0.9994721697160018,-0.9988209815422263,-0.9988209815422265,2.220446049250313e-16,4.440892098500626e-16
reflection_061_case_00,B,61,-1.206181362821843,-0.9995249527444015,-0.9988209815422263,-0.9988209815422265,2.220446049250313e-16,4.440892098500626e-16
reflection_061_case_00,B,62,-1.2062149537354248,-0.9995724574699615,-0.9988209815422262,-0.9988209815422262,1.1102230246251565e-16,1.1102230246251565e-16
reflection_061_case_00,B,63,-1.2062451855576484,-0.9996152117229653,-0.9988209815422261,-0.9988209815422262,0.0,1.1102230246251565e-16
reflection_061_case_00,B,64,-1.2062723941976494,-0.9996536905506687,-0.9988209815422261,-0.9988209815422262,0.0,1.1102230246251565e-16
reflection_061_case_01,A,1,-0.1,-0.07071067811865475,,,,
reflection_061_case_01,A,2,-0.19,-0.13435028842544403,,,,
reflection_061_case_01,A,3,-0.271,-0.19162593770155437,,,,
reflection_061_case_01,A,4,-0.3439,-0.24317402205005367,,,,
reflection_061_case_01,A,5,-0.40951,-0.28956729796370306,,,,
reflection_061_case_01,A,6,-0.46855899999999995,-0.3313212462859874,,,,
reflection_061_case_01,A,7,-0.5217031,-0.3688997997760435,,,,
reflection_061_case_01,A,8,-0.56953279,-0.40272049791709386,,,,
reflection_061_case_01,A,9,-0.6125795110000001,-0.43315912624403924,,,,
reflection_061_case_01,A,10,-0.6513215599,-0.46055389173829003,,,,
reflection_061_case_01,A,11,-0.6861894039099999,-0.48520918068311575,,,,
reflection_061_case_01,A,12,-0.717570463519,-0.5073989407334589,,,,
reflection_061_case_01,A,13,-0.7458134171671,-0.5273697247787679,,,,
reflection_061_case_01,A,14,-0.7712320754503901,-0.5453434304195458,,,,
reflection_061_case_01,A,15,-0.794108867905351,-0.5615197654962459,,,,
reflection_061_case_01,A,16,-0.8146979811148158,-0.5760784670652761,,,,
reflection_061_case_01,A,17,-0.8332281830033343,-0.5891812984774032,,,,
reflection_061_case_01,A,18,-0.8499053647030008,-0.6009738467483177,,,,
reflection_061_case_01,A,19,-0.8649148282327008,-0.6115871401921407,,,,
reflection_061_case_01,A,20,-0.8784233454094308,-0.6211391042915814,,,,
reflection_061_case_01,A,21,-0.8905810108684877,-0.6297358719810778,,,,
reflection_061_case_01,A,22,-0.9015229097816388,-0.6374729629016249,,,,
reflection_061_case_01,A,23,-0.911370618803475,-0.6444363447301171,,,,
reflection_061_case_01,A,24,-0.9202335569231275,-0.65070338837576,,,,
reflection_061_case_01,A,25,-0.9282102012308147,-0.6563437276568388,,,,
reflection_061_case_01,A,26,-0.9353891811077333,-0.6614200330098097,,,,
reflection_061_case_01,A,27,-0.9418502629969601,-0.6659887078274835,,,,
reflection_061_case_01,A,28,-0.947665236697264,-0.6701005151633899,,,,
reflection_061_case_01,A,29,-0.9528987130275377,-0.6738011417657057,,,,
reflection_061_case_01,A,30,-0.9576088417247839,-0.6771317057077899,,,,
reflection_061_case_01,A,31,-0.9618479575523055,-0.6801292132556656,,,,
reflection_061_case_01,A,32,-0.9656631617970748,-0.6828269700487537,,,,
reflection_061_case_01,A,33,-0.9690968456173674,-0.6852549511625332,,,,
reflection_061_case_01,A,34,-0.9721871610556307,-0.6874401341649345,,,,
reflection_061_case_01,A,35,-0.9749684449500677,-0.6894067988670959,,,,
reflection_061_case_01,A,36,-0.9774716004550608,-0.691176797099041,,,,
reflection_061_case_01,A,37,-0.9797244404095548,-0.6927697955077916,,,,
reflection_061_case_01,A,38,-0.9817519963685992,-0.6942034940756672,,,,
reflection_061_case_01,A,39,-0.9835767967317393,-0.6954938227867552,,,,
reflection_061_case_01,A,40,-0.9852191170585654,-0.6966551186267345,,,,
reflection_061_case_01,A,41,-0.9866972053527088,-0.6977002848827157,,,,
reflection_061_case_01,A,42,-0.988027484817438,-0.6986409345130988,,,,
reflection_061_case_01,A,43,-0.9892247363356942,-0.6994875191804437,,,,
reflection_061_case_01,A,44,-0.9903022627021247,-0.7002494453810542,,,,
reflection_061_case_01,A,45,-0.9912720364319123,-0.7009351789616034,,,,
reflection_061_case_01,A,46,-0.9921448327887211,-0.701552339184098,,,,
reflection_061_case_01,A,47,-0.992930349509849,-0.702107783384343,,,,
reflection_061_case_01,A,48,-0.9936373145588642,-0.7026076831645633,,,,
reflection_061_case_01,A,49,-0.9942735831029779,-0.7030575929667618,,,,
reflection_061_case_01,A,50,-0.99484622479268,-0.7034625117887404,,,,
reflection_061_case_01,A,51,-0.995361602313412,-0.7038269387285211,,,,
reflection_061_case_01,A,52,-0.9958254420820707,-0.7041549229743237,,,,
reflection_061_case_01,A,53,-0.9962428978738637,-0.7044501087955461,,,,
reflection_061_case_01,A,54,-0.9966186080864773,-0.7047157760346463,,,,
reflection_061_case_01,A,55,-0.9969567472778296,-0.7049548765498366,,,,
reflection_061_case_01,A,56,-0.9972610725500467,-0.7051700670135076,,,,
reflection_061_case_01,A,57,-0.997534965295042,-0.7053637384308116,,,,
reflection_061_case_01,A,58,-0.997781468765538,-0.7055380427063852,,,,
reflection_061_case_01,A,59,-0.9980033218889841,-0.7056949165544014,,,,
reflection_061_case_01,A,60,-0.9982029897000857,-0.7058361030176161,,,,
reflection_061_case_01,A,61,-0.998382690730077,-0.7059631708345092,,,,
reflection_061_case_01,A,62,-0.9985444216570694,-0.706077531869713,,,,
reflection_061_case_01,A,63,-0.9986899794913624,-0.7061804568013964,,,,
reflection_061_case_01,A,64,-0.9988209815422261,-0.7062730892399115,,,,
reflection_061_case_01,B,1,-0.8781692543464601,-0.5356457803159204,-0.9988209815422262,-0.9988209815422264,1.1102230246251565e-16,3.3306690738754696e-16
reflection_061_case_01,B,2,-0.7695826998702706,-0.3820812022843283,-0.9988209815422263,-0.9988209815422264,2.220446049250313e-16,3.3306690738754696e-16
reflection_061_case_01,B,3,-0.6718548008417001,-0.24387308205589553,-0.9988209815422262,-0.9988209815422262,1.1102230246251565e-16,1.1102230246251565e-16
reflection_061_case_01,B,4,-0.5838996917159867,-0.11948577385030598,-0.9988209815422262,-0.9988209815422262,1.1102230246251565e-16,1.1102230246251565e-16
reflection_061_case_01,B,5,-0.5047400935028447,-0.007537196465275384,-0.9988209815422263,-0.9988209815422265,2.220446049250313e-16,4.440892098500626e-16
reflection_061_case_01,B,6,-0.4334964551110167,0.09321652318125212,-0.9988209815422263,-0.9988209815422265,2.220446049250313e-16,4.440892098500626e-16
reflection_061_case_01,B,7,-0.3693771805583716,0.1838948708631269,-0.9988209815422262,-0.9988209815422265,1.1102230246251565e-16,4.440892098500626e-16
reflection_061_case_01,B,8,-0.311669833460991,0.2655053837768142,-0.9988209815422262,-0.9988209815422265,1.1102230246251565e-16,4.440892098500626e-16
reflection_061_case_01,B,9,-0.2597332210733485,0.3389548453991328,-0.9988209815422264,-0.9988209815422265,3.3306690738754696e-16,4.440892098500626e-16
reflection_061_case_01,B,10,-0.21299026992447026,0.40505936085921945,-0.9988209815422264,-0.9988209815422265,3.3306690738754696e-16,4.440892098500626e-16
reflection_061_case_01,B,11,-0.17092161389047977,0.46455342477329753,-0.9988209815422264,-0.9988209815422265,3.3306690738754696e-16,4.440892098500626e-16
reflection_061_case_01,B,12,-0.13305982345988832,0.5180980822959678,-0.9988209815422263,-0.9988209815422262,2.220446049250313e-16,1.1102230246251565e-16
reflection_061_case_01,B,13,-0.09898421207235603,0.566288274066371,-0.9988209815422263,-0.9988209815422264,2.220446049250313e-16,3.3306690738754696e-16
reflection_061_case_01,B,14,-0.06831616182357697,0.6096594466597338,-0.9988209815422263,-0.9988209815422265,2.220446049250313e-16,4.440892098500626e-16
reflection_061_case_01,B,15,-0.040714916599675854,0.6486935019937605,-0.9988209815422263,-0.9988209815422262,2.220446049250313e-16,1.1102230246251565e-16
reflection_061_case_01,B,16,-0.01587379589816479,0.6838241517943845,-0.9988209815422262,-0.9988209815422264,1.1102230246251565e-16,3.3306690738754696e-16
reflection_061_case_01,B,17,0.006483212733195132,0.715441736614946,-0.9988209815422263,-0.9988209815422264,2.220446049250313e-16,3.3306690738754696e-16
reflection_061_case_01,B,18,0.026604520501419093,0.7438975629534514,-0.9988209815422263,-0.9988209815422262,2.220446049250313e-16,1.1102230246251565e-16
reflection_061_case_01,B,19,0.044713697492820614,0.7695078066581063,-0.9988209815422263,-0.9988209815422264,2.220446049250313e-16,3.3306690738754696e-16
reflection_061_case_01,B,20,0.06101195678508198,0.7925570259922956,-0.9988209815422263,-0.9988209815422265,2.220446049250313e-16,4.440892098500626e-16
reflection_061_case_01,B,21,0.07568039014811734,0.8133013233930662,-0.9988209815422263,-0.9988209815422265,2.220446049250313e-16,4.440892098500626e-16
reflection_061_case_01,B,22,0.08888198017484905,0.8319711910537596,-0.9988209815422263,-0.9988209815422264,2.220446049250313e-16,3.3306690738754696e-16
reflection_061_case_01,B,23,0.10076341119890753,0.8487740719483836,-0.9988209815422264,-0.9988209815422265,3.3306690738754696e-16,4.440892098500626e-16
reflection_061_case_01,B,24,0.11145669912056011,0.8638966647535452,-0.9988209815422264,-0.9988209815422265,3.3306690738754696e-16,4.440892098500626e-16
reflection_061_case_01,B,25,0.1210806582500476,0.8775069982781905,-0.9988209815422264,-0.9988209815422265,3.3306690738754696e-16,4.440892098500626e-16
reflection_061_case_01,B,26,0.12974222146658626,0.8897562984503715,-0.9988209815422263,-0.9988209815422266,2.220446049250313e-16,5.551115123125783e-16
reflection_061_case_01,B,27,0.13753762836147104,0.9007806686053345,-0.9988209815422263,-0.9988209815422265,2.220446049250313e-16,4.440892098500626e-16
reflection_061_case_01,B,28,0.14455349456686745,0.910702601744801,-0.9988209815422265,-0.9988209815422266,4.440892098500626e-16,5.551115123125783e-16
reflection_061_case_01,B,29,0.1508677741517241,0.9196323415703208,-0.9988209815422265,-0.9988209815422265,4.440892098500626e-16,4.440892098500626e-16
reflection_061_case_01,B,30,0.15655062577809514,0.9276691074132888,-0.9988209815422263,-0.9988209815422265,2.220446049250313e-16,4.440892098500626e-16
reflection_061_case_01,B,31,0.16166519224182913,0.93490219667196,-0.9988209815422263,-0.9988209815422265,2.220446049250313e-16,4.440892098500626e-16
reflection_061_case_01,B,32,0.16626830205918963,0.941411977004764,-0.9988209815422263,-0.9988209815422265,2.220446049250313e-16,4.440892098500626e-16
reflection_061_case_01,B,33,0.17041110089481415,0.9472707793042876,-0.9988209815422263,-0.9988209815422264,2.220446049250313e-16,3.3306690738754696e-16
reflection_061_case_01,B,34,0.1741396198468762,0.9525437013738589,-0.9988209815422264,-0.9988209815422265,3.3306690738754696e-16,4.440892098500626e-16
reflection_061_case_01,B,35,0.17749528690373217,0.957289331236473,-0.9988209815422262,-0.9988209815422264,1.1102230246251565e-16,3.3306690738754696e-16
reflection_061_case_01,B,36,0.18051538725490235,0.9615603981128257,-0.9988209815422262,-0.9988209815422264,1.1102230246251565e-16,3.3306690738754696e-16
reflection_061_case_01,B,37,0.1832334775709556,0.9654043583015431,-0.9988209815422261,-0.9988209815422262,0.0,1.1102230246251565e-16
reflection_061_case_01,B,38,0.1856797588554036,0.9688639224713889,-0.9988209815422261,-0.9988209815422262,0.0,1.1102230246251565e-16
reflection_061_case_01,B,39,0.18788141201140662,0.9719775302242499,-0.9988209815422261,-0.9988209815422262,0.0,1.1102230246251565e-16
reflection_061_case_01,B,40,0.18986289985180949,0.974779777201825,-0.998820981542226,-0.9988209815422261,1.1102230246251565e-16,0.0
reflection_061_case_01,B,41,0.191646238908172,0.9773017994816425,-0.9988209815422261,-0.998820981542226,0.0,1.1102230246251565e-16
reflection_061_case_01,B,42,0.19325124405889826,0.9795716195334783,-0.9988209815422261,-0.998820981542226,0.0,1.1102230246251565e-16
reflection_061_case_01,B,43,0.19469574869455203,0.9816144575801304,-0.998820981542226,-0.9988209815422262,1.1102230246251565e-16,1.1102230246251565e-16
reflection_061_case_01,B,44,0.19599580286664026,0.9834530118221174,-0.9988209815422259,-0.998820981542226,2.220446049250313e-16,1.1102230246251565e-16
reflection_061_case_01,B,45,0.19716585162151978,0.9851077106399058,-0.9988209815422259,-0.998820981542226,2.220446049250313e-16,1.1102230246251565e-16
reflection_061_case_01,B,46,0.19821889550091126,0.9865969395759151,-0.9988209815422259,-0.9988209815422258,2.220446049250313e-16,3.3306690738754696e-16
reflection_061_case_01,B,47,0.1991666349923637,0.9879372456183235,-0.9988209815422259,-0.9988209815422258,2.220446049250313e-16,3.3306690738754696e-16
reflection_061_case_01,B,48,0.20001960053467077,0.9891435210564912,-0.9988209815422259,-0.9988209815422258,2.220446049250313e-16,3.3306690738754696e-16
reflection_061_case_01,B,49,0.20078726952274717,0.9902291689508421,-0.9988209815422259,-0.998820981542226,2.220446049250313e-16,1.1102230246251565e-16
reflection_061_case_01,B,50,0.20147817161201592,0.991206252055758,-0.9988209815422259,-0.9988209815422258,2.220446049250313e-16,3.3306690738754696e-16
reflection_061_case_01,B,51,0.20209998349235786,0.9920856268501822,-0.9988209815422258,-0.9988209815422255,3.3306690738754696e-16,5.551115123125783e-16
reflection_061_case_01,B,52,0.2026596141846655,0.9928770641651639,-0.9988209815422256,-0.998820981542226,4.440892098500626e-16,1.1102230246251565e-16
reflection_061_case_01,B,53,0.2031632818077424,0.9935893577486477,-0.9988209815422259,-0.998820981542226,2.220446049250313e-16,1.1102230246251565e-16
reflection_061_case_01,B,54,0.20361658266851168,0.9942304219737828,-0.9988209815422258,-0.998820981542226,3.3306690738754696e-16,1.1102230246251565e-16
reflection_061_case_01,B,55,0.20402455344320397,0.9948073797764045,-0.9988209815422256,-0.9988209815422258,4.440892098500626e-16,3.3306690738754696e-16
reflection_061_case_01,B,56,0.20439172714042703,0.9953266417987641,-0.998820981542226,-0.9988209815422258,1.1102230246251565e-16,3.3306690738754696e-16
reflection_061_case_01,B,57,0.2047221834679277,0.9957939776188875,-0.9988209815422258,-0.998820981542226,3.3306690738754696e-16,1.1102230246251565e-16
reflection_061_case_01,B,58,0.20501959416267845,0.9962145798569988,-0.998820981542226,-0.998820981542226,1.1102230246251565e-16,1.1102230246251565e-16
reflection_061_case_01,B,59,0.2052872637879541,0.9965931218712989,-0.9988209815422259,-0.998820981542226,2.220446049250313e-16,1.1102230246251565e-16
reflection_061_case_01,B,60,0.20552816645070227,0.996933809684169,-0.9988209815422259,-0.9988209815422258,2.220446049250313e-16,3.3306690738754696e-16
reflection_061_case_01,B,61,0.20574497884717546,0.9972404287157521,-0.9988209815422256,-0.9988209815422258,4.440892098500626e-16,3.3306690738754696e-16
reflection_061_case_01,B,62,0.20594011000400125,0.9975163858441768,-0.9988209815422259,-0.998820981542226,2.220446049250313e-16,1.1102230246251565e-16
reflection_061_case_01,B,63,0.2061157280451446,0.9977647472597593,-0.9988209815422256,-0.9988209815422258,4.440892098500626e-16,3.3306690738754696e-16
reflection_061_case_01,B,64,0.20627378428217363,0.9979882725337832,-0.9988209815422256,-0.9988209815422258,4.440892098500626e-16,3.3306690738754696e-16
reflection_061_case_02,A,1,0.1,0.07071067811865475,,,,
reflection_061_case_02,A,2,0.19,0.13435028842544403,,,,
reflection_061_case_02,A,3,0.271,0.19162593770155437,,,,
reflection_061_case_02,A,4,0.3439,0.24317402205005367,,,,
reflection_061_case_02,A,5,0.40951,0.28956729796370306,,,,
reflection_061_case_02,A,6,0.46855899999999995,0.3313212462859874,,,,
reflection_061_case_02,A,7,0.5217031,0.3688997997760435,,,,
reflection_061_case_02,A,8,0.56953279,0.40272049791709386,,,,
reflection_061_case_02,A,9,0.6125795110000001,0.43315912624403924,,,,
reflection_061_case_02,A,10,0.6513215599,0.46055389173829003,,,,
reflection_061_case_02,A,11,0.6861894039099999,0.48520918068311575,,,,
reflection_061_case_02,A,12,0.717570463519,0.5073989407334589,,,,
reflection_061_case_02,A,13,0.7458134171671,0.5273697247787679,,,,
reflection_061_case_02,A,14,0.7712320754503901,0.5453434304195458,,,,
reflection_061_case_02,A,15,0.794108867905351,0.5615197654962459,,,,
reflection_061_case_02,A,16,0.8146979811148158,0.5760784670652761,,,,
reflection_061_case_02,A,17,0.8332281830033343,0.5891812984774032,,,,
reflection_061_case_02,A,18,0.8499053647030008,0.6009738467483177,,,,
reflection_061_case_02,A,19,0.8649148282327008,0.6115871401921407,,,,
reflection_061_case_02,A,20,0.8784233454094308,0.6211391042915814,,,,
reflection_061_case_02,A,21,0.8905810108684877,0.6297358719810778,,,,
reflection_061_case_02,A,22,0.9015229097816388,0.6374729629016249,,,,
reflection_061_case_02,A,23,0.911370618803475,0.6444363447301171,,,,
reflection_061_case_02,A,24,0.9202335569231275,0.65070338837576,,,,
reflection_061_case_02,A,25,0.9282102012308147,0.6563437276568388,,,,
reflection_061_case_02,A,26,0.9353891811077333,0.6614200330098097,,,,
reflection_061_case_02,A,27,0.9418502629969601,0.6659887078274835,,,,
reflection_061_case_02,A,28,0.947665236697264,0.6701005151633899,,,,
reflection_061_case_02,A,29,0.9528987130275377,0.6738011417657057,,,,
reflection_061_case_02,A,30,0.9576088417247839,0.6771317057077899,,,,
reflection_061_case_02,A,31,0.9618479575523055,0.6801292132556656,,,,
reflection_061_case_02,A,32,0.9656631617970748,0.6828269700487537,,,,
reflection_061_case_02,A,33,0.9690968456173674,0.6852549511625332,,,,
reflection_061_case_02,A,34,0.9721871610556307,0.6874401341649345,,,,
reflection_061_case_02,A,35,0.9749684449500677,0.6894067988670959,,,,
reflection_061_case_02,A,36,0.9774716004550608,0.691176797099041,,,,
reflection_061_case_02,A,37,0.9797244404095548,0.6927697955077916,,,,
reflection_061_case_02,A,38,0.9817519963685992,0.6942034940756672,,,,
reflection_061_case_02,A,39,0.9835767967317393,0.6954938227867552,,,,
reflection_061_case_02,A,40,0.9852191170585654,0.6966551186267345,,,,
reflection_061_case_02,A,41,0.9866972053527088,0.6977002848827157,,,,
reflection_061_case_02,A,42,0.988027484817438,0.6986409345130988,,,,
reflection_061_case_02,A,43,0.9892247363356942,0.6994875191804437,,,,
reflection_061_case_02,A,44,0.9903022627021247,0.7002494453810542,,,,
reflection_061_case_02,A,45,0.9912720364319123,0.7009351789616034,,,,
reflection_061_case_02,A,46,0.9921448327887211,0.701552339184098,,,,
reflection_061_case_02,A,47,0.992930349509849,0.702107783384343,,,,
reflection_061_case_02,A,48,0.9936373145588642,0.7026076831645633,,,,
reflection_061_case_02,A,49,0.9942735831029779,0.7030575929667618,,,,
reflection_061_case_02,A,50,0.99484622479268,0.7034625117887404,,,,
reflection_061_case_02,A,51,0.995361602313412,0.7038269387285211,,,,
reflection_061_case_02,A,52,0.9958254420820707,0.7041549229743237,,,,
reflection_061_case_02,A,53,0.9962428978738637,0.7044501087955461,,,,
reflection_061_case_02,A,54,0.9966186080864773,0.7047157760346463,,,,
reflection_061_case_02,A,55,0.9969567472778296,0.7049548765498366,,,,
reflection_061_case_02,A,56,0.9972610725500467,0.7051700670135076,,,,
reflection_061_case_02,A,57,0.997534965295042,0.7053637384308116,,,,
reflection_061_case_02,A,58,0.997781468765538,0.7055380427063852,,,,
reflection_061_case_02,A,59,0.9980033218889841,0.7056949165544014,,,,
reflection_061_case_02,A,60,0.9982029897000857,0.7058361030176161,,,,
reflection_061_case_02,A,61,0.998382690730077,0.7059631708345092,,,,
reflection_061_case_02,A,62,0.9985444216570694,0.706077531869713,,,,
reflection_061_case_02,A,63,0.9986899794913624,0.7061804568013964,,,,
reflection_061_case_02,A,64,0.9988209815422261,0.7062730892399115,,,,
reflection_061_case_02,B,1,0.8781692543464601,0.5356457803159204,0.9988209815422262,0.9988209815422264,1.1102230246251565e-16,3.3306690738754696e-16
reflection_061_case_02,B,2,0.7695826998702706,0.3820812022843283,0.9988209815422263,0.9988209815422264,2.220446049250313e-16,3.3306690738754696e-16
reflection_061_case_02,B,3,0.6718548008417001,0.24387308205589553,0.9988209815422262,0.9988209815422262,1.1102230246251565e-16,1.1102230246251565e-16
reflection_061_case_02,B,4,0.5838996917159867,0.11948577385030598,0.9988209815422262,0.9988209815422262,1.1102230246251565e-16,1.1102230246251565e-16
reflection_061_case_02,B,5,0.5047400935028447,0.007537196465275384,0.9988209815422263,0.9988209815422265,2.220446049250313e-16,4.440892098500626e-16
reflection_061_case_02,B,6,0.4334964551110167,-0.09321652318125212,0.9988209815422263,0.9988209815422265,2.220446049250313e-16,4.440892098500626e-16
reflection_061_case_02,B,7,0.3693771805583716,-0.1838948708631269,0.9988209815422262,0.9988209815422265,1.1102230246251565e-16,4.440892098500626e-16
reflection_061_case_02,B,8,0.311669833460991,-0.2655053837768142,0.9988209815422262,0.9988209815422265,1.1102230246251565e-16,4.440892098500626e-16
reflection_061_case_02,B,9,0.2597332210733485,-0.3389548453991328,0.9988209815422264,0.9988209815422265,3.3306690738754696e-16,4.440892098500626e-16
reflection_061_case_02,B,10,0.21299026992447026,-0.40505936085921945,0.9988209815422264,0.9988209815422265,3.3306690738754696e-16,4.440892098500626e-16
reflection_061_case_02,B,11,0.17092161389047977,-0.46455342477329753,0.9988209815422264,0.9988209815422265,3.3306690738754696e-16,4.440892098500626e-16
reflection_061_case_02,B,12,0.13305982345988832,-0.5180980822959678,0.9988209815422263,0.9988209815422262,2.220446049250313e-16,1.1102230246251565e-16
reflection_061_case_02,B,13,0.09898421207235603,-0.566288274066371,0.9988209815422263,0.9988209815422264,2.220446049250313e-16,3.3306690738754696e-16
reflection_061_case_02,B,14,0.06831616182357697,-0.6096594466597338,0.9988209815422263,0.9988209815422265,2.220446049250313e-16,4.440892098500626e-16
reflection_061_case_02,B,15,0.040714916599675854,-0.6486935019937605,0.9988209815422263,0.9988209815422262,2.220446049250313e-16,1.1102230246251565e-16
reflection_061_case_02,B,16,0.01587379589816479,-0.6838241517943845,0.9988209815422262,0.9988209815422264,1.1102230246251565e-16,3.3306690738754696e-16
reflection_061_case_02,B,17,-0.006483212733195132,-0.715441736614946,0.9988209815422263,0.9988209815422264,2.220446049250313e-16,3.3306690738754696e-16
reflection_061_case_02,B,18,-0.026604520501419093,-0.7438975629534514,0.9988209815422263,0.9988209815422262,2.220446049250313e-16,1.1102230246251565e-16
reflection_061_case_02,B,19,-0.044713697492820614,-0.7695078066581063,0.9988209815422263,0.9988209815422264,2.220446049250313e-16,3.3306690738754696e-16
reflection_061_case_02,B,20,-0.06101195678508198,-0.7925570259922956,0.9988209815422263,0.9988209815422265,2.220446049250313e-16,4.440892098500626e-16
reflection_061_case_02,B,21,-0.07568039014811734,-0.8133013233930662,0.9988209815422263,0.9988209815422265,2.220446049250313e-16,4.440892098500626e-16
reflection_061_case_02,B,22,-0.08888198017484905,-0.8319711910537596,0.9988209815422263,0.9988209815422264,2.220446049250313e-16,3.3306690738754696e-16
reflection_061_case_02,B,23,-0.10076341119890753,-0.8487740719483836,0.9988209815422264,0.9988209815422265,3.3306690738754696e-16,4.440892098500626e-16
reflection_061_case_02,B,24,-0.11145669912056011,-0.8638966647535452,0.9988209815422264,0.9988209815422265,3.3306690738754696e-16,4.440892098500626e-16
reflection_061_case_02,B,25,-0.1210806582500476,-0.8775069982781905,0.9988209815422264,0.9988209815422265,3.3306690738754696e-16,4.440892098500626e-16
reflection_061_case_02,B,26,-0.12974222146658626,-0.8897562984503715,0.9988209815422263,0.9988209815422266,2.220446049250313e-16,5.551115123125783e-16
reflection_061_case_02,B,27,-0.13753762836147104,-0.9007806686053345,0.9988209815422263,0.9988209815422265,2.220446049250313e-16,4.440892098500626e-16
reflection_061_case_02,B,28,-0.14455349456686745,-0.910702601744801,0.9988209815422265,0.9988209815422266,4.440892098500626e-16,5.551115123125783e-16
reflection_061_case_02,B,29,-0.1508677741517241,-0.9196323415703208,0.9988209815422265,0.9988209815422265,4.440892098500626e-16,4.440892098500626e-16
reflection_061_case_02,B,30,-0.15655062577809514,-0.9276691074132888,0.9988209815422263,0.9988209815422265,2.220446049250313e-16,4.440892098500626e-16
reflection_061_case_02,B,31,-0.16166519224182913,-0.93490219667196,0.9988209815422263,0.9988209815422265,2.220446049250313e-16,4.440892098500626e-16
reflection_061_case_02,B,32,-0.16626830205918963,-0.941411977004764,0.9988209815422263,0.9988209815422265,2.220446049250313e-16,4.440892098500626e-16
reflection_061_case_02,B,33,-0.17041110089481415,-0.9472707793042876,0.9988209815422263,0.9988209815422264,2.220446049250313e-16,3.3306690738754696e-16
reflection_061_case_02,B,34,-0.1741396198468762,-0.9525437013738589,0.9988209815422264,0.9988209815422265,3.3306690738754696e-16,4.440892098500626e-16
reflection_061_case_02,B,35,-0.17749528690373217,-0.957289331236473,0.9988209815422262,0.9988209815422264,1.1102230246251565e-16,3.3306690738754696e-16
reflection_061_case_02,B,36,-0.18051538725490235,-0.9615603981128257,0.9988209815422262,0.9988209815422264,1.1102230246251565e-16,3.3306690738754696e-16
reflection_061_case_02,B,37,-0.1832334775709556,-0.9654043583015431,0.9988209815422261,0.9988209815422262,0.0,1.1102230246251565e-16
reflection_061_case_02,B,38,-0.1856797588554036,-0.9688639224713889,0.9988209815422261,0.9988209815422262,0.0,1.1102230246251565e-16
reflection_061_case_02,B,39,-0.18788141201140662,-0.9719775302242499,0.9988209815422261,0.9988209815422262,0.0,1.1102230246251565e-16
reflection_061_case_02,B,40,-0.18986289985180949,-0.974779777201825,0.998820981542226,0.9988209815422261,1.1102230246251565e-16,0.0
reflection_061_case_02,B,41,-0.191646238908172,-0.9773017994816425,0.9988209815422261,0.998820981542226,0.0,1.1102230246251565e-16
reflection_061_case_02,B,42,-0.19325124405889826,-0.9795716195334783,0.9988209815422261,0.998820981542226,0.0,1.1102230246251565e-16
reflection_061_case_02,B,43,-0.19469574869455203,-0.9816144575801304,0.998820981542226,0.9988209815422262,1.1102230246251565e-16,1.1102230246251565e-16
reflection_061_case_02,B,44,-0.19599580286664026,-0.9834530118221174,0.9988209815422259,0.998820981542226,2.220446049250313e-16,1.1102230246251565e-16
reflection_061_case_02,B,45,-0.19716585162151978,-0.9851077106399058,0.9988209815422259,0.998820981542226,2.220446049250313e-16,1.1102230246251565e-16
reflection_061_case_02,B,46,-0.19821889550091126,-0.9865969395759151,0.9988209815422259,0.9988209815422258,2.220446049250313e-16,3.3306690738754696e-16
reflection_061_case_02,B,47,-0.1991666349923637,-0.9879372456183235,0.9988209815422259,0.9988209815422258,2.220446049250313e-16,3.3306690738754696e-16
reflection_061_case_02,B,48,-0.20001960053467077,-0.9891435210564912,0.9988209815422259,0.9988209815422258,2.220446049250313e-16,3.3306690738754696e-16
reflection_061_case_02,B,49,-0.20078726952274717,-0.9902291689508421,0.9988209815422259,0.998820981542226,2.220446049250313e-16,1.1102230246251565e-16
reflection_061_case_02,B,50,-0.20147817161201592,-0.991206252055758,0.9988209815422259,0.9988209815422258,2.220446049250313e-16,3.3306690738754696e-16
reflection_061_case_02,B,51,-0.20209998349235786,-0.9920856268501822,0.9988209815422258,0.9988209815422255,3.3306690738754696e-16,5.551115123125783e-16
reflection_061_case_02,B,52,-0.2026596141846655,-0.9928770641651639,0.9988209815422256,0.998820981542226,4.440892098500626e-16,1.1102230246251565e-16
reflection_061_case_02,B,53,-0.2031632818077424,-0.9935893577486477,0.9988209815422259,0.998820981542226,2.220446049250313e-16,1.1102230246251565e-16
reflection_061_case_02,B,54,-0.20361658266851168,-0.9942304219737828,0.9988209815422258,0.998820981542226,3.3306690738754696e-16,1.1102230246251565e-16
reflection_061_case_02,B,55,-0.20402455344320397,-0.9948073797764045,0.9988209815422256,0.9988209815422258,4.440892098500626e-16,3.3306690738754696e-16
reflection_061_case_02,B,56,-0.20439172714042703,-0.9953266417987641,0.998820981542226,0.9988209815422258,1.1102230246251565e-16,3.3306690738754696e-16
reflection_061_case_02,B,57,-0.2047221834679277,-0.9957939776188875,0.9988209815422258,0.998820981542226,3.3306690738754696e-16,1.1102230246251565e-16
reflection_061_case_02,B,58,-0.20501959416267845,-0.9962145798569988,0.998820981542226,0.998820981542226,1.1102230246251565e-16,1.1102230246251565e-16
reflection_061_case_02,B,59,-0.2052872637879541,-0.9965931218712989,0.9988209815422259,0.998820981542226,2.220446049250313e-16,1.1102230246251565e-16
reflection_061_case_02,B,60,-0.20552816645070227,-0.996933809684169,0.9988209815422259,0.9988209815422258,2.220446049250313e-16,3.3306690738754696e-16
reflection_061_case_02,B,61,-0.20574497884717546,-0.9972404287157521,0.9988209815422256,0.9988209815422258,4.440892098500626e-16,3.3306690738754696e-16
reflection_061_case_02,B,62,-0.20594011000400125,-0.9975163858441768,0.9988209815422259,0.998820981542226,2.220446049250313e-16,1.1102230246251565e-16
reflection_061_case_02,B,63,-0.2061157280451446,-0.9977647472597593,0.9988209815422256,0.9988209815422258,4.440892098500626e-16,3.3306690738754696e-16
reflection_061_case_02,B,64,-0.20627378428217363,-0.9979882725337832,0.9988209815422256,0.9988209815422258,4.440892098500626e-16,3.3306690738754696e-16
reflection_061_case_03,A,1,0.1,0.07071067811865475,,,,
reflection_061_case_03,A,2,0.19,0.13435028842544403,,,,
reflection_061_case_03,A,3,0.271,0.19162593770155437,,,,
reflection_061_case_03,A,4,0.3439,0.24317402205005367,,,,
reflection_061_case_03,A,5,0.40951,0.28956729796370306,,,,
reflection_061_case_03,A,6,0.46855899999999995,0.3313212462859874,,,,
reflection_061_case_03,A,7,0.5217031,0.3688997997760435,,,,
reflection_061_case_03,A,8,0.56953279,0.40272049791709386,,,,
reflection_061_case_03,A,9,0.6125795110000001,0.43315912624403924,,,,
reflection_061_case_03,A,10,0.6513215599,0.46055389173829003,,,,
reflection_061_case_03,A,11,0.6861894039099999,0.48520918068311575,,,,
reflection_061_case_03,A,12,0.717570463519,0.5073989407334589,,,,
reflection_061_case_03,A,13,0.7458134171671,0.5273697247787679,,,,
reflection_061_case_03,A,14,0.7712320754503901,0.5453434304195458,,,,
reflection_061_case_03,A,15,0.794108867905351,0.5615197654962459,,,,
reflection_061_case_03,A,16,0.8146979811148158,0.5760784670652761,,,,
reflection_061_case_03,A,17,0.8332281830033343,0.5891812984774032,,,,
reflection_061_case_03,A,18,0.8499053647030008,0.6009738467483177,,,,
reflection_061_case_03,A,19,0.8649148282327008,0.6115871401921407,,,,
reflection_061_case_03,A,20,0.8784233454094308,0.6211391042915814,,,,
reflection_061_case_03,A,21,0.8905810108684877,0.6297358719810778,,,,
reflection_061_case_03,A,22,0.9015229097816388,0.6374729629016249,,,,
reflection_061_case_03,A,23,0.911370618803475,0.6444363447301171,,,,
reflection_061_case_03,A,24,0.9202335569231275,0.65070338837576,,,,
reflection_061_case_03,A,25,0.9282102012308147,0.6563437276568388,,,,
reflection_061_case_03,A,26,0.9353891811077333,0.6614200330098097,,,,
reflection_061_case_03,A,27,0.9418502629969601,0.6659887078274835,,,,
reflection_061_case_03,A,28,0.947665236697264,0.6701005151633899,,,,
reflection_061_case_03,A,29,0.9528987130275377,0.6738011417657057,,,,
reflection_061_case_03,A,30,0.9576088417247839,0.6771317057077899,,,,
reflection_061_case_03,A,31,0.9618479575523055,0.6801292132556656,,,,
reflection_061_case_03,A,32,0.9656631617970748,0.6828269700487537,,,,
reflection_061_case_03,A,33,0.9690968456173674,0.6852549511625332,,,,
reflection_061_case_03,A,34,0.9721871610556307,0.6874401341649345,,,,
reflection_061_case_03,A,35,0.9749684449500677,0.6894067988670959,,,,
reflection_061_case_03,A,36,0.9774716004550608,0.691176797099041,,,,
reflection_061_case_03,A,37,0.9797244404095548,0.6927697955077916,,,,
reflection_061_case_03,A,38,0.9817519963685992,0.6942034940756672,,,,
reflection_061_case_03,A,39,0.9835767967317393,0.6954938227867552,,,,
reflection_061_case_03,A,40,0.9852191170585654,0.6966551186267345,,,,
reflection_061_case_03,A,41,0.9866972053527088,0.6977002848827157,,,,
reflection_061_case_03,A,42,0.988027484817438,0.6986409345130988,,,,
reflection_061_case_03,A,43,0.9892247363356942,0.6994875191804437,,,,
reflection_061_case_03,A,44,0.9903022627021247,0.7002494453810542,,,,
reflection_061_case_03,A,45,0.9912720364319123,0.7009351789616034,,,,
reflection_061_case_03,A,46,0.9921448327887211,0.701552339184098,,,,
reflection_061_case_03,A,47,0.992930349509849,0.702107783384343,,,,
reflection_061_case_03,A,48,0.9936373145588642,0.7026076831645633,,,,
reflection_061_case_03,A,49,0.9942735831029779,0.7030575929667618,,,,
reflection_061_case_03,A,50,0.99484622479268,0.7034625117887404,,,,
reflection_061_case_03,A,51,0.995361602313412,0.7038269387285211,,,,
reflection_061_case_03,A,52,0.9958254420820707,0.7041549229743237,,,,
reflection_061_case_03,A,53,0.9962428978738637,0.7044501087955461,,,,
reflection_061_case_03,A,54,0.9966186080864773,0.7047157760346463,,,,
reflection_061_case_03,A,55,0.9969567472778296,0.7049548765498366,,,,
reflection_061_case_03,A,56,0.9972610725500467,0.7051700670135076,,,,
reflection_061_case_03,A,57,0.997534965295042,0.7053637384308116,,,,
reflection_061_case_03,A,58,0.997781468765538,0.7055380427063852,,,,
reflection_061_case_03,A,59,0.9980033218889841,0.7056949165544014,,,,
reflection_061_case_03,A,60,0.9982029897000857,0.7058361030176161,,,,
reflection_061_case_03,A,61,0.998382690730077,0.7059631708345092,,,,
reflection_061_case_03,A,62,0.9985444216570694,0.706077531869713,,,,
reflection_061_case_03,A,63,0.9986899794913624,0.7061804568013964,,,,
reflection_061_case_03,A,64,0.9988209815422261,0.7062730892399115,,,,
reflection_061_case_03,B,1,1.0195906105837695,0.7356457803159202,0.9988209815422261,0.9988209815422261,0.0,0.0
reflection_061_case_03,B,2,1.0382832767211587,0.7620812022843283,0.9988209815422262,0.9988209815422262,1.1102230246251565e-16,1.1102230246251565e-16
reflection_061_case_03,B,3,1.055106676244809,0.7858730820558955,0.9988209815422262,0.9988209815422262,1.1102230246251565e-16,1.1102230246251565e-16
reflection_061_case_03,B,4,1.070247735816094,0.807285773850306,0.9988209815422261,0.9988209815422264,0.0,3.3306690738754696e-16
reflection_061_case_03,B,5,1.0838746894302507,0.8265571964652754,0.9988209815422261,0.9988209815422262,0.0,1.1102230246251565e-16
reflection_061_case_03,B,6,1.0961389476829917,0.8439014768187478,0.9988209815422261,0.9988209815422264,0.0,3.3306690738754696e-16
reflection_061_case_03,B,7,1.1071767801104586,0.8595113291368731,0.9988209815422261,0.9988209815422261,0.0,0.0
reflection_061_case_03,B,8,1.1171108292951788,0.8735601962231858,0.9988209815422261,0.9988209815422262,0.0,1.1102230246251565e-16
reflection_061_case_03,B,9,1.1260514735614269,0.8862041766008671,0.9988209815422261,0.998820981542226,0.0,1.1102230246251565e-16
reflection_061_case_03,B,10,1.1340980534010505,0.8975837589407805,0.9988209815422262,0.9988209815422262,1.1102230246251565e-16,1.1102230246251565e-16
reflection_061_case_03,B,11,1.1413399752567113,0.9078253830467023,0.9988209815422261,0.9988209815422262,0.0,1.1102230246251565e-16
reflection_061_case_03,B,12,1.1478577049268064,0.9170428447420322,0.9988209815422263,0.9988209815422265,2.220446049250313e-16,4.440892098500626e-16
reflection_061_case_03,B,13,1.1537236616298918,0.925338560267829,0.9988209815422263,0.9988209815422265,2.220446049250313e-16,4.440892098500626e-16
reflection_061_case_03,B,14,1.1590030226626686,0.9328047042410462,0.9988209815422261,0.9988209815422262,0.0,1.1102230246251565e-16
reflection_061_case_03,B,15,1.1637544475921677,0.9395242338169414,0.9988209815422261,0.9988209815422264,0.0,3.3306690738754696e-16
reflection_061_case_03,B,16,1.168030730028717,0.9455718104352472,0.9988209815422262,0.9988209815422262,1.1102230246251565e-16,1.1102230246251565e-16
reflection_061_case_03,B,17,1.1718793842216115,0.9510146293917225,0.9988209815422261,0.9988209815422261,0.0,0.0
reflection_061_case_03,B,18,1.1753431729952162,0.9559131664525503,0.9988209815422261,0.9988209815422262,0.0,1.1102230246251565e-16
reflection_061_case_03,B,19,1.1784605828914607,0.9603218498072952,0.9988209815422261,0.9988209815422264,0.0,3.3306690738754696e-16
reflection_061_case_03,B,20,1.181266251798081,0.9642896648265658,0.9988209815422261,0.9988209815422262,0.0,1.1102230246251565e-16
reflection_061_case_03,B,21,1.1837913538140388,0.9678606983439091,0.9988209815422261,0.9988209815422261,0.0,0.0
reflection_061_case_03,B,22,1.1860639456284008,0.9710746285095182,0.9988209815422261,0.998820981542226,0.0,1.1102230246251565e-16
reflection_061_case_03,B,23,1.188109278261327,0.9739671656585664,0.9988209815422262,0.9988209815422265,1.1102230246251565e-16,4.440892098500626e-16
reflection_061_case_03,B,24,1.1899500776309604,0.9765704490927098,0.9988209815422262,0.9988209815422264,1.1102230246251565e-16,3.3306690738754696e-16
reflection_061_case_03,B,25,1.1916067970636304,0.9789134041834389,0.9988209815422261,0.9988209815422262,0.0,1.1102230246251565e-16
reflection_061_case_03,B,26,1.1930978445530334,0.9810220637650949,0.9988209815422262,0.9988209815422265,1.1102230246251565e-16,4.440892098500626e-16
reflection_061_case_03,B,27,1.1944397872934962,0.9829198573885853,0.9988209815422263,0.9988209815422264,2.220446049250313e-16,3.3306690738754696e-16
reflection_061_case_03,B,28,1.1956475357599126,0.9846278716497269,0.9988209815422263,0.9988209815422262,2.220446049250313e-16,1.1102230246251565e-16
reflection_061_case_03,B,29,1.1967345093796875,0.9861650844847542,0.9988209815422263,0.9988209815422265,2.220446049250313e-16,4.440892098500626e-16
reflection_061_case_03,B,30,1.197712785637485,0.9875485760362788,0.9988209815422263,0.9988209815422265,2.220446049250313e-16,4.440892098500626e-16
reflection_061_case_03,B,31,1.1985932342695023,0.988793718432651,0.9988209815422263,0.9988209815422265,2.220446049250313e-16,4.440892098500626e-16
reflection_061_case_03,B,32,1.199385638038318,0.9899143465893858,0.9988209815422263,0.9988209815422264,2.220446049250313e-16,3.3306690738754696e-16
reflection_061_case_03,B,33,1.2000988014302525,0.9909229119304473,0.9988209815422265,0.9988209815422265,4.440892098500626e-16,4.440892098500626e-16
reflection_061_case_03,B,34,1.2007406484829932,0.9918306207374025,0.9988209815422264,0.9988209815422266,3.3306690738754696e-16,5.551115123125783e-16
reflection_061_case_03,B,35,1.2013183108304601,0.992647558663662,0.9988209815422265,0.9988209815422265,4.440892098500626e-16,4.440892098500626e-16
reflection_061_case_03,B,36,1.20183820694318,0.9933828027972961,0.9988209815422265,0.9988209815422266,4.440892098500626e-16,5.551115123125783e-16
reflection_061_case_03,B,37,1.2023061134446282,0.9940445225175666,0.9988209815422265,0.9988209815422266,4.440892098500626e-16,5.551115123125783e-16
reflection_061_case_03,B,38,1.2027272292959315,0.9946400702658099,0.9988209815422263,0.9988209815422266,2.220446049250313e-16,5.551115123125783e-16
reflection_061_case_03,B,39,1.2031062335621043,0.9951760632392286,0.9988209815422265,0.9988209815422265,4.440892098500626e-16,4.440892098500626e-16
reflection_061_case_03,B,40,1.20344733740166,0.9956584569153057,0.9988209815422265,0.9988209815422265,4.440892098500626e-16,4.440892098500626e-16
reflection_061_case_03,B,41,1.2037543308572602,0.9960926112237753,0.9988209815422265,0.9988209815422266,4.440892098500626e-16,5.551115123125783e-16
reflection_061_case_03,B,42,1.2040306249673,0.9964833501013977,0.9988209815422265,0.9988209815422266,4.440892098500626e-16,5.551115123125783e-16
reflection_061_case_03,B,43,1.2042792896663361,0.9968350150912578,0.9988209815422265,0.9988209815422266,4.440892098500626e-16,5.551115123125783e-16
reflection_061_case_03,B,44,1.2045030878954686,0.9971515135821322,0.9988209815422264,0.9988209815422265,3.3306690738754696e-16,4.440892098500626e-16
reflection_061_case_03,B,45,1.204704506301688,0.997436362223919,0.9988209815422264,0.9988209815422266,3.3306690738754696e-16,5.551115123125783e-16
reflection_061_case_03,B,46,1.2048857828672852,0.9976927260015271,0.9988209815422265,0.9988209815422265,4.440892098500626e-16,4.440892098500626e-16
reflection_061_case_03,B,47,1.2050489317763229,0.9979234534013743,0.9988209815422265,0.9988209815422265,4.440892098500626e-16,4.440892098500626e-16
reflection_061_case_03,B,48,1.2051957657944565,0.9981311080612371,0.9988209815422265,0.9988209815422266,4.440892098500626e-16,5.551115123125783e-16
reflection_061_case_03,B,49,1.2053279164107769,0.998317997255113,0.9988209815422265,0.9988209815422265,4.440892098500626e-16,4.440892098500626e-16
reflection_061_case_03,B,50,1.2054468519654655,0.998486197529602,0.9988209815422265,0.9988209815422265,4.440892098500626e-16,4.440892098500626e-16
reflection_061_case_03,B,51,1.205553893964685,0.9986375777766416,0.9988209815422265,0.9988209815422265,4.440892098500626e-16,4.440892098500626e-16
reflection_061_case_03,B,52,1.2056502317639826,0.9987738199989776,0.9988209815422265,0.9988209815422266,4.440892098500626e-16,5.551115123125783e-16
reflection_061_case_03,B,53,1.2057369357833503,0.9988964379990796,0.9988209815422265,0.9988209815422269,4.440892098500626e-16,7.771561172376096e-16
reflection_061_case_03,B,54,1.2058149694007814,0.9990067941991717,0.9988209815422265,0.9988209815422269,4.440892098500626e-16,7.771561172376096e-16
reflection_061_case_03,B,55,1.2058851996564692,0.9991061147792546,0.9988209815422265,0.9988209815422269,4.440892098500626e-16,7.771561172376096e-16
reflection_061_case_03,B,56,1.2059484068865882,0.9991955033013291,0.9988209815422263,0.9988209815422265,2.220446049250313e-16,4.440892098500626e-16
reflection_061_case_03,B,57,1.2060052933936956,0.9992759529711962,0.9988209815422264,0.9988209815422266,3.3306690738754696e-16,5.551115123125783e-16
reflection_061_case_03,B,58,1.2060564912500922,0.9993483576740765,0.9988209815422263,0.9988209815422265,2.220446049250313e-16,4.440892098500626e-16
reflection_061_case_03,B,59,1.2061025693208487,0.9994135219066688,0.9988209815422263,0.9988209815422265,2.220446049250313e-16,4.440892098500626e-16
reflection_061_case_03,B,60,1.20614403958453,0.9994721697160018,0.9988209815422263,0.9988209815422265,2.220446049250313e-16,4.440892098500626e-16
reflection_061_case_03,B,61,1.206181362821843,0.9995249527444015,0.9988209815422263,0.9988209815422265,2.220446049250313e-16,4.440892098500626e-16
reflection_061_case_03,B,62,1.2062149537354248,0.9995724574699615,0.9988209815422262,0.9988209815422262,1.1102230246251565e-16,1.1102230246251565e-16
reflection_061_case_03,B,63,1.2062451855576484,0.9996152117229653,0.9988209815422261,0.9988209815422262,0.0,1.1102230246251565e-16
reflection_061_case_03,B,64,1.2062723941976494,0.9996536905506687,0.9988209815422261,0.9988209815422262,0.0,1.1102230246251565e-16
reflection_061_case_04,A,1,-0.1,0.0,,,,
reflection_061_case_04,A,2,-0.19,-1.3877787807814457e-17,,,,
reflection_061_case_04,A,3,-0.271,0.0,,,,
reflection_061_case_04,A,4,-0.3439,-2.7755575615628914e-17,,,,
reflection_061_case_04,A,5,-0.40951,2.7755575615628914e-17,,,,
reflection_061_case_04,A,6,-0.46855899999999995,0.0,,,,
reflection_061_case_04,A,7,-0.5217031,0.0,,,,
reflection_061_case_04,A,8,-0.56953279,0.0,,,,
reflection_061_case_04,A,9,-0.6125795110000001,-5.551115123125783e-17,,,,
reflection_061_case_04,A,10,-0.6513215599,0.0,,,,
reflection_061_case_04,A,11,-0.6861894039099999,0.0,,,,
reflection_061_case_04,A,12,-0.717570463519,5.551115123125783e-17,,,,
reflection_061_case_04,A,13,-0.7458134171671,-5.551115123125783e-17,,,,
reflection_061_case_04,A,14,-0.7712320754503901,-5.551115123125783e-17,,,,
reflection_061_case_04,A,15,-0.794108867905351,5.551115123125783e-17,,,,
reflection_061_case_04,A,16,-0.8146979811148158,5.551115123125783e-17,,,,
reflection_061_case_04,A,17,-0.8332281830033343,0.0,,,,
reflection_061_case_04,A,18,-0.8499053647030008,5.551115123125783e-17,,,,
reflection_061_case_04,A,19,-0.8649148282327008,0.0,,,,
reflection_061_case_04,A,20,-0.8784233454094308,0.0,,,,
reflection_061_case_04,A,21,-0.8905810108684877,5.551115123125783e-17,,,,
reflection_061_case_04,A,22,-0.9015229097816388,5.551115123125783e-17,,,,
reflection_061_case_04,A,23,-0.911370618803475,1.1102230246251565e-16,,,,
reflection_061_case_04,A,24,-0.9202335569231275,1.1102230246251565e-16,,,,
reflection_061_case_04,A,25,-0.9282102012308147,1.6653345369377348e-16,,,,
reflection_061_case_04,A,26,-0.9353891811077333,1.1102230246251565e-16,,,,
reflection_061_case_04,A,27,-0.9418502629969601,1.1102230246251565e-16,,,,
reflection_061_case_04,A,28,-0.947665236697264,1.1102230246251565e-16,,,,
reflection_061_case_04,A,29,-0.9528987130275377,5.551115123125783e-17,,,,
reflection_061_case_04,A,30,-0.9576088417247839,0.0,,,,
reflection_061_case_04,A,31,-0.9618479575523055,1.1102230246251565e-16,,,,
reflection_061_case_04,A,32,-0.9656631617970748,5.551115123125783e-17,,,,
reflection_061_case_04,A,33,-0.9690968456173674,1.1102230246251565e-16,,,,
reflection_061_case_04,A,34,-0.9721871610556307,5.551115123125783e-17,,,,
reflection_061_case_04,A,35,-0.9749684449500677,5.551115123125783e-17,,,,
reflection_061_case_04,A,36,-0.9774716004550608,5.551115123125783e-17,,,,
reflection_061_case_04,A,37,-0.9797244404095548,1.1102230246251565e-16,,,,
reflection_061_case_04,A,38,-0.9817519963685992,1.1102230246251565e-16,,,,
reflection_061_case_04,A,39,-0.9835767967317393,5.551115123125783e-17,,,,
reflection_061_case_04,A,40,-0.9852191170585654,1.1102230246251565e-16,,,,
reflection_061_case_04,A,41,-0.9866972053527088,1.1102230246251565e-16,,,,
reflection_061_case_04,A,42,-0.988027484817438,5.551115123125783e-17,,,,
reflection_061_case_04,A,43,-0.9892247363356942,1.1102230246251565e-16,,,,
reflection_061_case_04,A,44,-0.9903022627021247,5.551115123125783e-17,,,,
reflection_061_case_04,A,45,-0.9912720364319123,1.1102230246251565e-16,,,,
reflection_061_case_04,A,46,-0.9921448327887211,1.1102230246251565e-16,,,,
reflection_061_case_04,A,47,-0.992930349509849,5.551115123125783e-17,,,,
reflection_061_case_04,A,48,-0.9936373145588642,0.0,,,,
reflection_061_case_04,A,49,-0.9942735831029779,-5.551115123125783e-17,,,,
reflection_061_case_04,A,50,-0.99484622479268,0.0,,,,
reflection_061_case_04,A,51,-0.995361602313412,-5.551115123125783e-17,,,,
reflection_061_case_04,A,52,-0.9958254420820707,-1.1102230246251565e-16,,,,
reflection_061_case_04,A,53,-0.9962428978738637,-1.1102230246251565e-16,,,,
reflection_061_case_04,A,54,-0.9966186080864773,-1.1102230246251565e-16,,,,
reflection_061_case_04,A,55,-0.9969567472778296,-1.6653345369377348e-16,,,,
reflection_061_case_04,A,56,-0.9972610725500467,-1.1102230246251565e-16,,,,
reflection_061_case_04,A,57,-0.997534965295042,-1.6653345369377348e-16,,,,
reflection_061_case_04,A,58,-0.997781468765538,-1.6653345369377348e-16,,,,
reflection_061_case_04,A,59,-0.9980033218889841,-1.1102230246251565e-16,,,,
reflection_061_case_04,A,60,-0.9982029897000857,-1.1102230246251565e-16,,,,
reflection_061_case_04,A,61,-0.998382690730077,-1.1102230246251565e-16,,,,
reflection_061_case_04,A,62,-0.9985444216570694,-1.1102230246251565e-16,,,,
reflection_061_case_04,A,63,-0.9986899794913624,-1.1102230246251565e-16,,,,
reflection_061_case_04,A,64,-0.9988209815422261,-5.551115123125783e-17,,,,
reflection_061_case_04,B,1,-0.9988209815422261,-0.10000000000000009,-0.9988209815422261,-0.9988209815422262,0.0,1.1102230246251565e-16
reflection_061_case_04,B,2,-0.9988209815422261,-0.19000000000000006,-0.9988209815422261,-0.9988209815422262,0.0,1.1102230246251565e-16
reflection_061_case_04,B,3,-0.9988209815422262,-0.27100000000000013,-0.9988209815422262,-0.9988209815422262,1.1102230246251565e-16,1.1102230246251565e-16
reflection_061_case_04,B,4,-0.998820981542226,-0.3439,-0.998820981542226,-0.9988209815422262,1.1102230246251565e-16,1.1102230246251565e-16
reflection_061_case_04,B,5,-0.9988209815422262,-0.40951000000000004,-0.9988209815422262,-0.9988209815422262,1.1102230246251565e-16,1.1102230246251565e-16
reflection_061_case_04,B,6,-0.9988209815422262,-0.46855900000000006,-0.9988209815422262,-0.9988209815422262,1.1102230246251565e-16,1.1102230246251565e-16
reflection_061_case_04,B,7,-0.9988209815422262,-0.5217031000000001,-0.9988209815422262,-0.9988209815422264,1.1102230246251565e-16,3.3306690738754696e-16
reflection_061_case_04,B,8,-0.9988209815422261,-0.5695327900000001,-0.9988209815422261,-0.9988209815422262,0.0,1.1102230246251565e-16
reflection_061_case_04,B,9,-0.9988209815422262,-0.6125795110000001,-0.9988209815422262,-0.9988209815422262,1.1102230246251565e-16,1.1102230246251565e-16
reflection_061_case_04,B,10,-0.9988209815422262,-0.6513215599000001,-0.9988209815422262,-0.9988209815422264,1.1102230246251565e-16,3.3306690738754696e-16
reflection_061_case_04,B,11,-0.9988209815422261,-0.68618940391,-0.9988209815422261,-0.9988209815422262,0.0,1.1102230246251565e-16
reflection_061_case_04,B,12,-0.9988209815422261,-0.717570463519,-0.9988209815422261,-0.9988209815422264,0.0,3.3306690738754696e-16
reflection_061_case_04,B,13,-0.9988209815422262,-0.7458134171671,-0.9988209815422262,-0.9988209815422262,1.1102230246251565e-16,1.1102230246251565e-16
reflection_061_case_04,B,14,-0.9988209815422262,-0.7712320754503901,-0.9988209815422262,-0.9988209815422262,1.1102230246251565e-16,1.1102230246251565e-16
reflection_061_case_04,B,15,-0.9988209815422261,-0.7941088679053511,-0.9988209815422261,-0.9988209815422264,0.0,3.3306690738754696e-16
reflection_061_case_04,B,16,-0.9988209815422262,-0.8146979811148161,-0.9988209815422262,-0.9988209815422265,1.1102230246251565e-16,4.440892098500626e-16
reflection_061_case_04,B,17,-0.9988209815422262,-0.8332281830033343,-0.9988209815422262,-0.9988209815422262,1.1102230246251565e-16,1.1102230246251565e-16
reflection_061_case_04,B,18,-0.9988209815422262,-0.8499053647030009,-0.9988209815422262,-0.9988209815422265,1.1102230246251565e-16,4.440892098500626e-16
reflection_061_case_04,B,19,-0.9988209815422262,-0.8649148282327008,-0.9988209815422262,-0.9988209815422265,1.1102230246251565e-16,4.440892098500626e-16
reflection_061_case_04,B,20,-0.9988209815422263,-0.8784233454094309,-0.9988209815422263,-0.9988209815422265,2.220446049250313e-16,4.440892098500626e-16
reflection_061_case_04,B,21,-0.9988209815422264,-0.8905810108684877,-0.9988209815422264,-0.9988209815422266,3.3306690738754696e-16,5.551115123125783e-16
reflection_061_case_04,B,22,-0.9988209815422264,-0.9015229097816391,-0.9988209815422264,-0.9988209815422265,3.3306690738754696e-16,4.440892098500626e-16
reflection_061_case_04,B,23,-0.9988209815422263,-0.9113706188034751,-0.9988209815422263,-0.9988209815422265,2.220446049250313e-16,4.440892098500626e-16
reflection_061_case_04,B,24,-0.9988209815422264,-0.9202335569231277,-0.9988209815422264,-0.9988209815422266,3.3306690738754696e-16,5.551115123125783e-16
reflection_061_case_04,B,25,-0.9988209815422265,-0.9282102012308149,-0.9988209815422265,-0.9988209815422265,4.440892098500626e-16,4.440892098500626e-16
reflection_061_case_04,B,26,-0.9988209815422263,-0.9353891811077334,-0.9988209815422263,-0.9988209815422265,2.220446049250313e-16,4.440892098500626e-16
reflection_061_case_04,B,27,-0.9988209815422264,-0.94185026299696,-0.9988209815422264,-0.9988209815422265,3.3306690738754696e-16,4.440892098500626e-16
reflection_061_case_04,B,28,-0.9988209815422264,-0.947665236697264,-0.9988209815422264,-0.9988209815422266,3.3306690738754696e-16,5.551115123125783e-16
reflection_061_case_04,B,29,-0.9988209815422264,-0.9528987130275376,-0.9988209815422264,-0.9988209815422266,3.3306690738754696e-16,5.551115123125783e-16
reflection_061_case_04,B,30,-0.9988209815422262,-0.9576088417247837,-0.9988209815422262,-0.9988209815422265,1.1102230246251565e-16,4.440892098500626e-16
reflection_061_case_04,B,31,-0.9988209815422262,-0.9618479575523053,-0.9988209815422262,-0.9988209815422262,1.1102230246251565e-16,1.1102230246251565e-16
reflection_061_case_04,B,32,-0.9988209815422263,-0.9656631617970748,-0.9988209815422263,-0.9988209815422264,2.220446049250313e-16,3.3306690738754696e-16
reflection_061_case_04,B,33,-0.9988209815422262,-0.9690968456173674,-0.9988209815422262,-0.9988209815422265,1.1102230246251565e-16,4.440892098500626e-16
reflection_061_case_04,B,34,-0.9988209815422263,-0.9721871610556307,-0.9988209815422263,-0.9988209815422265,2.220446049250313e-16,4.440892098500626e-16
reflection_061_case_04,B,35,-0.9988209815422262,-0.9749684449500676,-0.9988209815422262,-0.9988209815422265,1.1102230246251565e-16,4.440892098500626e-16
reflection_061_case_04,B,36,-0.9988209815422263,-0.9774716004550608,-0.9988209815422263,-0.9988209815422264,2.220446049250313e-16,3.3306690738754696e-16
reflection_061_case_04,B,37,-0.9988209815422263,-0.9797244404095546,-0.9988209815422263,-0.9988209815422264,2.220446049250313e-16,3.3306690738754696e-16
reflection_061_case_04,B,38,-0.9988209815422262,-0.9817519963685991,-0.9988209815422262,-0.9988209815422262,1.1102230246251565e-16,1.1102230246251565e-16
reflection_061_case_04,B,39,-0.9988209815422262,-0.9835767967317393,-0.9988209815422262,-0.9988209815422262,1.1102230246251565e-16,1.1102230246251565e-16
reflection_061_case_04,B,40,-0.998820981542226,-0.9852191170585654,-0.998820981542226,-0.9988209815422262,1.1102230246251565e-16,1.1102230246251565e-16
reflection_061_case_04,B,41,-0.998820981542226,-0.9866972053527088,-0.998820981542226,-0.9988209815422262,1.1102230246251565e-16,1.1102230246251565e-16
reflection_061_case_04,B,42,-0.998820981542226,-0.988027484817438,-0.998820981542226,-0.9988209815422262,1.1102230246251565e-16,1.1102230246251565e-16
reflection_061_case_04,B,43,-0.998820981542226,-0.9892247363356942,-0.998820981542226,-0.9988209815422262,1.1102230246251565e-16,1.1102230246251565e-16
reflection_061_case_04,B,44,-0.9988209815422261,-0.9903022627021247,-0.9988209815422261,-0.9988209815422264,0.0,3.3306690738754696e-16
reflection_061_case_04,B,45,-0.9988209815422261,-0.9912720364319122,-0.9988209815422261,-0.9988209815422264,0.0,3.3306690738754696e-16
reflection_061_case_04,B,46,-0.9988209815422262,-0.992144832788721,-0.9988209815422262,-0.9988209815422262,1.1102230246251565e-16,1.1102230246251565e-16
reflection_061_case_04,B,47,-0.998820981542226,-0.9929303495098488,-0.998820981542226,-0.9988209815422262,1.1102230246251565e-16,1.1102230246251565e-16
reflection_061_case_04,B,48,-0.998820981542226,-0.993637314558864,-0.998820981542226,-0.9988209815422262,1.1102230246251565e-16,1.1102230246251565e-16
reflection_061_case_04,B,49,-0.998820981542226,-0.9942735831029775,-0.998820981542226,-0.9988209815422262,1.1102230246251565e-16,1.1102230246251565e-16
reflection_061_case_04,B,50,-0.998820981542226,-0.9948462247926798,-0.998820981542226,-0.9988209815422262,1.1102230246251565e-16,1.1102230246251565e-16
reflection_061_case_04,B,51,-0.998820981542226,-0.9953616023134118,-0.998820981542226,-0.9988209815422262,1.1102230246251565e-16,1.1102230246251565e-16
reflection_061_case_04,B,52,-0.998820981542226,-0.9958254420820706,-0.998820981542226,-0.998820981542226,1.1102230246251565e-16,1.1102230246251565e-16
reflection_061_case_04,B,53,-0.998820981542226,-0.9962428978738636,-0.998820981542226,-0.9988209815422262,1.1102230246251565e-16,1.1102230246251565e-16
reflection_061_case_04,B,54,-0.9988209815422261,-0.9966186080864772,-0.9988209815422261,-0.9988209815422261,0.0,0.0
reflection_061_case_04,B,55,-0.998820981542226,-0.9969567472778295,-0.998820981542226,-0.9988209815422262,1.1102230246251565e-16,1.1102230246251565e-16
reflection_061_case_04,B,56,-0.998820981542226,-0.9972610725500465,-0.998820981542226,-0.998820981542226,1.1102230246251565e-16,1.1102230246251565e-16
reflection_061_case_04,B,57,-0.998820981542226,-0.9975349652950419,-0.998820981542226,-0.9988209815422262,1.1102230246251565e-16,1.1102230246251565e-16
reflection_061_case_04,B,58,-0.998820981542226,-0.9977814687655377,-0.998820981542226,-0.9988209815422262,1.1102230246251565e-16,1.1102230246251565e-16
reflection_061_case_04,B,59,-0.9988209815422261,-0.9980033218889839,-0.9988209815422261,-0.9988209815422261,0.0,0.0
reflection_061_case_04,B,60,-0.998820981542226,-0.9982029897000856,-0.998820981542226,-0.9988209815422262,1.1102230246251565e-16,1.1102230246251565e-16
reflection_061_case_04,B,61,-0.9988209815422261,-0.998382690730077,-0.9988209815422261,-0.9988209815422261,0.0,0.0
reflection_061_case_04,B,62,-0.9988209815422259,-0.9985444216570692,-0.9988209815422259,-0.9988209815422261,2.220446049250313e-16,0.0
reflection_061_case_04,B,63,-0.998820981542226,-0.9986899794913623,-0.998820981542226,-0.9988209815422262,1.1102230246251565e-16,1.1102230246251565e-16
reflection_061_case_04,B,64,-0.998820981542226,-0.998820981542226,-0.998820981542226,-0.998820981542226,1.1102230246251565e-16,1.1102230246251565e-16
reflection_061_case_05,A,1,-0.1,0.0,,,,
reflection_061_case_05,A,2,-0.19,-1.3877787807814457e-17,,,,
reflection_061_case_05,A,3,-0.271,0.0,,,,
reflection_061_case_05,A,4,-0.3439,-2.7755575615628914e-17,,,,
reflection_061_case_05,A,5,-0.40951,2.7755575615628914e-17,,,,
reflection_061_case_05,A,6,-0.46855899999999995,0.0,,,,
reflection_061_case_05,A,7,-0.5217031,0.0,,,,
reflection_061_case_05,A,8,-0.56953279,0.0,,,,
reflection_061_case_05,A,9,-0.6125795110000001,-5.551115123125783e-17,,,,
reflection_061_case_05,A,10,-0.6513215599,0.0,,,,
reflection_061_case_05,A,11,-0.6861894039099999,0.0,,,,
reflection_061_case_05,A,12,-0.717570463519,5.551115123125783e-17,,,,
reflection_061_case_05,A,13,-0.7458134171671,-5.551115123125783e-17,,,,
reflection_061_case_05,A,14,-0.7712320754503901,-5.551115123125783e-17,,,,
reflection_061_case_05,A,15,-0.794108867905351,5.551115123125783e-17,,,,
reflection_061_case_05,A,16,-0.8146979811148158,5.551115123125783e-17,,,,
reflection_061_case_05,A,17,-0.8332281830033343,0.0,,,,
reflection_061_case_05,A,18,-0.8499053647030008,5.551115123125783e-17,,,,
reflection_061_case_05,A,19,-0.8649148282327008,0.0,,,,
reflection_061_case_05,A,20,-0.8784233454094308,0.0,,,,
reflection_061_case_05,A,21,-0.8905810108684877,5.551115123125783e-17,,,,
reflection_061_case_05,A,22,-0.9015229097816388,5.551115123125783e-17,,,,
reflection_061_case_05,A,23,-0.911370618803475,1.1102230246251565e-16,,,,
reflection_061_case_05,A,24,-0.9202335569231275,1.1102230246251565e-16,,,,
reflection_061_case_05,A,25,-0.9282102012308147,1.6653345369377348e-16,,,,
reflection_061_case_05,A,26,-0.9353891811077333,1.1102230246251565e-16,,,,
reflection_061_case_05,A,27,-0.9418502629969601,1.1102230246251565e-16,,,,
reflection_061_case_05,A,28,-0.947665236697264,1.1102230246251565e-16,,,,
reflection_061_case_05,A,29,-0.9528987130275377,5.551115123125783e-17,,,,
reflection_061_case_05,A,30,-0.9576088417247839,0.0,,,,
reflection_061_case_05,A,31,-0.9618479575523055,1.1102230246251565e-16,,,,
reflection_061_case_05,A,32,-0.9656631617970748,5.551115123125783e-17,,,,
reflection_061_case_05,A,33,-0.9690968456173674,1.1102230246251565e-16,,,,
reflection_061_case_05,A,34,-0.9721871610556307,5.551115123125783e-17,,,,
reflection_061_case_05,A,35,-0.9749684449500677,5.551115123125783e-17,,,,
reflection_061_case_05,A,36,-0.9774716004550608,5.551115123125783e-17,,,,
reflection_061_case_05,A,37,-0.9797244404095548,1.1102230246251565e-16,,,,
reflection_061_case_05,A,38,-0.9817519963685992,1.1102230246251565e-16,,,,
reflection_061_case_05,A,39,-0.9835767967317393,5.551115123125783e-17,,,,
reflection_061_case_05,A,40,-0.9852191170585654,1.1102230246251565e-16,,,,
reflection_061_case_05,A,41,-0.9866972053527088,1.1102230246251565e-16,,,,
reflection_061_case_05,A,42,-0.988027484817438,5.551115123125783e-17,,,,
reflection_061_case_05,A,43,-0.9892247363356942,1.1102230246251565e-16,,,,
reflection_061_case_05,A,44,-0.9903022627021247,5.551115123125783e-17,,,,
reflection_061_case_05,A,45,-0.9912720364319123,1.1102230246251565e-16,,,,
reflection_061_case_05,A,46,-0.9921448327887211,1.1102230246251565e-16,,,,
reflection_061_case_05,A,47,-0.992930349509849,5.551115123125783e-17,,,,
reflection_061_case_05,A,48,-0.9936373145588642,0.0,,,,
reflection_061_case_05,A,49,-0.9942735831029779,-5.551115123125783e-17,,,,
reflection_061_case_05,A,50,-0.99484622479268,0.0,,,,
reflection_061_case_05,A,51,-0.995361602313412,-5.551115123125783e-17,,,,
reflection_061_case_05,A,52,-0.9958254420820707,-1.1102230246251565e-16,,,,
reflection_061_case_05,A,53,-0.9962428978738637,-1.1102230246251565e-16,,,,
reflection_061_case_05,A,54,-0.9966186080864773,-1.1102230246251565e-16,,,,
reflection_061_case_05,A,55,-0.9969567472778296,-1.6653345369377348e-16,,,,
reflection_061_case_05,A,56,-0.9972610725500467,-1.1102230246251565e-16,,,,
reflection_061_case_05,A,57,-0.997534965295042,-1.6653345369377348e-16,,,,
reflection_061_case_05,A,58,-0.997781468765538,-1.6653345369377348e-16,,,,
reflection_061_case_05,A,59,-0.9980033218889841,-1.1102230246251565e-16,,,,
reflection_061_case_05,A,60,-0.9982029897000857,-1.1102230246251565e-16,,,,
reflection_061_case_05,A,61,-0.998382690730077,-1.1102230246251565e-16,,,,
reflection_061_case_05,A,62,-0.9985444216570694,-1.1102230246251565e-16,,,,
reflection_061_case_05,A,63,-0.9986899794913624,-1.1102230246251565e-16,,,,
reflection_061_case_05,A,64,-0.9988209815422261,-5.551115123125783e-17,,,,
reflection_061_case_05,B,1,-0.9988209815422262,0.10000000000000003,-0.9988209815422262,-0.9988209815422262,1.1102230246251565e-16,1.1102230246251565e-16
reflection_061_case_05,B,2,-0.9988209815422261,0.19,-0.9988209815422261,-0.9988209815422262,0.0,1.1102230246251565e-16
reflection_061_case_05,B,3,-0.9988209815422261,0.2709999999999999,-0.9988209815422261,-0.9988209815422262,0.0,1.1102230246251565e-16
reflection_061_case_05,B,4,-0.9988209815422262,0.3439,-0.9988209815422262,-0.9988209815422262,1.1102230246251565e-16,1.1102230246251565e-16
reflection_061_case_05,B,5,-0.9988209815422262,0.4095099999999999,-0.9988209815422262,-0.9988209815422262,1.1102230246251565e-16,1.1102230246251565e-16
reflection_061_case_05,B,6,-0.9988209815422262,0.4685589999999999,-0.9988209815422262,-0.9988209815422262,1.1102230246251565e-16,1.1102230246251565e-16
reflection_061_case_05,B,7,-0.9988209815422261,0.5217031,-0.9988209815422261,-0.9988209815422262,0.0,1.1102230246251565e-16
reflection_061_case_05,B,8,-0.998820981542226,0.56953279,-0.998820981542226,-0.9988209815422261,1.1102230246251565e-16,0.0
reflection_061_case_05,B,9,-0.9988209815422261,0.6125795110000001,-0.9988209815422261,-0.9988209815422262,0.0,1.1102230246251565e-16
reflection_061_case_05,B,10,-0.9988209815422261,0.6513215599,-0.9988209815422261,-0.9988209815422262,0.0,1.1102230246251565e-16
reflection_061_case_05,B,11,-0.9988209815422262,0.68618940391,-0.9988209815422262,-0.9988209815422262,1.1102230246251565e-16,1.1102230246251565e-16
reflection_061_case_05,B,12,-0.998820981542226,0.717570463519,-0.998820981542226,-0.998820981542226,1.1102230246251565e-16,1.1102230246251565e-16
reflection_061_case_05,B,13,-0.9988209815422261,0.7458134171671,-0.9988209815422261,-0.9988209815422261,0.0,0.0
reflection_061_case_05,B,14,-0.9988209815422262,0.7712320754503901,-0.9988209815422262,-0.9988209815422262,1.1102230246251565e-16,1.1102230246251565e-16
reflection_061_case_05,B,15,-0.9988209815422261,0.7941088679053512,-0.9988209815422261,-0.9988209815422262,0.0,1.1102230246251565e-16
reflection_061_case_05,B,16,-0.9988209815422262,0.814697981114816,-0.9988209815422262,-0.9988209815422262,1.1102230246251565e-16,1.1102230246251565e-16
reflection_061_case_05,B,17,-0.9988209815422262,0.8332281830033343,-0.9988209815422262,-0.9988209815422262,1.1102230246251565e-16,1.1102230246251565e-16
reflection_061_case_05,B,18,-0.9988209815422262,0.849905364703001,-0.9988209815422262,-0.9988209815422262,1.1102230246251565e-16,1.1102230246251565e-16
reflection_061_case_05,B,19,-0.9988209815422262,0.8649148282327008,-0.9988209815422262,-0.9988209815422262,1.1102230246251565e-16,1.1102230246251565e-16
reflection_061_case_05,B,20,-0.9988209815422262,0.8784233454094308,-0.9988209815422262,-0.9988209815422262,1.1102230246251565e-16,1.1102230246251565e-16
reflection_061_case_05,B,21,-0.9988209815422262,0.8905810108684878,-0.9988209815422262,-0.9988209815422262,1.1102230246251565e-16,1.1102230246251565e-16
reflection_061_case_05,B,22,-0.9988209815422261,0.9015229097816388,-0.9988209815422261,-0.9988209815422261,0.0,0.0
reflection_061_case_05,B,23,-0.9988209815422261,0.911370618803475,-0.9988209815422261,-0.9988209815422261,0.0,0.0
reflection_061_case_05,B,24,-0.9988209815422262,0.9202335569231276,-0.9988209815422262,-0.9988209815422262,1.1102230246251565e-16,1.1102230246251565e-16
reflection_061_case_05,B,25,-0.9988209815422261,0.9282102012308149,-0.9988209815422261,-0.9988209815422262,0.0,1.1102230246251565e-16
reflection_061_case_05,B,26,-0.998820981542226,0.9353891811077332,-0.998820981542226,-0.9988209815422261,1.1102230246251565e-16,0.0
reflection_061_case_05,B,27,-0.998820981542226,0.94185026299696,-0.998820981542226,-0.9988209815422261,1.1102230246251565e-16,0.0
reflection_061_case_05,B,28,-0.9988209815422262,0.9476652366972641,-0.9988209815422262,-0.9988209815422262,1.1102230246251565e-16,1.1102230246251565e-16
reflection_061_case_05,B,29,-0.9988209815422262,0.9528987130275375,-0.9988209815422262,-0.9988209815422262,1.1102230246251565e-16,1.1102230246251565e-16
reflection_061_case_05,B,30,-0.9988209815422261,0.9576088417247837,-0.9988209815422261,-0.9988209815422262,0.0,1.1102230246251565e-16
reflection_061_case_05,B,31,-0.9988209815422261,0.9618479575523055,-0.9988209815422261,-0.9988209815422261,0.0,0.0
reflection_061_case_05,B,32,-0.998820981542226,0.9656631617970749,-0.998820981542226,-0.9988209815422261,1.1102230246251565e-16,0.0
reflection_061_case_05,B,33,-0.998820981542226,0.9690968456173674,-0.998820981542226,-0.998820981542226,1.1102230246251565e-16,1.1102230246251565e-16
reflection_061_case_05,B,34,-0.9988209815422261,0.9721871610556306,-0.9988209815422261,-0.9988209815422261,0.0,0.0
reflection_061_case_05,B,35,-0.9988209815422261,0.9749684449500675,-0.9988209815422261,-0.9988209815422261,0.0,0.0
reflection_061_case_05,B,36,-0.9988209815422261,0.977471600455061,-0.9988209815422261,-0.9988209815422261,0.0,0.0
reflection_061_case_05,B,37,-0.9988209815422261,0.9797244404095549,-0.9988209815422261,-0.9988209815422261,0.0,0.0
reflection_061_case_05,B,38,-0.998820981542226,0.9817519963685992,-0.998820981542226,-0.998820981542226,1.1102230246251565e-16,1.1102230246251565e-16
reflection_061_case_05,B,39,-0.998820981542226,0.9835767967317394,-0.998820981542226,-0.998820981542226,1.1102230246251565e-16,1.1102230246251565e-16
reflection_061_case_05,B,40,-0.998820981542226,0.9852191170585656,-0.998820981542226,-0.9988209815422261,1.1102230246251565e-16,0.0
reflection_061_case_05,B,41,-0.998820981542226,0.9866972053527089,-0.998820981542226,-0.998820981542226,1.1102230246251565e-16,1.1102230246251565e-16
reflection_061_case_05,B,42,-0.998820981542226,0.9880274848174379,-0.998820981542226,-0.998820981542226,1.1102230246251565e-16,1.1102230246251565e-16
reflection_061_case_05,B,43,-0.9988209815422259,0.9892247363356939,-0.9988209815422259,-0.998820981542226,2.220446049250313e-16,1.1102230246251565e-16
reflection_061_case_05,B,44,-0.998820981542226,0.9903022627021247,-0.998820981542226,-0.998820981542226,1.1102230246251565e-16,1.1102230246251565e-16
reflection_061_case_05,B,45,-0.9988209815422259,0.9912720364319123,-0.9988209815422259,-0.998820981542226,2.220446049250313e-16,1.1102230246251565e-16
reflection_061_case_05,B,46,-0.998820981542226,0.9921448327887209,-0.998820981542226,-0.998820981542226,1.1102230246251565e-16,1.1102230246251565e-16
reflection_061_case_05,B,47,-0.998820981542226,0.9929303495098488,-0.998820981542226,-0.998820981542226,1.1102230246251565e-16,1.1102230246251565e-16
reflection_061_case_05,B,48,-0.998820981542226,0.9936373145588641,-0.998820981542226,-0.998820981542226,1.1102230246251565e-16,1.1102230246251565e-16
reflection_061_case_05,B,49,-0.998820981542226,0.9942735831029776,-0.998820981542226,-0.998820981542226,1.1102230246251565e-16,1.1102230246251565e-16
reflection_061_case_05,B,50,-0.998820981542226,0.9948462247926799,-0.998820981542226,-0.998820981542226,1.1102230246251565e-16,1.1102230246251565e-16
reflection_061_case_05,B,51,-0.998820981542226,0.9953616023134119,-0.998820981542226,-0.998820981542226,1.1102230246251565e-16,1.1102230246251565e-16
reflection_061_case_05,B,52,-0.9988209815422261,0.9958254420820707,-0.9988209815422261,-0.9988209815422261,0.0,0.0
reflection_061_case_05,B,53,-0.998820981542226,0.9962428978738636,-0.998820981542226,-0.998820981542226,1.1102230246251565e-16,1.1102230246251565e-16
reflection_061_case_05,B,54,-0.9988209815422259,0.9966186080864771,-0.9988209815422259,-0.998820981542226,2.220446049250313e-16,1.1102230246251565e-16
reflection_061_case_05,B,55,-0.9988209815422259,0.9969567472778293,-0.9988209815422259,-0.998820981542226,2.220446049250313e-16,1.1102230246251565e-16
reflection_061_case_05,B,56,-0.998820981542226,0.9972610725500464,-0.998820981542226,-0.998820981542226,1.1102230246251565e-16,1.1102230246251565e-16
reflection_061_case_05,B,57,-0.998820981542226,0.9975349652950419,-0.998820981542226,-0.998820981542226,1.1102230246251565e-16,1.1102230246251565e-16
reflection_061_case_05,B,58,-0.998820981542226,0.9977814687655377,-0.998820981542226,-0.998820981542226,1.1102230246251565e-16,1.1102230246251565e-16
reflection_061_case_05,B,59,-0.998820981542226,0.9980033218889839,-0.998820981542226,-0.998820981542226,1.1102230246251565e-16,1.1102230246251565e-16
reflection_061_case_05,B,60,-0.998820981542226,0.9982029897000856,-0.998820981542226,-0.998820981542226,1.1102230246251565e-16,1.1102230246251565e-16
reflection_061_case_05,B,61,-0.998820981542226,0.998382690730077,-0.998820981542226,-0.998820981542226,1.1102230246251565e-16,1.1102230246251565e-16
reflection_061_case_05,B,62,-0.998820981542226,0.9985444216570692,-0.998820981542226,-0.998820981542226,1.1102230246251565e-16,1.1102230246251565e-16
reflection_061_case_05,B,63,-0.9988209815422259,0.9986899794913623,-0.9988209815422259,-0.998820981542226,2.220446049250313e-16,1.1102230246251565e-16
reflection_061_case_05,B,64,-0.9988209815422259,0.9988209815422261,-0.9988209815422259,-0.998820981542226,2.220446049250313e-16,1.1102230246251565e-16
reflection_061_case_06,A,1,0.1,0.0,,,,
reflection_061_case_06,A,2,0.19,1.3877787807814457e-17,,,,
reflection_061_case_06,A,3,0.271,0.0,,,,
reflection_061_case_06,A,4,0.3439,2.7755575615628914e-17,,,,
reflection_061_case_06,A,5,0.40951,-2.7755575615628914e-17,,,,
reflection_061_case_06,A,6,0.46855899999999995,0.0,,,,
reflection_061_case_06,A,7,0.5217031,0.0,,,,
reflection_061_case_06,A,8,0.56953279,0.0,,,,
reflection_061_case_06,A,9,0.6125795110000001,5.551115123125783e-17,,,,
reflection_061_case_06,A,10,0.6513215599,0.0,,,,
reflection_061_case_06,A,11,0.6861894039099999,0.0,,,,
reflection_061_case_06,A,12,0.717570463519,-5.551115123125783e-17,,,,
reflection_061_case_06,A,13,0.7458134171671,5.551115123125783e-17,,,,
reflection_061_case_06,A,14,0.7712320754503901,5.551115123125783e-17,,,,
reflection_061_case_06,A,15,0.794108867905351,-5.551115123125783e-17,,,,
reflection_061_case_06,A,16,0.8146979811148158,-5.551115123125783e-17,,,,
reflection_061_case_06,A,17,0.8332281830033343,0.0,,,,
reflection_061_case_06,A,18,0.8499053647030008,-5.551115123125783e-17,,,,
reflection_061_case_06,A,19,0.8649148282327008,0.0,,,,
reflection_061_case_06,A,20,0.8784233454094308,0.0,,,,
reflection_061_case_06,A,21,0.8905810108684877,-5.551115123125783e-17,,,,
reflection_061_case_06,A,22,0.9015229097816388,-5.551115123125783e-17,,,,
reflection_061_case_06,A,23,0.911370618803475,-1.1102230246251565e-16,,,,
reflection_061_case_06,A,24,0.9202335569231275,-1.1102230246251565e-16,,,,
reflection_061_case_06,A,25,0.9282102012308147,-1.6653345369377348e-16,,,,
reflection_061_case_06,A,26,0.9353891811077333,-1.1102230246251565e-16,,,,
reflection_061_case_06,A,27,0.9418502629969601,-1.1102230246251565e-16,,,,
reflection_061_case_06,A,28,0.947665236697264,-1.1102230246251565e-16,,,,
reflection_061_case_06,A,29,0.9528987130275377,-5.551115123125783e-17,,,,
reflection_061_case_06,A,30,0.9576088417247839,0.0,,,,
reflection_061_case_06,A,31,0.9618479575523055,-1.1102230246251565e-16,,,,
reflection_061_case_06,A,32,0.9656631617970748,-5.551115123125783e-17,,,,
reflection_061_case_06,A,33,0.9690968456173674,-1.1102230246251565e-16,,,,
reflection_061_case_06,A,34,0.9721871610556307,-5.551115123125783e-17,,,,
reflection_061_case_06,A,35,0.9749684449500677,-5.551115123125783e-17,,,,
reflection_061_case_06,A,36,0.9774716004550608,-5.551115123125783e-17,,,,
reflection_061_case_06,A,37,0.9797244404095548,-1.1102230246251565e-16,,,,
reflection_061_case_06,A,38,0.9817519963685992,-1.1102230246251565e-16,,,,
reflection_061_case_06,A,39,0.9835767967317393,-5.551115123125783e-17,,,,
reflection_061_case_06,A,40,0.9852191170585654,-1.1102230246251565e-16,,,,
reflection_061_case_06,A,41,0.9866972053527088,-1.1102230246251565e-16,,,,
reflection_061_case_06,A,42,0.988027484817438,-5.551115123125783e-17,,,,
reflection_061_case_06,A,43,0.9892247363356942,-1.1102230246251565e-16,,,,
reflection_061_case_06,A,44,0.9903022627021247,-5.551115123125783e-17,,,,
reflection_061_case_06,A,45,0.9912720364319123,-1.1102230246251565e-16,,,,
reflection_061_case_06,A,46,0.9921448327887211,-1.1102230246251565e-16,,,,
reflection_061_case_06,A,47,0.992930349509849,-5.551115123125783e-17,,,,
reflection_061_case_06,A,48,0.9936373145588642,0.0,,,,
reflection_061_case_06,A,49,0.9942735831029779,5.551115123125783e-17,,,,
reflection_061_case_06,A,50,0.99484622479268,0.0,,,,
reflection_061_case_06,A,51,0.995361602313412,5.551115123125783e-17,,,,
reflection_061_case_06,A,52,0.9958254420820707,1.1102230246251565e-16,,,,
reflection_061_case_06,A,53,0.9962428978738637,1.1102230246251565e-16,,,,
reflection_061_case_06,A,54,0.9966186080864773,1.1102230246251565e-16,,,,
reflection_061_case_06,A,55,0.9969567472778296,1.6653345369377348e-16,,,,
reflection_061_case_06,A,56,0.9972610725500467,1.1102230246251565e-16,,,,
reflection_061_case_06,A,57,0.997534965295042,1.6653345369377348e-16,,,,
reflection_061_case_06,A,58,0.997781468765538,1.6653345369377348e-16,,,,
reflection_061_case_06,A,59,0.9980033218889841,1.1102230246251565e-16,,,,
reflection_061_case_06,A,60,0.9982029897000857,1.1102230246251565e-16,,,,
reflection_061_case_06,A,61,0.998382690730077,1.1102230246251565e-16,,,,
reflection_061_case_06,A,62,0.9985444216570694,1.1102230246251565e-16,,,,
reflection_061_case_06,A,63,0.9986899794913624,1.1102230246251565e-16,,,,
reflection_061_case_06,A,64,0.9988209815422261,5.551115123125783e-17,,,,
reflection_061_case_06,B,1,0.9988209815422262,-0.10000000000000003,0.9988209815422262,0.9988209815422262,1.1102230246251565e-16,1.1102230246251565e-16
reflection_061_case_06,B,2,0.9988209815422261,-0.19,0.9988209815422261,0.9988209815422262,0.0,1.1102230246251565e-16
reflection_061_case_06,B,3,0.9988209815422261,-0.2709999999999999,0.9988209815422261,0.9988209815422262,0.0,1.1102230246251565e-16
reflection_061_case_06,B,4,0.9988209815422262,-0.3439,0.9988209815422262,0.9988209815422262,1.1102230246251565e-16,1.1102230246251565e-16
reflection_061_case_06,B,5,0.9988209815422262,-0.4095099999999999,0.9988209815422262,0.9988209815422262,1.1102230246251565e-16,1.1102230246251565e-16
reflection_061_case_06,B,6,0.9988209815422262,-0.4685589999999999,0.9988209815422262,0.9988209815422262,1.1102230246251565e-16,1.1102230246251565e-16
reflection_061_case_06,B,7,0.9988209815422261,-0.5217031,0.9988209815422261,0.9988209815422262,0.0,1.1102230246251565e-16
reflection_061_case_06,B,8,0.998820981542226,-0.56953279,0.998820981542226,0.9988209815422261,1.1102230246251565e-16,0.0
reflection_061_case_06,B,9,0.9988209815422261,-0.6125795110000001,0.9988209815422261,0.9988209815422262,0.0,1.1102230246251565e-16
reflection_061_case_06,B,10,0.9988209815422261,-0.6513215599,0.9988209815422261,0.9988209815422262,0.0,1.1102230246251565e-16
reflection_061_case_06,B,11,0.9988209815422262,-0.68618940391,0.9988209815422262,0.9988209815422262,1.1102230246251565e-16,1.1102230246251565e-16
reflection_061_case_06,B,12,0.998820981542226,-0.717570463519,0.998820981542226,0.998820981542226,1.1102230246251565e-16,1.1102230246251565e-16
reflection_061_case_06,B,13,0.9988209815422261,-0.7458134171671,0.9988209815422261,0.9988209815422261,0.0,0.0
reflection_061_case_06,B,14,0.9988209815422262,-0.7712320754503901,0.9988209815422262,0.9988209815422262,1.1102230246251565e-16,1.1102230246251565e-16
reflection_061_case_06,B,15,0.9988209815422261,-0.7941088679053512,0.9988209815422261,0.9988209815422262,0.0,1.1102230246251565e-16
reflection_061_case_06,B,16,0.9988209815422262,-0.814697981114816,0.9988209815422262,0.9988209815422262,1.1102230246251565e-16,1.1102230246251565e-16
reflection_061_case_06,B,17,0.9988209815422262,-0.8332281830033343,0.9988209815422262,0.9988209815422262,1.1102230246251565e-16,1.1102230246251565e-16
reflection_061_case_06,B,18,0.9988209815422262,-0.849905364703001,0.9988209815422262,0.9988209815422262,1.1102230246251565e-16,1.1102230246251565e-16
reflection_061_case_06,B,19,0.9988209815422262,-0.8649148282327008,0.9988209815422262,0.9988209815422262,1.1102230246251565e-16,1.1102230246251565e-16
reflection_061_case_06,B,20,0.9988209815422262,-0.8784233454094308,0.9988209815422262,0.9988209815422262,1.1102230246251565e-16,1.1102230246251565e-16
reflection_061_case_06,B,21,0.9988209815422262,-0.8905810108684878,0.9988209815422262,0.9988209815422262,1.1102230246251565e-16,1.1102230246251565e-16
reflection_061_case_06,B,22,0.9988209815422261,-0.9015229097816388,0.9988209815422261,0.9988209815422261,0.0,0.0
reflection_061_case_06,B,23,0.9988209815422261,-0.911370618803475,0.9988209815422261,0.9988209815422261,0.0,0.0
reflection_061_case_06,B,24,0.9988209815422262,-0.9202335569231276,0.9988209815422262,0.9988209815422262,1.1102230246251565e-16,1.1102230246251565e-16
reflection_061_case_06,B,25,0.9988209815422261,-0.9282102012308149,0.9988209815422261,0.9988209815422262,0.0,1.1102230246251565e-16
reflection_061_case_06,B,26,0.998820981542226,-0.9353891811077332,0.998820981542226,0.9988209815422261,1.1102230246251565e-16,0.0
reflection_061_case_06,B,27,0.998820981542226,-0.94185026299696,0.998820981542226,0.9988209815422261,1.1102230246251565e-16,0.0
reflection_061_case_06,B,28,0.9988209815422262,-0.9476652366972641,0.9988209815422262,0.9988209815422262,1.1102230246251565e-16,1.1102230246251565e-16
reflection_061_case_06,B,29,0.9988209815422262,-0.9528987130275375,0.9988209815422262,0.9988209815422262,1.1102230246251565e-16,1.1102230246251565e-16
reflection_061_case_06,B,30,0.9988209815422261,-0.9576088417247837,0.9988209815422261,0.9988209815422262,0.0,1.1102230246251565e-16
reflection_061_case_06,B,31,0.9988209815422261,-0.9618479575523055,0.9988209815422261,0.9988209815422261,0.0,0.0
reflection_061_case_06,B,32,0.998820981542226,-0.9656631617970749,0.998820981542226,0.9988209815422261,1.1102230246251565e-16,0.0
reflection_061_case_06,B,33,0.998820981542226,-0.9690968456173674,0.998820981542226,0.998820981542226,1.1102230246251565e-16,1.1102230246251565e-16
reflection_061_case_06,B,34,0.9988209815422261,-0.9721871610556306,0.9988209815422261,0.9988209815422261,0.0,0.0
reflection_061_case_06,B,35,0.9988209815422261,-0.9749684449500675,0.9988209815422261,0.9988209815422261,0.0,0.0
reflection_061_case_06,B,36,0.9988209815422261,-0.977471600455061,0.9988209815422261,0.9988209815422261,0.0,0.0
reflection_061_case_06,B,37,0.9988209815422261,-0.9797244404095549,0.9988209815422261,0.9988209815422261,0.0,0.0
reflection_061_case_06,B,38,0.998820981542226,-0.9817519963685992,0.998820981542226,0.998820981542226,1.1102230246251565e-16,1.1102230246251565e-16
reflection_061_case_06,B,39,0.998820981542226,-0.9835767967317394,0.998820981542226,0.998820981542226,1.1102230246251565e-16,1.1102230246251565e-16
reflection_061_case_06,B,40,0.998820981542226,-0.9852191170585656,0.998820981542226,0.9988209815422261,1.1102230246251565e-16,0.0
reflection_061_case_06,B,41,0.998820981542226,-0.9866972053527089,0.998820981542226,0.998820981542226,1.1102230246251565e-16,1.1102230246251565e-16
reflection_061_case_06,B,42,0.998820981542226,-0.9880274848174379,0.998820981542226,0.998820981542226,1.1102230246251565e-16,1.1102230246251565e-16
reflection_061_case_06,B,43,0.9988209815422259,-0.9892247363356939,0.9988209815422259,0.998820981542226,2.220446049250313e-16,1.1102230246251565e-16
reflection_061_case_06,B,44,0.998820981542226,-0.9903022627021247,0.998820981542226,0.998820981542226,1.1102230246251565e-16,1.1102230246251565e-16
reflection_061_case_06,B,45,0.9988209815422259,-0.9912720364319123,0.9988209815422259,0.998820981542226,2.220446049250313e-16,1.1102230246251565e-16
reflection_061_case_06,B,46,0.998820981542226,-0.9921448327887209,0.998820981542226,0.998820981542226,1.1102230246251565e-16,1.1102230246251565e-16
reflection_061_case_06,B,47,0.998820981542226,-0.9929303495098488,0.998820981542226,0.998820981542226,1.1102230246251565e-16,1.1102230246251565e-16
reflection_061_case_06,B,48,0.998820981542226,-0.9936373145588641,0.998820981542226,0.998820981542226,1.1102230246251565e-16,1.1102230246251565e-16
reflection_061_case_06,B,49,0.998820981542226,-0.9942735831029776,0.998820981542226,0.998820981542226,1.1102230246251565e-16,1.1102230246251565e-16
reflection_061_case_06,B,50,0.998820981542226,-0.9948462247926799,0.998820981542226,0.998820981542226,1.1102230246251565e-16,1.1102230246251565e-16
reflection_061_case_06,B,51,0.998820981542226,-0.9953616023134119,0.998820981542226,0.998820981542226,1.1102230246251565e-16,1.1102230246251565e-16
reflection_061_case_06,B,52,0.9988209815422261,-0.9958254420820707,0.9988209815422261,0.9988209815422261,0.0,0.0
reflection_061_case_06,B,53,0.998820981542226,-0.9962428978738636,0.998820981542226,0.998820981542226,1.1102230246251565e-16,1.1102230246251565e-16
reflection_061_case_06,B,54,0.9988209815422259,-0.9966186080864771,0.9988209815422259,0.998820981542226,2.220446049250313e-16,1.1102230246251565e-16
reflection_061_case_06,B,55,0.9988209815422259,-0.9969567472778293,0.9988209815422259,0.998820981542226,2.220446049250313e-16,1.1102230246251565e-16
reflection_061_case_06,B,56,0.998820981542226,-0.9972610725500464,0.998820981542226,0.998820981542226,1.1102230246251565e-16,1.1102230246251565e-16
reflection_061_case_06,B,57,0.998820981542226,-0.9975349652950419,0.998820981542226,0.998820981542226,1.1102230246251565e-16,1.1102230246251565e-16
reflection_061_case_06,B,58,0.998820981542226,-0.9977814687655377,0.998820981542226,0.998820981542226,1.1102230246251565e-16,1.1102230246251565e-16
reflection_061_case_06,B,59,0.998820981542226,-0.9980033218889839,0.998820981542226,0.998820981542226,1.1102230246251565e-16,1.1102230246251565e-16
reflection_061_case_06,B,60,0.998820981542226,-0.9982029897000856,0.998820981542226,0.998820981542226,1.1102230246251565e-16,1.1102230246251565e-16
reflection_061_case_06,B,61,0.998820981542226,-0.998382690730077,0.998820981542226,0.998820981542226,1.1102230246251565e-16,1.1102230246251565e-16
reflection_061_case_06,B,62,0.998820981542226,-0.9985444216570692,0.998820981542226,0.998820981542226,1.1102230246251565e-16,1.1102230246251565e-16
reflection_061_case_06,B,63,0.9988209815422259,-0.9986899794913623,0.9988209815422259,0.998820981542226,2.220446049250313e-16,1.1102230246251565e-16
reflection_061_case_06,B,64,0.9988209815422259,-0.9988209815422261,0.9988209815422259,0.998820981542226,2.220446049250313e-16,1.1102230246251565e-16
reflection_061_case_07,A,1,0.1,0.0,,,,
reflection_061_case_07,A,2,0.19,1.3877787807814457e-17,,,,
reflection_061_case_07,A,3,0.271,0.0,,,,
reflection_061_case_07,A,4,0.3439,2.7755575615628914e-17,,,,
reflection_061_case_07,A,5,0.40951,-2.7755575615628914e-17,,,,
reflection_061_case_07,A,6,0.46855899999999995,0.0,,,,
reflection_061_case_07,A,7,0.5217031,0.0,,,,
reflection_061_case_07,A,8,0.56953279,0.0,,,,
reflection_061_case_07,A,9,0.6125795110000001,5.551115123125783e-17,,,,
reflection_061_case_07,A,10,0.6513215599,0.0,,,,
reflection_061_case_07,A,11,0.6861894039099999,0.0,,,,
reflection_061_case_07,A,12,0.717570463519,-5.551115123125783e-17,,,,
reflection_061_case_07,A,13,0.7458134171671,5.551115123125783e-17,,,,
reflection_061_case_07,A,14,0.7712320754503901,5.551115123125783e-17,,,,
reflection_061_case_07,A,15,0.794108867905351,-5.551115123125783e-17,,,,
reflection_061_case_07,A,16,0.8146979811148158,-5.551115123125783e-17,,,,
reflection_061_case_07,A,17,0.8332281830033343,0.0,,,,
reflection_061_case_07,A,18,0.8499053647030008,-5.551115123125783e-17,,,,
reflection_061_case_07,A,19,0.8649148282327008,0.0,,,,
reflection_061_case_07,A,20,0.8784233454094308,0.0,,,,
reflection_061_case_07,A,21,0.8905810108684877,-5.551115123125783e-17,,,,
reflection_061_case_07,A,22,0.9015229097816388,-5.551115123125783e-17,,,,
reflection_061_case_07,A,23,0.911370618803475,-1.1102230246251565e-16,,,,
reflection_061_case_07,A,24,0.9202335569231275,-1.1102230246251565e-16,,,,
reflection_061_case_07,A,25,0.9282102012308147,-1.6653345369377348e-16,,,,
reflection_061_case_07,A,26,0.9353891811077333,-1.1102230246251565e-16,,,,
reflection_061_case_07,A,27,0.9418502629969601,-1.1102230246251565e-16,,,,
reflection_061_case_07,A,28,0.947665236697264,-1.1102230246251565e-16,,,,
reflection_061_case_07,A,29,0.9528987130275377,-5.551115123125783e-17,,,,
reflection_061_case_07,A,30,0.9576088417247839,0.0,,,,
reflection_061_case_07,A,31,0.9618479575523055,-1.1102230246251565e-16,,,,
reflection_061_case_07,A,32,0.9656631617970748,-5.551115123125783e-17,,,,
reflection_061_case_07,A,33,0.9690968456173674,-1.1102230246251565e-16,,,,
reflection_061_case_07,A,34,0.9721871610556307,-5.551115123125783e-17,,,,
reflection_061_case_07,A,35,0.9749684449500677,-5.551115123125783e-17,,,,
reflection_061_case_07,A,36,0.9774716004550608,-5.551115123125783e-17,,,,
reflection_061_case_07,A,37,0.9797244404095548,-1.1102230246251565e-16,,,,
reflection_061_case_07,A,38,0.9817519963685992,-1.1102230246251565e-16,,,,
reflection_061_case_07,A,39,0.9835767967317393,-5.551115123125783e-17,,,,
reflection_061_case_07,A,40,0.9852191170585654,-1.1102230246251565e-16,,,,
reflection_061_case_07,A,41,0.9866972053527088,-1.1102230246251565e-16,,,,
reflection_061_case_07,A,42,0.988027484817438,-5.551115123125783e-17,,,,
reflection_061_case_07,A,43,0.9892247363356942,-1.1102230246251565e-16,,,,
reflection_061_case_07,A,44,0.9903022627021247,-5.551115123125783e-17,,,,
reflection_061_case_07,A,45,0.9912720364319123,-1.1102230246251565e-16,,,,
reflection_061_case_07,A,46,0.9921448327887211,-1.1102230246251565e-16,,,,
reflection_061_case_07,A,47,0.992930349509849,-5.551115123125783e-17,,,,
reflection_061_case_07,A,48,0.9936373145588642,0.0,,,,
reflection_061_case_07,A,49,0.9942735831029779,5.551115123125783e-17,,,,
reflection_061_case_07,A,50,0.99484622479268,0.0,,,,
reflection_061_case_07,A,51,0.995361602313412,5.551115123125783e-17,,,,
reflection_061_case_07,A,52,0.9958254420820707,1.1102230246251565e-16,,,,
reflection_061_case_07,A,53,0.9962428978738637,1.1102230246251565e-16,,,,
reflection_061_case_07,A,54,0.9966186080864773,1.1102230246251565e-16,,,,
reflection_061_case_07,A,55,0.9969567472778296,1.6653345369377348e-16,,,,
reflection_061_case_07,A,56,0.9972610725500467,1.1102230246251565e-16,,,,
reflection_061_case_07,A,57,0.997534965295042,1.6653345369377348e-16,,,,
reflection_061_case_07,A,58,0.997781468765538,1.6653345369377348e-16,,,,
reflection_061_case_07,A,59,0.9980033218889841,1.1102230246251565e-16,,,,
reflection_061_case_07,A,60,0.9982029897000857,1.1102230246251565e-16,,,,
reflection_061_case_07,A,61,0.998382690730077,1.1102230246251565e-16,,,,
reflection_061_case_07,A,62,0.9985444216570694,1.1102230246251565e-16,,,,
reflection_061_case_07,A,63,0.9986899794913624,1.1102230246251565e-16,,,,
reflection_061_case_07,A,64,0.9988209815422261,5.551115123125783e-17,,,,
reflection_061_case_07,B,1,0.9988209815422261,0.10000000000000009,0.9988209815422261,0.9988209815422262,0.0,1.1102230246251565e-16
reflection_061_case_07,B,2,0.9988209815422261,0.19000000000000006,0.9988209815422261,0.9988209815422262,0.0,1.1102230246251565e-16
reflection_061_case_07,B,3,0.9988209815422262,0.27100000000000013,0.9988209815422262,0.9988209815422262,1.1102230246251565e-16,1.1102230246251565e-16
reflection_061_case_07,B,4,0.998820981542226,0.3439,0.998820981542226,0.9988209815422262,1.1102230246251565e-16,1.1102230246251565e-16
reflection_061_case_07,B,5,0.9988209815422262,0.40951000000000004,0.9988209815422262,0.9988209815422262,1.1102230246251565e-16,1.1102230246251565e-16
reflection_061_case_07,B,6,0.9988209815422262,0.46855900000000006,0.9988209815422262,0.9988209815422262,1.1102230246251565e-16,1.1102230246251565e-16
reflection_061_case_07,B,7,0.9988209815422262,0.5217031000000001,0.9988209815422262,0.9988209815422264,1.1102230246251565e-16,3.3306690738754696e-16
reflection_061_case_07,B,8,0.9988209815422261,0.5695327900000001,0.9988209815422261,0.9988209815422262,0.0,1.1102230246251565e-16
reflection_061_case_07,B,9,0.9988209815422262,0.6125795110000001,0.9988209815422262,0.9988209815422262,1.1102230246251565e-16,1.1102230246251565e-16
reflection_061_case_07,B,10,0.9988209815422262,0.6513215599000001,0.9988209815422262,0.9988209815422264,1.1102230246251565e-16,3.3306690738754696e-16
reflection_061_case_07,B,11,0.9988209815422261,0.68618940391,0.9988209815422261,0.9988209815422262,0.0,1.1102230246251565e-16
reflection_061_case_07,B,12,0.9988209815422261,0.717570463519,0.9988209815422261,0.9988209815422264,0.0,3.3306690738754696e-16
reflection_061_case_07,B,13,0.9988209815422262,0.7458134171671,0.9988209815422262,0.9988209815422262,1.1102230246251565e-16,1.1102230246251565e-16
reflection_061_case_07,B,14,0.9988209815422262,0.7712320754503901,0.9988209815422262,0.9988209815422262,1.1102230246251565e-16,1.1102230246251565e-16
reflection_061_case_07,B,15,0.9988209815422261,0.7941088679053511,0.9988209815422261,0.9988209815422264,0.0,3.3306690738754696e-16
reflection_061_case_07,B,16,0.9988209815422262,0.8146979811148161,0.9988209815422262,0.9988209815422265,1.1102230246251565e-16,4.440892098500626e-16
reflection_061_case_07,B,17,0.9988209815422262,0.8332281830033343,0.9988209815422262,0.9988209815422262,1.1102230246251565e-16,1.1102230246251565e-16
reflection_061_case_07,B,18,0.9988209815422262,0.8499053647030009,0.9988209815422262,0.9988209815422265,1.1102230246251565e-16,4.440892098500626e-16
reflection_061_case_07,B,19,0.9988209815422262,0.8649148282327008,0.9988209815422262,0.9988209815422265,1.1102230246251565e-16,4.440892098500626e-16
reflection_061_case_07,B,20,0.9988209815422263,0.8784233454094309,0.9988209815422263,0.9988209815422265,2.220446049250313e-16,4.440892098500626e-16
reflection_061_case_07,B,21,0.9988209815422264,0.8905810108684877,0.9988209815422264,0.9988209815422266,3.3306690738754696e-16,5.551115123125783e-16
reflection_061_case_07,B,22,0.9988209815422264,0.9015229097816391,0.9988209815422264,0.9988209815422265,3.3306690738754696e-16,4.440892098500626e-16
reflection_061_case_07,B,23,0.9988209815422263,0.9113706188034751,0.9988209815422263,0.9988209815422265,2.220446049250313e-16,4.440892098500626e-16
reflection_061_case_07,B,24,0.9988209815422264,0.9202335569231277,0.9988209815422264,0.9988209815422266,3.3306690738754696e-16,5.551115123125783e-16
reflection_061_case_07,B,25,0.9988209815422265,0.9282102012308149,0.9988209815422265,0.9988209815422265,4.440892098500626e-16,4.440892098500626e-16
reflection_061_case_07,B,26,0.9988209815422263,0.9353891811077334,0.9988209815422263,0.9988209815422265,2.220446049250313e-16,4.440892098500626e-16
reflection_061_case_07,B,27,0.9988209815422264,0.94185026299696,0.9988209815422264,0.9988209815422265,3.3306690738754696e-16,4.440892098500626e-16
reflection_061_case_07,B,28,0.9988209815422264,0.947665236697264,0.9988209815422264,0.9988209815422266,3.3306690738754696e-16,5.551115123125783e-16
reflection_061_case_07,B,29,0.9988209815422264,0.9528987130275376,0.9988209815422264,0.9988209815422266,3.3306690738754696e-16,5.551115123125783e-16
reflection_061_case_07,B,30,0.9988209815422262,0.9576088417247837,0.9988209815422262,0.9988209815422265,1.1102230246251565e-16,4.440892098500626e-16
reflection_061_case_07,B,31,0.9988209815422262,0.9618479575523053,0.9988209815422262,0.9988209815422262,1.1102230246251565e-16,1.1102230246251565e-16
reflection_061_case_07,B,32,0.9988209815422263,0.9656631617970748,0.9988209815422263,0.9988209815422264,2.220446049250313e-16,3.3306690738754696e-16
reflection_061_case_07,B,33,0.9988209815422262,0.9690968456173674,0.9988209815422262,0.9988209815422265,1.1102230246251565e-16,4.440892098500626e-16
reflection_061_case_07,B,34,0.9988209815422263,0.9721871610556307,0.9988209815422263,0.9988209815422265,2.220446049250313e-16,4.440892098500626e-16
reflection_061_case_07,B,35,0.9988209815422262,0.9749684449500676,0.9988209815422262,0.9988209815422265,1.1102230246251565e-16,4.440892098500626e-16
reflection_061_case_07,B,36,0.9988209815422263,0.9774716004550608,0.9988209815422263,0.9988209815422264,2.220446049250313e-16,3.3306690738754696e-16
reflection_061_case_07,B,37,0.9988209815422263,0.9797244404095546,0.9988209815422263,0.9988209815422264,2.220446049250313e-16,3.3306690738754696e-16
reflection_061_case_07,B,38,0.9988209815422262,0.9817519963685991,0.9988209815422262,0.9988209815422262,1.1102230246251565e-16,1.1102230246251565e-16
reflection_061_case_07,B,39,0.9988209815422262,0.9835767967317393,0.9988209815422262,0.9988209815422262,1.1102230246251565e-16,1.1102230246251565e-16
reflection_061_case_07,B,40,0.998820981542226,0.9852191170585654,0.998820981542226,0.9988209815422262,1.1102230246251565e-16,1.1102230246251565e-16
reflection_061_case_07,B,41,0.998820981542226,0.9866972053527088,0.998820981542226,0.9988209815422262,1.1102230246251565e-16,1.1102230246251565e-16
reflection_061_case_07,B,42,0.998820981542226,0.988027484817438,0.998820981542226,0.9988209815422262,1.1102230246251565e-16,1.1102230246251565e-16
reflection_061_case_07,B,43,0.998820981542226,0.9892247363356942,0.998820981542226,0.9988209815422262,1.1102230246251565e-16,1.1102230246251565e-16
reflection_061_case_07,B,44,0.9988209815422261,0.9903022627021247,0.9988209815422261,0.9988209815422264,0.0,3.3306690738754696e-16
reflection_061_case_07,B,45,0.9988209815422261,0.9912720364319122,0.9988209815422261,0.9988209815422264,0.0,3.3306690738754696e-16
reflection_061_case_07,B,46,0.9988209815422262,0.992144832788721,0.9988209815422262,0.9988209815422262,1.1102230246251565e-16,1.1102230246251565e-16
reflection_061_case_07,B,47,0.998820981542226,0.9929303495098488,0.998820981542226,0.9988209815422262,1.1102230246251565e-16,1.1102230246251565e-16
reflection_061_case_07,B,48,0.998820981542226,0.993637314558864,0.998820981542226,0.9988209815422262,1.1102230246251565e-16,1.1102230246251565e-16
reflection_061_case_07,B,49,0.998820981542226,0.9942735831029775,0.998820981542226,0.9988209815422262,1.1102230246251565e-16,1.1102230246251565e-16
reflection_061_case_07,B,50,0.998820981542226,0.9948462247926798,0.998820981542226,0.9988209815422262,1.1102230246251565e-16,1.1102230246251565e-16
reflection_061_case_07,B,51,0.998820981542226,0.9953616023134118,0.998820981542226,0.9988209815422262,1.1102230246251565e-16,1.1102230246251565e-16
reflection_061_case_07,B,52,0.998820981542226,0.9958254420820706,0.998820981542226,0.998820981542226,1.1102230246251565e-16,1.1102230246251565e-16
reflection_061_case_07,B,53,0.998820981542226,0.9962428978738636,0.998820981542226,0.9988209815422262,1.1102230246251565e-16,1.1102230246251565e-16
reflection_061_case_07,B,54,0.9988209815422261,0.9966186080864772,0.9988209815422261,0.9988209815422261,0.0,0.0
reflection_061_case_07,B,55,0.998820981542226,0.9969567472778295,0.998820981542226,0.9988209815422262,1.1102230246251565e-16,1.1102230246251565e-16
reflection_061_case_07,B,56,0.998820981542226,0.9972610725500465,0.998820981542226,0.998820981542226,1.1102230246251565e-16,1.1102230246251565e-16
reflection_061_case_07,B,57,0.998820981542226,0.9975349652950419,0.998820981542226,0.9988209815422262,1.1102230246251565e-16,1.1102230246251565e-16
reflection_061_case_07,B,58,0.998820981542226,0.9977814687655377,0.998820981542226,0.9988209815422262,1.1102230246251565e-16,1.1102230246251565e-16
reflection_061_case_07,B,59,0.9988209815422261,0.9980033218889839,0.9988209815422261,0.9988209815422261,0.0,0.0
reflection_061_case_07,B,60,0.998820981542226,0.9982029897000856,0.998820981542226,0.9988209815422262,1.1102230246251565e-16,1.1102230246251565e-16
reflection_061_case_07,B,61,0.9988209815422261,0.998382690730077,0.9988209815422261,0.9988209815422261,0.0,0.0
reflection_061_case_07,B,62,0.9988209815422259,0.9985444216570692,0.9988209815422259,0.9988209815422261,2.220446049250313e-16,0.0
reflection_061_case_07,B,63,0.998820981542226,0.9986899794913623,0.998820981542226,0.9988209815422262,1.1102230246251565e-16,1.1102230246251565e-16
reflection_061_case_07,B,64,0.998820981542226,0.998820981542226,0.998820981542226,0.998820981542226,1.1102230246251565e-16,1.1102230246251565e-16
reflection_061_case_08,A,1,-0.1,-0.07071067811865475,,,,
reflection_061_case_08,A,2,-0.19,-0.13435028842544403,,,,
reflection_061_case_08,A,3,-0.271,-0.19162593770155437,,,,
reflection_061_case_08,A,4,-0.3439,-0.24317402205005367,,,,
reflection_061_case_08,A,5,-0.40951,-0.28956729796370306,,,,
reflection_061_case_08,A,6,-0.46855899999999995,-0.3313212462859874,,,,
reflection_061_case_08,A,7,-0.5217031,-0.3688997997760435,,,,
reflection_061_case_08,A,8,-0.56953279,-0.40272049791709386,,,,
reflection_061_case_08,A,9,-0.6125795110000001,-0.43315912624403924,,,,
reflection_061_case_08,A,10,-0.6513215599,-0.46055389173829003,,,,
reflection_061_case_08,A,11,-0.6861894039099999,-0.48520918068311575,,,,
reflection_061_case_08,A,12,-0.717570463519,-0.5073989407334589,,,,
reflection_061_case_08,A,13,-0.7458134171671,-0.5273697247787679,,,,
reflection_061_case_08,A,14,-0.7712320754503901,-0.5453434304195458,,,,
reflection_061_case_08,A,15,-0.794108867905351,-0.5615197654962459,,,,
reflection_061_case_08,A,16,-0.8146979811148158,-0.5760784670652761,,,,
reflection_061_case_08,A,17,-0.8332281830033343,-0.5891812984774032,,,,
reflection_061_case_08,A,18,-0.8499053647030008,-0.6009738467483177,,,,
reflection_061_case_08,A,19,-0.8649148282327008,-0.6115871401921407,,,,
reflection_061_case_08,A,20,-0.8784233454094308,-0.6211391042915814,,,,
reflection_061_case_08,A,21,-0.8905810108684877,-0.6297358719810778,,,,
reflection_061_case_08,A,22,-0.9015229097816388,-0.6374729629016249,,,,
reflection_061_case_08,A,23,-0.911370618803475,-0.6444363447301171,,,,
reflection_061_case_08,A,24,-0.9202335569231275,-0.65070338837576,,,,
reflection_061_case_08,A,25,-0.9282102012308147,-0.6563437276568388,,,,
reflection_061_case_08,A,26,-0.9353891811077333,-0.6614200330098097,,,,
reflection_061_case_08,A,27,-0.9418502629969601,-0.6659887078274835,,,,
reflection_061_case_08,A,28,-0.947665236697264,-0.6701005151633899,,,,
reflection_061_case_08,A,29,-0.9528987130275377,-0.6738011417657057,,,,
reflection_061_case_08,A,30,-0.9576088417247839,-0.6771317057077899,,,,
reflection_061_case_08,A,31,-0.9618479575523055,-0.6801292132556656,,,,
reflection_061_case_08,A,32,-0.9656631617970748,-0.6828269700487537,,,,
reflection_061_case_08,A,33,-0.9690968456173674,-0.6852549511625332,,,,
reflection_061_case_08,A,34,-0.9721871610556307,-0.6874401341649345,,,,
reflection_061_case_08,A,35,-0.9749684449500677,-0.6894067988670959,,,,
reflection_061_case_08,A,36,-0.9774716004550608,-0.691176797099041,,,,
reflection_061_case_08,A,37,-0.9797244404095548,-0.6927697955077916,,,,
reflection_061_case_08,A,38,-0.9817519963685992,-0.6942034940756672,,,,
reflection_061_case_08,A,39,-0.9835767967317393,-0.6954938227867552,,,,
reflection_061_case_08,A,40,-0.9852191170585654,-0.6966551186267345,,,,
reflection_061_case_08,A,41,-0.9866972053527088,-0.6977002848827157,,,,
reflection_061_case_08,A,42,-0.988027484817438,-0.6986409345130988,,,,
reflection_061_case_08,A,43,-0.9892247363356942,-0.6994875191804437,,,,
reflection_061_case_08,A,44,-0.9903022627021247,-0.7002494453810542,,,,
reflection_061_case_08,A,45,-0.9912720364319123,-0.7009351789616034,,,,
reflection_061_case_08,A,46,-0.9921448327887211,-0.701552339184098,,,,
reflection_061_case_08,A,47,-0.992930349509849,-0.702107783384343,,,,
reflection_061_case_08,A,48,-0.9936373145588642,-0.7026076831645633,,,,
reflection_061_case_08,A,49,-0.9942735831029779,-0.7030575929667618,,,,
reflection_061_case_08,A,50,-0.99484622479268,-0.7034625117887404,,,,
reflection_061_case_08,A,51,-0.995361602313412,-0.7038269387285211,,,,
reflection_061_case_08,A,52,-0.9958254420820707,-0.7041549229743237,,,,
reflection_061_case_08,A,53,-0.9962428978738637,-0.7044501087955461,,,,
reflection_061_case_08,A,54,-0.9966186080864773,-0.7047157760346463,,,,
reflection_061_case_08,A,55,-0.9969567472778296,-0.7049548765498366,,,,
reflection_061_case_08,A,56,-0.9972610725500467,-0.7051700670135076,,,,
reflection_061_case_08,A,57,-0.997534965295042,-0.7053637384308116,,,,
reflection_061_case_08,A,58,-0.997781468765538,-0.7055380427063852,,,,
reflection_061_case_08,A,59,-0.9980033218889841,-0.7056949165544014,,,,
reflection_061_case_08,A,60,-0.9982029897000857,-0.7058361030176161,,,,
reflection_061_case_08,A,61,-0.998382690730077,-0.7059631708345092,,,,
reflection_061_case_08,A,62,-0.9985444216570694,-0.706077531869713,,,,
reflection_061_case_08,A,63,-0.9986899794913624,-0.7061804568013964,,,,
reflection_061_case_08,A,64,-0.9988209815422261,-0.7062730892399115,,,,
reflection_061_case_08,B,1,-0.9988209815422261,-0.7062730892399115,-0.9988209815422262,-0.9988209815422262,1.1102230246251565e-16,1.1102230246251565e-16
reflection_061_case_08,B,2,-0.9988209815422261,-0.7062730892399115,-0.9988209815422262,-0.9988209815422262,1.1102230246251565e-16,1.1102230246251565e-16
reflection_061_case_08,B,3,-0.9988209815422261,-0.7062730892399115,-0.9988209815422262,-0.9988209815422262,1.1102230246251565e-16,1.1102230246251565e-16
reflection_061_case_08,B,4,-0.9988209815422261,-0.7062730892399115,-0.9988209815422262,-0.9988209815422262,1.1102230246251565e-16,1.1102230246251565e-16
reflection_061_case_08,B,5,-0.9988209815422261,-0.7062730892399115,-0.9988209815422262,-0.9988209815422262,1.1102230246251565e-16,1.1102230246251565e-16
reflection_061_case_08,B,6,-0.9988209815422261,-0.7062730892399115,-0.9988209815422262,-0.9988209815422262,1.1102230246251565e-16,1.1102230246251565e-16
reflection_061_case_08,B,7,-0.9988209815422261,-0.7062730892399115,-0.9988209815422262,-0.9988209815422262,1.1102230246251565e-16,1.1102230246251565e-16
reflection_061_case_08,B,8,-0.9988209815422261,-0.7062730892399115,-0.9988209815422262,-0.9988209815422262,1.1102230246251565e-16,1.1102230246251565e-16
reflection_061_case_08,B,9,-0.9988209815422261,-0.7062730892399115,-0.9988209815422262,-0.9988209815422262,1.1102230246251565e-16,1.1102230246251565e-16
reflection_061_case_08,B,10,-0.9988209815422261,-0.7062730892399115,-0.9988209815422262,-0.9988209815422262,1.1102230246251565e-16,1.1102230246251565e-16
reflection_061_case_08,B,11,-0.9988209815422261,-0.7062730892399115,-0.9988209815422262,-0.9988209815422262,1.1102230246251565e-16,1.1102230246251565e-16
reflection_061_case_08,B,12,-0.9988209815422261,-0.7062730892399115,-0.9988209815422262,-0.9988209815422262,1.1102230246251565e-16,1.1102230246251565e-16
reflection_061_case_08,B,13,-0.9988209815422261,-0.7062730892399115,-0.9988209815422262,-0.9988209815422262,1.1102230246251565e-16,1.1102230246251565e-16
reflection_061_case_08,B,14,-0.9988209815422261,-0.7062730892399115,-0.9988209815422262,-0.9988209815422262,1.1102230246251565e-16,1.1102230246251565e-16
reflection_061_case_08,B,15,-0.9988209815422261,-0.7062730892399115,-0.9988209815422262,-0.9988209815422262,1.1102230246251565e-16,1.1102230246251565e-16
reflection_061_case_08,B,16,-0.9988209815422261,-0.7062730892399115,-0.9988209815422262,-0.9988209815422262,1.1102230246251565e-16,1.1102230246251565e-16
reflection_061_case_08,B,17,-0.9988209815422261,-0.7062730892399115,-0.9988209815422262,-0.9988209815422262,1.1102230246251565e-16,1.1102230246251565e-16
reflection_061_case_08,B,18,-0.9988209815422261,-0.7062730892399115,-0.9988209815422262,-0.9988209815422262,1.1102230246251565e-16,1.1102230246251565e-16
reflection_061_case_08,B,19,-0.9988209815422261,-0.7062730892399115,-0.9988209815422262,-0.9988209815422262,1.1102230246251565e-16,1.1102230246251565e-16
reflection_061_case_08,B,20,-0.9988209815422261,-0.7062730892399115,-0.9988209815422262,-0.9988209815422262,1.1102230246251565e-16,1.1102230246251565e-16
reflection_061_case_08,B,21,-0.9988209815422261,-0.7062730892399115,-0.9988209815422262,-0.9988209815422262,1.1102230246251565e-16,1.1102230246251565e-16
reflection_061_case_08,B,22,-0.9988209815422261,-0.7062730892399115,-0.9988209815422262,-0.9988209815422262,1.1102230246251565e-16,1.1102230246251565e-16
reflection_061_case_08,B,23,-0.9988209815422261,-0.7062730892399115,-0.9988209815422262,-0.9988209815422262,1.1102230246251565e-16,1.1102230246251565e-16
reflection_061_case_08,B,24,-0.9988209815422261,-0.7062730892399115,-0.9988209815422262,-0.9988209815422262,1.1102230246251565e-16,1.1102230246251565e-16
reflection_061_case_08,B,25,-0.9988209815422261,-0.7062730892399115,-0.9988209815422262,-0.9988209815422262,1.1102230246251565e-16,1.1102230246251565e-16
reflection_061_case_08,B,26,-0.9988209815422261,-0.7062730892399115,-0.9988209815422262,-0.9988209815422262,1.1102230246251565e-16,1.1102230246251565e-16
reflection_061_case_08,B,27,-0.9988209815422261,-0.7062730892399115,-0.9988209815422262,-0.9988209815422262,1.1102230246251565e-16,1.1102230246251565e-16
reflection_061_case_08,B,28,-0.9988209815422261,-0.7062730892399115,-0.9988209815422262,-0.9988209815422262,1.1102230246251565e-16,1.1102230246251565e-16
reflection_061_case_08,B,29,-0.9988209815422261,-0.7062730892399115,-0.9988209815422262,-0.9988209815422262,1.1102230246251565e-16,1.1102230246251565e-16
reflection_061_case_08,B,30,-0.9988209815422261,-0.7062730892399115,-0.9988209815422262,-0.9988209815422262,1.1102230246251565e-16,1.1102230246251565e-16
reflection_061_case_08,B,31,-0.9988209815422261,-0.7062730892399115,-0.9988209815422262,-0.9988209815422262,1.1102230246251565e-16,1.1102230246251565e-16
reflection_061_case_08,B,32,-0.9988209815422261,-0.7062730892399115,-0.9988209815422262,-0.9988209815422262,1.1102230246251565e-16,1.1102230246251565e-16
reflection_061_case_08,B,33,-0.9988209815422261,-0.7062730892399115,-0.9988209815422262,-0.9988209815422262,1.1102230246251565e-16,1.1102230246251565e-16
reflection_061_case_08,B,34,-0.9988209815422261,-0.7062730892399115,-0.9988209815422262,-0.9988209815422262,1.1102230246251565e-16,1.1102230246251565e-16
reflection_061_case_08,B,35,-0.9988209815422261,-0.7062730892399115,-0.9988209815422262,-0.9988209815422262,1.1102230246251565e-16,1.1102230246251565e-16
reflection_061_case_08,B,36,-0.9988209815422261,-0.7062730892399115,-0.9988209815422262,-0.9988209815422262,1.1102230246251565e-16,1.1102230246251565e-16
reflection_061_case_08,B,37,-0.9988209815422261,-0.7062730892399115,-0.9988209815422262,-0.9988209815422262,1.1102230246251565e-16,1.1102230246251565e-16
reflection_061_case_08,B,38,-0.9988209815422261,-0.7062730892399115,-0.9988209815422262,-0.9988209815422262,1.1102230246251565e-16,1.1102230246251565e-16
reflection_061_case_08,B,39,-0.9988209815422261,-0.7062730892399115,-0.9988209815422262,-0.9988209815422262,1.1102230246251565e-16,1.1102230246251565e-16
reflection_061_case_08,B,40,-0.9988209815422261,-0.7062730892399115,-0.9988209815422262,-0.9988209815422262,1.1102230246251565e-16,1.1102230246251565e-16
reflection_061_case_08,B,41,-0.9988209815422261,-0.7062730892399115,-0.9988209815422262,-0.9988209815422262,1.1102230246251565e-16,1.1102230246251565e-16
reflection_061_case_08,B,42,-0.9988209815422261,-0.7062730892399115,-0.9988209815422262,-0.9988209815422262,1.1102230246251565e-16,1.1102230246251565e-16
reflection_061_case_08,B,43,-0.9988209815422261,-0.7062730892399115,-0.9988209815422262,-0.9988209815422262,1.1102230246251565e-16,1.1102230246251565e-16
reflection_061_case_08,B,44,-0.9988209815422261,-0.7062730892399115,-0.9988209815422262,-0.9988209815422262,1.1102230246251565e-16,1.1102230246251565e-16
reflection_061_case_08,B,45,-0.9988209815422261,-0.7062730892399115,-0.9988209815422262,-0.9988209815422262,1.1102230246251565e-16,1.1102230246251565e-16
reflection_061_case_08,B,46,-0.9988209815422261,-0.7062730892399115,-0.9988209815422262,-0.9988209815422262,1.1102230246251565e-16,1.1102230246251565e-16
reflection_061_case_08,B,47,-0.9988209815422261,-0.7062730892399115,-0.9988209815422262,-0.9988209815422262,1.1102230246251565e-16,1.1102230246251565e-16
reflection_061_case_08,B,48,-0.9988209815422261,-0.7062730892399115,-0.9988209815422262,-0.9988209815422262,1.1102230246251565e-16,1.1102230246251565e-16
reflection_061_case_08,B,49,-0.9988209815422261,-0.7062730892399115,-0.9988209815422262,-0.9988209815422262,1.1102230246251565e-16,1.1102230246251565e-16
reflection_061_case_08,B,50,-0.9988209815422261,-0.7062730892399115,-0.9988209815422262,-0.9988209815422262,1.1102230246251565e-16,1.1102230246251565e-16
reflection_061_case_08,B,51,-0.9988209815422261,-0.7062730892399115,-0.9988209815422262,-0.9988209815422262,1.1102230246251565e-16,1.1102230246251565e-16
reflection_061_case_08,B,52,-0.9988209815422261,-0.7062730892399115,-0.9988209815422262,-0.9988209815422262,1.1102230246251565e-16,1.1102230246251565e-16
reflection_061_case_08,B,53,-0.9988209815422261,-0.7062730892399115,-0.9988209815422262,-0.9988209815422262,1.1102230246251565e-16,1.1102230246251565e-16
reflection_061_case_08,B,54,-0.9988209815422261,-0.7062730892399115,-0.9988209815422262,-0.9988209815422262,1.1102230246251565e-16,1.1102230246251565e-16
reflection_061_case_08,B,55,-0.9988209815422261,-0.7062730892399115,-0.9988209815422262,-0.9988209815422262,1.1102230246251565e-16,1.1102230246251565e-16
reflection_061_case_08,B,56,-0.9988209815422261,-0.7062730892399115,-0.9988209815422262,-0.9988209815422262,1.1102230246251565e-16,1.1102230246251565e-16
reflection_061_case_08,B,57,-0.9988209815422261,-0.7062730892399115,-0.9988209815422262,-0.9988209815422262,1.1102230246251565e-16,1.1102230246251565e-16
reflection_061_case_08,B,58,-0.9988209815422261,-0.7062730892399115,-0.9988209815422262,-0.9988209815422262,1.1102230246251565e-16,1.1102230246251565e-16
reflection_061_case_08,B,59,-0.9988209815422261,-0.7062730892399115,-0.9988209815422262,-0.9988209815422262,1.1102230246251565e-16,1.1102230246251565e-16
reflection_061_case_08,B,60,-0.9988209815422261,-0.7062730892399115,-0.9988209815422262,-0.9988209815422262,1.1102230246251565e-16,1.1102230246251565e-16
reflection_061_case_08,B,61,-0.9988209815422261,-0.7062730892399115,-0.9988209815422262,-0.9988209815422262,1.1102230246251565e-16,1.1102230246251565e-16
reflection_061_case_08,B,62,-0.9988209815422261,-0.7062730892399115,-0.9988209815422262,-0.9988209815422262,1.1102230246251565e-16,1.1102230246251565e-16
reflection_061_case_08,B,63,-0.9988209815422261,-0.7062730892399115,-0.9988209815422262,-0.9988209815422262,1.1102230246251565e-16,1.1102230246251565e-16
reflection_061_case_08,B,64,-0.9988209815422261,-0.7062730892399115,-0.9988209815422262,-0.9988209815422262,1.1102230246251565e-16,1.1102230246251565e-16
reflection_061_case_09,A,1,-0.1,-0.07071067811865475,,,,
reflection_061_case_09,A,2,-0.19,-0.13435028842544403,,,,
reflection_061_case_09,A,3,-0.271,-0.19162593770155437,,,,
reflection_061_case_09,A,4,-0.3439,-0.24317402205005367,,,,
reflection_061_case_09,A,5,-0.40951,-0.28956729796370306,,,,
reflection_061_case_09,A,6,-0.46855899999999995,-0.3313212462859874,,,,
reflection_061_case_09,A,7,-0.5217031,-0.3688997997760435,,,,
reflection_061_case_09,A,8,-0.56953279,-0.40272049791709386,,,,
reflection_061_case_09,A,9,-0.6125795110000001,-0.43315912624403924,,,,
reflection_061_case_09,A,10,-0.6513215599,-0.46055389173829003,,,,
reflection_061_case_09,A,11,-0.6861894039099999,-0.48520918068311575,,,,
reflection_061_case_09,A,12,-0.717570463519,-0.5073989407334589,,,,
reflection_061_case_09,A,13,-0.7458134171671,-0.5273697247787679,,,,
reflection_061_case_09,A,14,-0.7712320754503901,-0.5453434304195458,,,,
reflection_061_case_09,A,15,-0.794108867905351,-0.5615197654962459,,,,
reflection_061_case_09,A,16,-0.8146979811148158,-0.5760784670652761,,,,
reflection_061_case_09,A,17,-0.8332281830033343,-0.5891812984774032,,,,
reflection_061_case_09,A,18,-0.8499053647030008,-0.6009738467483177,,,,
reflection_061_case_09,A,19,-0.8649148282327008,-0.6115871401921407,,,,
reflection_061_case_09,A,20,-0.8784233454094308,-0.6211391042915814,,,,
reflection_061_case_09,A,21,-0.8905810108684877,-0.6297358719810778,,,,
reflection_061_case_09,A,22,-0.9015229097816388,-0.6374729629016249,,,,
reflection_061_case_09,A,23,-0.911370618803475,-0.6444363447301171,,,,
reflection_061_case_09,A,24,-0.9202335569231275,-0.65070338837576,,,,
reflection_061_case_09,A,25,-0.9282102012308147,-0.6563437276568388,,,,
reflection_061_case_09,A,26,-0.9353891811077333,-0.6614200330098097,,,,
reflection_061_case_09,A,27,-0.9418502629969601,-0.6659887078274835,,,,
reflection_061_case_09,A,28,-0.947665236697264,-0.6701005151633899,,,,
reflection_061_case_09,A,29,-0.9528987130275377,-0.6738011417657057,,,,
reflection_061_case_09,A,30,-0.9576088417247839,-0.6771317057077899,,,,
reflection_061_case_09,A,31,-0.9618479575523055,-0.6801292132556656,,,,
reflection_061_case_09,A,32,-0.9656631617970748,-0.6828269700487537,,,,
reflection_061_case_09,A,33,-0.9690968456173674,-0.6852549511625332,,,,
reflection_061_case_09,A,34,-0.9721871610556307,-0.6874401341649345,,,,
reflection_061_case_09,A,35,-0.9749684449500677,-0.6894067988670959,,,,
reflection_061_case_09,A,36,-0.9774716004550608,-0.691176797099041,,,,
reflection_061_case_09,A,37,-0.9797244404095548,-0.6927697955077916,,,,
reflection_061_case_09,A,38,-0.9817519963685992,-0.6942034940756672,,,,
reflection_061_case_09,A,39,-0.9835767967317393,-0.6954938227867552,,,,
reflection_061_case_09,A,40,-0.9852191170585654,-0.6966551186267345,,,,
reflection_061_case_09,A,41,-0.9866972053527088,-0.6977002848827157,,,,
reflection_061_case_09,A,42,-0.988027484817438,-0.6986409345130988,,,,
reflection_061_case_09,A,43,-0.9892247363356942,-0.6994875191804437,,,,
reflection_061_case_09,A,44,-0.9903022627021247,-0.7002494453810542,,,,
reflection_061_case_09,A,45,-0.9912720364319123,-0.7009351789616034,,,,
reflection_061_case_09,A,46,-0.9921448327887211,-0.701552339184098,,,,
reflection_061_case_09,A,47,-0.992930349509849,-0.702107783384343,,,,
reflection_061_case_09,A,48,-0.9936373145588642,-0.7026076831645633,,,,
reflection_061_case_09,A,49,-0.9942735831029779,-0.7030575929667618,,,,
reflection_061_case_09,A,50,-0.99484622479268,-0.7034625117887404,,,,
reflection_061_case_09,A,51,-0.995361602313412,-0.7038269387285211,,,,
reflection_061_case_09,A,52,-0.9958254420820707,-0.7041549229743237,,,,
reflection_061_case_09,A,53,-0.9962428978738637,-0.7044501087955461,,,,
reflection_061_case_09,A,54,-0.9966186080864773,-0.7047157760346463,,,,
reflection_061_case_09,A,55,-0.9969567472778296,-0.7049548765498366,,,,
reflection_061_case_09,A,56,-0.9972610725500467,-0.7051700670135076,,,,
reflection_061_case_09,A,57,-0.997534965295042,-0.7053637384308116,,,,
reflection_061_case_09,A,58,-0.997781468765538,-0.7055380427063852,,,,
reflection_061_case_09,A,59,-0.9980033218889841,-0.7056949165544014,,,,
reflection_061_case_09,A,60,-0.9982029897000857,-0.7058361030176161,,,,
reflection_061_case_09,A,61,-0.998382690730077,-0.7059631708345092,,,,
reflection_061_case_09,A,62,-0.9985444216570694,-0.706077531869713,,,,
reflection_061_case_09,A,63,-0.9986899794913624,-0.7061804568013964,,,,
reflection_061_case_09,A,64,-0.9988209815422261,-0.7062730892399115,,,,
reflection_061_case_09,B,1,-0.9988209815422261,-0.7062730892399115,-0.9988209815422262,-0.9988209815422262,1.1102230246251565e-16,1.1102230246251565e-16
reflection_061_case_09,B,2,-0.9988209815422261,-0.7062730892399115,-0.9988209815422262,-0.9988209815422262,1.1102230246251565e-16,1.1102230246251565e-16
reflection_061_case_09,B,3,-0.9988209815422261,-0.7062730892399115,-0.9988209815422262,-0.9988209815422262,1.1102230246251565e-16,1.1102230246251565e-16
reflection_061_case_09,B,4,-0.9988209815422261,-0.7062730892399115,-0.9988209815422262,-0.9988209815422262,1.1102230246251565e-16,1.1102230246251565e-16
reflection_061_case_09,B,5,-0.9988209815422261,-0.7062730892399115,-0.9988209815422262,-0.9988209815422262,1.1102230246251565e-16,1.1102230246251565e-16
reflection_061_case_09,B,6,-0.9988209815422261,-0.7062730892399115,-0.9988209815422262,-0.9988209815422262,1.1102230246251565e-16,1.1102230246251565e-16
reflection_061_case_09,B,7,-0.9988209815422261,-0.7062730892399115,-0.9988209815422262,-0.9988209815422262,1.1102230246251565e-16,1.1102230246251565e-16
reflection_061_case_09,B,8,-0.9988209815422261,-0.7062730892399115,-0.9988209815422262,-0.9988209815422262,1.1102230246251565e-16,1.1102230246251565e-16
reflection_061_case_09,B,9,-0.9988209815422261,-0.7062730892399115,-0.9988209815422262,-0.9988209815422262,1.1102230246251565e-16,1.1102230246251565e-16
reflection_061_case_09,B,10,-0.9988209815422261,-0.7062730892399115,-0.9988209815422262,-0.9988209815422262,1.1102230246251565e-16,1.1102230246251565e-16
reflection_061_case_09,B,11,-0.9988209815422261,-0.7062730892399115,-0.9988209815422262,-0.9988209815422262,1.1102230246251565e-16,1.1102230246251565e-16
reflection_061_case_09,B,12,-0.9988209815422261,-0.7062730892399115,-0.9988209815422262,-0.9988209815422262,1.1102230246251565e-16,1.1102230246251565e-16
reflection_061_case_09,B,13,-0.9988209815422261,-0.7062730892399115,-0.9988209815422262,-0.9988209815422262,1.1102230246251565e-16,1.1102230246251565e-16
reflection_061_case_09,B,14,-0.9988209815422261,-0.7062730892399115,-0.9988209815422262,-0.9988209815422262,1.1102230246251565e-16,1.1102230246251565e-16
reflection_061_case_09,B,15,-0.9988209815422261,-0.7062730892399115,-0.9988209815422262,-0.9988209815422262,1.1102230246251565e-16,1.1102230246251565e-16
reflection_061_case_09,B,16,-0.9988209815422261,-0.7062730892399115,-0.9988209815422262,-0.9988209815422262,1.1102230246251565e-16,1.1102230246251565e-16
reflection_061_case_09,B,17,-0.9988209815422261,-0.7062730892399115,-0.9988209815422262,-0.9988209815422262,1.1102230246251565e-16,1.1102230246251565e-16
reflection_061_case_09,B,18,-0.9988209815422261,-0.7062730892399115,-0.9988209815422262,-0.9988209815422262,1.1102230246251565e-16,1.1102230246251565e-16
reflection_061_case_09,B,19,-0.9988209815422261,-0.7062730892399115,-0.9988209815422262,-0.9988209815422262,1.1102230246251565e-16,1.1102230246251565e-16
reflection_061_case_09,B,20,-0.9988209815422261,-0.7062730892399115,-0.9988209815422262,-0.9988209815422262,1.1102230246251565e-16,1.1102230246251565e-16
reflection_061_case_09,B,21,-0.9988209815422261,-0.7062730892399115,-0.9988209815422262,-0.9988209815422262,1.1102230246251565e-16,1.1102230246251565e-16
reflection_061_case_09,B,22,-0.9988209815422261,-0.7062730892399115,-0.9988209815422262,-0.9988209815422262,1.1102230246251565e-16,1.1102230246251565e-16
reflection_061_case_09,B,23,-0.9988209815422261,-0.7062730892399115,-0.9988209815422262,-0.9988209815422262,1.1102230246251565e-16,1.1102230246251565e-16
reflection_061_case_09,B,24,-0.9988209815422261,-0.7062730892399115,-0.9988209815422262,-0.9988209815422262,1.1102230246251565e-16,1.1102230246251565e-16
reflection_061_case_09,B,25,-0.9988209815422261,-0.7062730892399115,-0.9988209815422262,-0.9988209815422262,1.1102230246251565e-16,1.1102230246251565e-16
reflection_061_case_09,B,26,-0.9988209815422261,-0.7062730892399115,-0.9988209815422262,-0.9988209815422262,1.1102230246251565e-16,1.1102230246251565e-16
reflection_061_case_09,B,27,-0.9988209815422261,-0.7062730892399115,-0.9988209815422262,-0.9988209815422262,1.1102230246251565e-16,1.1102230246251565e-16
reflection_061_case_09,B,28,-0.9988209815422261,-0.7062730892399115,-0.9988209815422262,-0.9988209815422262,1.1102230246251565e-16,1.1102230246251565e-16
reflection_061_case_09,B,29,-0.9988209815422261,-0.7062730892399115,-0.9988209815422262,-0.9988209815422262,1.1102230246251565e-16,1.1102230246251565e-16
reflection_061_case_09,B,30,-0.9988209815422261,-0.7062730892399115,-0.9988209815422262,-0.9988209815422262,1.1102230246251565e-16,1.1102230246251565e-16
reflection_061_case_09,B,31,-0.9988209815422261,-0.7062730892399115,-0.9988209815422262,-0.9988209815422262,1.1102230246251565e-16,1.1102230246251565e-16
reflection_061_case_09,B,32,-0.9988209815422261,-0.7062730892399115,-0.9988209815422262,-0.9988209815422262,1.1102230246251565e-16,1.1102230246251565e-16
reflection_061_case_09,B,33,-0.9988209815422261,-0.7062730892399115,-0.9988209815422262,-0.9988209815422262,1.1102230246251565e-16,1.1102230246251565e-16
reflection_061_case_09,B,34,-0.9988209815422261,-0.7062730892399115,-0.9988209815422262,-0.9988209815422262,1.1102230246251565e-16,1.1102230246251565e-16
reflection_061_case_09,B,35,-0.9988209815422261,-0.7062730892399115,-0.9988209815422262,-0.9988209815422262,1.1102230246251565e-16,1.1102230246251565e-16
reflection_061_case_09,B,36,-0.9988209815422261,-0.7062730892399115,-0.9988209815422262,-0.9988209815422262,1.1102230246251565e-16,1.1102230246251565e-16
reflection_061_case_09,B,37,-0.9988209815422261,-0.7062730892399115,-0.9988209815422262,-0.9988209815422262,1.1102230246251565e-16,1.1102230246251565e-16
reflection_061_case_09,B,38,-0.9988209815422261,-0.7062730892399115,-0.9988209815422262,-0.9988209815422262,1.1102230246251565e-16,1.1102230246251565e-16
reflection_061_case_09,B,39,-0.9988209815422261,-0.7062730892399115,-0.9988209815422262,-0.9988209815422262,1.1102230246251565e-16,1.1102230246251565e-16
reflection_061_case_09,B,40,-0.9988209815422261,-0.7062730892399115,-0.9988209815422262,-0.9988209815422262,1.1102230246251565e-16,1.1102230246251565e-16
reflection_061_case_09,B,41,-0.9988209815422261,-0.7062730892399115,-0.9988209815422262,-0.9988209815422262,1.1102230246251565e-16,1.1102230246251565e-16
reflection_061_case_09,B,42,-0.9988209815422261,-0.7062730892399115,-0.9988209815422262,-0.9988209815422262,1.1102230246251565e-16,1.1102230246251565e-16
reflection_061_case_09,B,43,-0.9988209815422261,-0.7062730892399115,-0.9988209815422262,-0.9988209815422262,1.1102230246251565e-16,1.1102230246251565e-16
reflection_061_case_09,B,44,-0.9988209815422261,-0.7062730892399115,-0.9988209815422262,-0.9988209815422262,1.1102230246251565e-16,1.1102230246251565e-16
reflection_061_case_09,B,45,-0.9988209815422261,-0.7062730892399115,-0.9988209815422262,-0.9988209815422262,1.1102230246251565e-16,1.1102230246251565e-16
reflection_061_case_09,B,46,-0.9988209815422261,-0.7062730892399115,-0.9988209815422262,-0.9988209815422262,1.1102230246251565e-16,1.1102230246251565e-16
reflection_061_case_09,B,47,-0.9988209815422261,-0.7062730892399115,-0.9988209815422262,-0.9988209815422262,1.1102230246251565e-16,1.1102230246251565e-16
reflection_061_case_09,B,48,-0.9988209815422261,-0.7062730892399115,-0.9988209815422262,-0.9988209815422262,1.1102230246251565e-16,1.1102230246251565e-16
reflection_061_case_09,B,49,-0.9988209815422261,-0.7062730892399115,-0.9988209815422262,-0.9988209815422262,1.1102230246251565e-16,1.1102230246251565e-16
reflection_061_case_09,B,50,-0.9988209815422261,-0.7062730892399115,-0.9988209815422262,-0.9988209815422262,1.1102230246251565e-16,1.1102230246251565e-16
reflection_061_case_09,B,51,-0.9988209815422261,-0.7062730892399115,-0.9988209815422262,-0.9988209815422262,1.1102230246251565e-16,1.1102230246251565e-16
reflection_061_case_09,B,52,-0.9988209815422261,-0.7062730892399115,-0.9988209815422262,-0.9988209815422262,1.1102230246251565e-16,1.1102230246251565e-16
reflection_061_case_09,B,53,-0.9988209815422261,-0.7062730892399115,-0.9988209815422262,-0.9988209815422262,1.1102230246251565e-16,1.1102230246251565e-16
reflection_061_case_09,B,54,-0.9988209815422261,-0.7062730892399115,-0.9988209815422262,-0.9988209815422262,1.1102230246251565e-16,1.1102230246251565e-16
reflection_061_case_09,B,55,-0.9988209815422261,-0.7062730892399115,-0.9988209815422262,-0.9988209815422262,1.1102230246251565e-16,1.1102230246251565e-16
reflection_061_case_09,B,56,-0.9988209815422261,-0.7062730892399115,-0.9988209815422262,-0.9988209815422262,1.1102230246251565e-16,1.1102230246251565e-16
reflection_061_case_09,B,57,-0.9988209815422261,-0.7062730892399115,-0.9988209815422262,-0.9988209815422262,1.1102230246251565e-16,1.1102230246251565e-16
reflection_061_case_09,B,58,-0.9988209815422261,-0.7062730892399115,-0.9988209815422262,-0.9988209815422262,1.1102230246251565e-16,1.1102230246251565e-16
reflection_061_case_09,B,59,-0.9988209815422261,-0.7062730892399115,-0.9988209815422262,-0.9988209815422262,1.1102230246251565e-16,1.1102230246251565e-16
reflection_061_case_09,B,60,-0.9988209815422261,-0.7062730892399115,-0.9988209815422262,-0.9988209815422262,1.1102230246251565e-16,1.1102230246251565e-16
reflection_061_case_09,B,61,-0.9988209815422261,-0.7062730892399115,-0.9988209815422262,-0.9988209815422262,1.1102230246251565e-16,1.1102230246251565e-16
reflection_061_case_09,B,62,-0.9988209815422261,-0.7062730892399115,-0.9988209815422262,-0.9988209815422262,1.1102230246251565e-16,1.1102230246251565e-16
reflection_061_case_09,B,63,-0.9988209815422261,-0.7062730892399115,-0.9988209815422262,-0.9988209815422262,1.1102230246251565e-16,1.1102230246251565e-16
reflection_061_case_09,B,64,-0.9988209815422261,-0.7062730892399115,-0.9988209815422262,-0.9988209815422262,1.1102230246251565e-16,1.1102230246251565e-16
reflection_061_case_10,A,1,0.1,0.07071067811865475,,,,
reflection_061_case_10,A,2,0.19,0.13435028842544403,,,,
reflection_061_case_10,A,3,0.271,0.19162593770155437,,,,
reflection_061_case_10,A,4,0.3439,0.24317402205005367,,,,
reflection_061_case_10,A,5,0.40951,0.28956729796370306,,,,
reflection_061_case_10,A,6,0.46855899999999995,0.3313212462859874,,,,
reflection_061_case_10,A,7,0.5217031,0.3688997997760435,,,,
reflection_061_case_10,A,8,0.56953279,0.40272049791709386,,,,
reflection_061_case_10,A,9,0.6125795110000001,0.43315912624403924,,,,
reflection_061_case_10,A,10,0.6513215599,0.46055389173829003,,,,
reflection_061_case_10,A,11,0.6861894039099999,0.48520918068311575,,,,
reflection_061_case_10,A,12,0.717570463519,0.5073989407334589,,,,
reflection_061_case_10,A,13,0.7458134171671,0.5273697247787679,,,,
reflection_061_case_10,A,14,0.7712320754503901,0.5453434304195458,,,,
reflection_061_case_10,A,15,0.794108867905351,0.5615197654962459,,,,
reflection_061_case_10,A,16,0.8146979811148158,0.5760784670652761,,,,
reflection_061_case_10,A,17,0.8332281830033343,0.5891812984774032,,,,
reflection_061_case_10,A,18,0.8499053647030008,0.6009738467483177,,,,
reflection_061_case_10,A,19,0.8649148282327008,0.6115871401921407,,,,
reflection_061_case_10,A,20,0.8784233454094308,0.6211391042915814,,,,
reflection_061_case_10,A,21,0.8905810108684877,0.6297358719810778,,,,
reflection_061_case_10,A,22,0.9015229097816388,0.6374729629016249,,,,
reflection_061_case_10,A,23,0.911370618803475,0.6444363447301171,,,,
reflection_061_case_10,A,24,0.9202335569231275,0.65070338837576,,,,
reflection_061_case_10,A,25,0.9282102012308147,0.6563437276568388,,,,
reflection_061_case_10,A,26,0.9353891811077333,0.6614200330098097,,,,
reflection_061_case_10,A,27,0.9418502629969601,0.6659887078274835,,,,
reflection_061_case_10,A,28,0.947665236697264,0.6701005151633899,,,,
reflection_061_case_10,A,29,0.9528987130275377,0.6738011417657057,,,,
reflection_061_case_10,A,30,0.9576088417247839,0.6771317057077899,,,,
reflection_061_case_10,A,31,0.9618479575523055,0.6801292132556656,,,,
reflection_061_case_10,A,32,0.9656631617970748,0.6828269700487537,,,,
reflection_061_case_10,A,33,0.9690968456173674,0.6852549511625332,,,,
reflection_061_case_10,A,34,0.9721871610556307,0.6874401341649345,,,,
reflection_061_case_10,A,35,0.9749684449500677,0.6894067988670959,,,,
reflection_061_case_10,A,36,0.9774716004550608,0.691176797099041,,,,
reflection_061_case_10,A,37,0.9797244404095548,0.6927697955077916,,,,
reflection_061_case_10,A,38,0.9817519963685992,0.6942034940756672,,,,
reflection_061_case_10,A,39,0.9835767967317393,0.6954938227867552,,,,
reflection_061_case_10,A,40,0.9852191170585654,0.6966551186267345,,,,
reflection_061_case_10,A,41,0.9866972053527088,0.6977002848827157,,,,
reflection_061_case_10,A,42,0.988027484817438,0.6986409345130988,,,,
reflection_061_case_10,A,43,0.9892247363356942,0.6994875191804437,,,,
reflection_061_case_10,A,44,0.9903022627021247,0.7002494453810542,,,,
reflection_061_case_10,A,45,0.9912720364319123,0.7009351789616034,,,,
reflection_061_case_10,A,46,0.9921448327887211,0.701552339184098,,,,
reflection_061_case_10,A,47,0.992930349509849,0.702107783384343,,,,
reflection_061_case_10,A,48,0.9936373145588642,0.7026076831645633,,,,
reflection_061_case_10,A,49,0.9942735831029779,0.7030575929667618,,,,
reflection_061_case_10,A,50,0.99484622479268,0.7034625117887404,,,,
reflection_061_case_10,A,51,0.995361602313412,0.7038269387285211,,,,
reflection_061_case_10,A,52,0.9958254420820707,0.7041549229743237,,,,
reflection_061_case_10,A,53,0.9962428978738637,0.7044501087955461,,,,
reflection_061_case_10,A,54,0.9966186080864773,0.7047157760346463,,,,
reflection_061_case_10,A,55,0.9969567472778296,0.7049548765498366,,,,
reflection_061_case_10,A,56,0.9972610725500467,0.7051700670135076,,,,
reflection_061_case_10,A,57,0.997534965295042,0.7053637384308116,,,,
reflection_061_case_10,A,58,0.997781468765538,0.7055380427063852,,,,
reflection_061_case_10,A,59,0.9980033218889841,0.7056949165544014,,,,
reflection_061_case_10,A,60,0.9982029897000857,0.7058361030176161,,,,
reflection_061_case_10,A,61,0.998382690730077,0.7059631708345092,,,,
reflection_061_case_10,A,62,0.9985444216570694,0.706077531869713,,,,
reflection_061_case_10,A,63,0.9986899794913624,0.7061804568013964,,,,
reflection_061_case_10,A,64,0.9988209815422261,0.7062730892399115,,,,
reflection_061_case_10,B,1,0.9988209815422261,0.7062730892399115,0.9988209815422262,0.9988209815422262,1.1102230246251565e-16,1.1102230246251565e-16
reflection_061_case_10,B,2,0.9988209815422261,0.7062730892399115,0.9988209815422262,0.9988209815422262,1.1102230246251565e-16,1.1102230246251565e-16
reflection_061_case_10,B,3,0.9988209815422261,0.7062730892399115,0.9988209815422262,0.9988209815422262,1.1102230246251565e-16,1.1102230246251565e-16
reflection_061_case_10,B,4,0.9988209815422261,0.7062730892399115,0.9988209815422262,0.9988209815422262,1.1102230246251565e-16,1.1102230246251565e-16
reflection_061_case_10,B,5,0.9988209815422261,0.7062730892399115,0.9988209815422262,0.9988209815422262,1.1102230246251565e-16,1.1102230246251565e-16
reflection_061_case_10,B,6,0.9988209815422261,0.7062730892399115,0.9988209815422262,0.9988209815422262,1.1102230246251565e-16,1.1102230246251565e-16
reflection_061_case_10,B,7,0.9988209815422261,0.7062730892399115,0.9988209815422262,0.9988209815422262,1.1102230246251565e-16,1.1102230246251565e-16
reflection_061_case_10,B,8,0.9988209815422261,0.7062730892399115,0.9988209815422262,0.9988209815422262,1.1102230246251565e-16,1.1102230246251565e-16
reflection_061_case_10,B,9,0.9988209815422261,0.7062730892399115,0.9988209815422262,0.9988209815422262,1.1102230246251565e-16,1.1102230246251565e-16
reflection_061_case_10,B,10,0.9988209815422261,0.7062730892399115,0.9988209815422262,0.9988209815422262,1.1102230246251565e-16,1.1102230246251565e-16
reflection_061_case_10,B,11,0.9988209815422261,0.7062730892399115,0.9988209815422262,0.9988209815422262,1.1102230246251565e-16,1.1102230246251565e-16
reflection_061_case_10,B,12,0.9988209815422261,0.7062730892399115,0.9988209815422262,0.9988209815422262,1.1102230246251565e-16,1.1102230246251565e-16
reflection_061_case_10,B,13,0.9988209815422261,0.7062730892399115,0.9988209815422262,0.9988209815422262,1.1102230246251565e-16,1.1102230246251565e-16
reflection_061_case_10,B,14,0.9988209815422261,0.7062730892399115,0.9988209815422262,0.9988209815422262,1.1102230246251565e-16,1.1102230246251565e-16
reflection_061_case_10,B,15,0.9988209815422261,0.7062730892399115,0.9988209815422262,0.9988209815422262,1.1102230246251565e-16,1.1102230246251565e-16
reflection_061_case_10,B,16,0.9988209815422261,0.7062730892399115,0.9988209815422262,0.9988209815422262,1.1102230246251565e-16,1.1102230246251565e-16
reflection_061_case_10,B,17,0.9988209815422261,0.7062730892399115,0.9988209815422262,0.9988209815422262,1.1102230246251565e-16,1.1102230246251565e-16
reflection_061_case_10,B,18,0.9988209815422261,0.7062730892399115,0.9988209815422262,0.9988209815422262,1.1102230246251565e-16,1.1102230246251565e-16
reflection_061_case_10,B,19,0.9988209815422261,0.7062730892399115,0.9988209815422262,0.9988209815422262,1.1102230246251565e-16,1.1102230246251565e-16
reflection_061_case_10,B,20,0.9988209815422261,0.7062730892399115,0.9988209815422262,0.9988209815422262,1.1102230246251565e-16,1.1102230246251565e-16
reflection_061_case_10,B,21,0.9988209815422261,0.7062730892399115,0.9988209815422262,0.9988209815422262,1.1102230246251565e-16,1.1102230246251565e-16
reflection_061_case_10,B,22,0.9988209815422261,0.7062730892399115,0.9988209815422262,0.9988209815422262,1.1102230246251565e-16,1.1102230246251565e-16
reflection_061_case_10,B,23,0.9988209815422261,0.7062730892399115,0.9988209815422262,0.9988209815422262,1.1102230246251565e-16,1.1102230246251565e-16
reflection_061_case_10,B,24,0.9988209815422261,0.7062730892399115,0.9988209815422262,0.9988209815422262,1.1102230246251565e-16,1.1102230246251565e-16
reflection_061_case_10,B,25,0.9988209815422261,0.7062730892399115,0.9988209815422262,0.9988209815422262,1.1102230246251565e-16,1.1102230246251565e-16
reflection_061_case_10,B,26,0.9988209815422261,0.7062730892399115,0.9988209815422262,0.9988209815422262,1.1102230246251565e-16,1.1102230246251565e-16
reflection_061_case_10,B,27,0.9988209815422261,0.7062730892399115,0.9988209815422262,0.9988209815422262,1.1102230246251565e-16,1.1102230246251565e-16
reflection_061_case_10,B,28,0.9988209815422261,0.7062730892399115,0.9988209815422262,0.9988209815422262,1.1102230246251565e-16,1.1102230246251565e-16
reflection_061_case_10,B,29,0.9988209815422261,0.7062730892399115,0.9988209815422262,0.9988209815422262,1.1102230246251565e-16,1.1102230246251565e-16
reflection_061_case_10,B,30,0.9988209815422261,0.7062730892399115,0.9988209815422262,0.9988209815422262,1.1102230246251565e-16,1.1102230246251565e-16
reflection_061_case_10,B,31,0.9988209815422261,0.7062730892399115,0.9988209815422262,0.9988209815422262,1.1102230246251565e-16,1.1102230246251565e-16
reflection_061_case_10,B,32,0.9988209815422261,0.7062730892399115,0.9988209815422262,0.9988209815422262,1.1102230246251565e-16,1.1102230246251565e-16
reflection_061_case_10,B,33,0.9988209815422261,0.7062730892399115,0.9988209815422262,0.9988209815422262,1.1102230246251565e-16,1.1102230246251565e-16
reflection_061_case_10,B,34,0.9988209815422261,0.7062730892399115,0.9988209815422262,0.9988209815422262,1.1102230246251565e-16,1.1102230246251565e-16
reflection_061_case_10,B,35,0.9988209815422261,0.7062730892399115,0.9988209815422262,0.9988209815422262,1.1102230246251565e-16,1.1102230246251565e-16
reflection_061_case_10,B,36,0.9988209815422261,0.7062730892399115,0.9988209815422262,0.9988209815422262,1.1102230246251565e-16,1.1102230246251565e-16
reflection_061_case_10,B,37,0.9988209815422261,0.7062730892399115,0.9988209815422262,0.9988209815422262,1.1102230246251565e-16,1.1102230246251565e-16
reflection_061_case_10,B,38,0.9988209815422261,0.7062730892399115,0.9988209815422262,0.9988209815422262,1.1102230246251565e-16,1.1102230246251565e-16
reflection_061_case_10,B,39,0.9988209815422261,0.7062730892399115,0.9988209815422262,0.9988209815422262,1.1102230246251565e-16,1.1102230246251565e-16
reflection_061_case_10,B,40,0.9988209815422261,0.7062730892399115,0.9988209815422262,0.9988209815422262,1.1102230246251565e-16,1.1102230246251565e-16
reflection_061_case_10,B,41,0.9988209815422261,0.7062730892399115,0.9988209815422262,0.9988209815422262,1.1102230246251565e-16,1.1102230246251565e-16
reflection_061_case_10,B,42,0.9988209815422261,0.7062730892399115,0.9988209815422262,0.9988209815422262,1.1102230246251565e-16,1.1102230246251565e-16
reflection_061_case_10,B,43,0.9988209815422261,0.7062730892399115,0.9988209815422262,0.9988209815422262,1.1102230246251565e-16,1.1102230246251565e-16
reflection_061_case_10,B,44,0.9988209815422261,0.7062730892399115,0.9988209815422262,0.9988209815422262,1.1102230246251565e-16,1.1102230246251565e-16
reflection_061_case_10,B,45,0.9988209815422261,0.7062730892399115,0.9988209815422262,0.9988209815422262,1.1102230246251565e-16,1.1102230246251565e-16
reflection_061_case_10,B,46,0.9988209815422261,0.7062730892399115,0.9988209815422262,0.9988209815422262,1.1102230246251565e-16,1.1102230246251565e-16
reflection_061_case_10,B,47,0.9988209815422261,0.7062730892399115,0.9988209815422262,0.9988209815422262,1.1102230246251565e-16,1.1102230246251565e-16
reflection_061_case_10,B,48,0.9988209815422261,0.7062730892399115,0.9988209815422262,0.9988209815422262,1.1102230246251565e-16,1.1102230246251565e-16
reflection_061_case_10,B,49,0.9988209815422261,0.7062730892399115,0.9988209815422262,0.9988209815422262,1.1102230246251565e-16,1.1102230246251565e-16
reflection_061_case_10,B,50,0.9988209815422261,0.7062730892399115,0.9988209815422262,0.9988209815422262,1.1102230246251565e-16,1.1102230246251565e-16
reflection_061_case_10,B,51,0.9988209815422261,0.7062730892399115,0.9988209815422262,0.9988209815422262,1.1102230246251565e-16,1.1102230246251565e-16
reflection_061_case_10,B,52,0.9988209815422261,0.7062730892399115,0.9988209815422262,0.9988209815422262,1.1102230246251565e-16,1.1102230246251565e-16
reflection_061_case_10,B,53,0.9988209815422261,0.7062730892399115,0.9988209815422262,0.9988209815422262,1.1102230246251565e-16,1.1102230246251565e-16
reflection_061_case_10,B,54,0.9988209815422261,0.7062730892399115,0.9988209815422262,0.9988209815422262,1.1102230246251565e-16,1.1102230246251565e-16
reflection_061_case_10,B,55,0.9988209815422261,0.7062730892399115,0.9988209815422262,0.9988209815422262,1.1102230246251565e-16,1.1102230246251565e-16
reflection_061_case_10,B,56,0.9988209815422261,0.7062730892399115,0.9988209815422262,0.9988209815422262,1.1102230246251565e-16,1.1102230246251565e-16
reflection_061_case_10,B,57,0.9988209815422261,0.7062730892399115,0.9988209815422262,0.9988209815422262,1.1102230246251565e-16,1.1102230246251565e-16
reflection_061_case_10,B,58,0.9988209815422261,0.7062730892399115,0.9988209815422262,0.9988209815422262,1.1102230246251565e-16,1.1102230246251565e-16
reflection_061_case_10,B,59,0.9988209815422261,0.7062730892399115,0.9988209815422262,0.9988209815422262,1.1102230246251565e-16,1.1102230246251565e-16
reflection_061_case_10,B,60,0.9988209815422261,0.7062730892399115,0.9988209815422262,0.9988209815422262,1.1102230246251565e-16,1.1102230246251565e-16
reflection_061_case_10,B,61,0.9988209815422261,0.7062730892399115,0.9988209815422262,0.9988209815422262,1.1102230246251565e-16,1.1102230246251565e-16
reflection_061_case_10,B,62,0.9988209815422261,0.7062730892399115,0.9988209815422262,0.9988209815422262,1.1102230246251565e-16,1.1102230246251565e-16
reflection_061_case_10,B,63,0.9988209815422261,0.7062730892399115,0.9988209815422262,0.9988209815422262,1.1102230246251565e-16,1.1102230246251565e-16
reflection_061_case_10,B,64,0.9988209815422261,0.7062730892399115,0.9988209815422262,0.9988209815422262,1.1102230246251565e-16,1.1102230246251565e-16
reflection_061_case_11,A,1,0.1,0.07071067811865475,,,,
reflection_061_case_11,A,2,0.19,0.13435028842544403,,,,
reflection_061_case_11,A,3,0.271,0.19162593770155437,,,,
reflection_061_case_11,A,4,0.3439,0.24317402205005367,,,,
reflection_061_case_11,A,5,0.40951,0.28956729796370306,,,,
reflection_061_case_11,A,6,0.46855899999999995,0.3313212462859874,,,,
reflection_061_case_11,A,7,0.5217031,0.3688997997760435,,,,
reflection_061_case_11,A,8,0.56953279,0.40272049791709386,,,,
reflection_061_case_11,A,9,0.6125795110000001,0.43315912624403924,,,,
reflection_061_case_11,A,10,0.6513215599,0.46055389173829003,,,,
reflection_061_case_11,A,11,0.6861894039099999,0.48520918068311575,,,,
reflection_061_case_11,A,12,0.717570463519,0.5073989407334589,,,,
reflection_061_case_11,A,13,0.7458134171671,0.5273697247787679,,,,
reflection_061_case_11,A,14,0.7712320754503901,0.5453434304195458,,,,
reflection_061_case_11,A,15,0.794108867905351,0.5615197654962459,,,,
reflection_061_case_11,A,16,0.8146979811148158,0.5760784670652761,,,,
reflection_061_case_11,A,17,0.8332281830033343,0.5891812984774032,,,,
reflection_061_case_11,A,18,0.8499053647030008,0.6009738467483177,,,,
reflection_061_case_11,A,19,0.8649148282327008,0.6115871401921407,,,,
reflection_061_case_11,A,20,0.8784233454094308,0.6211391042915814,,,,
reflection_061_case_11,A,21,0.8905810108684877,0.6297358719810778,,,,
reflection_061_case_11,A,22,0.9015229097816388,0.6374729629016249,,,,
reflection_061_case_11,A,23,0.911370618803475,0.6444363447301171,,,,
reflection_061_case_11,A,24,0.9202335569231275,0.65070338837576,,,,
reflection_061_case_11,A,25,0.9282102012308147,0.6563437276568388,,,,
reflection_061_case_11,A,26,0.9353891811077333,0.6614200330098097,,,,
reflection_061_case_11,A,27,0.9418502629969601,0.6659887078274835,,,,
reflection_061_case_11,A,28,0.947665236697264,0.6701005151633899,,,,
reflection_061_case_11,A,29,0.9528987130275377,0.6738011417657057,,,,
reflection_061_case_11,A,30,0.9576088417247839,0.6771317057077899,,,,
reflection_061_case_11,A,31,0.9618479575523055,0.6801292132556656,,,,
reflection_061_case_11,A,32,0.9656631617970748,0.6828269700487537,,,,
reflection_061_case_11,A,33,0.9690968456173674,0.6852549511625332,,,,
reflection_061_case_11,A,34,0.9721871610556307,0.6874401341649345,,,,
reflection_061_case_11,A,35,0.9749684449500677,0.6894067988670959,,,,
reflection_061_case_11,A,36,0.9774716004550608,0.691176797099041,,,,
reflection_061_case_11,A,37,0.9797244404095548,0.6927697955077916,,,,
reflection_061_case_11,A,38,0.9817519963685992,0.6942034940756672,,,,
reflection_061_case_11,A,39,0.9835767967317393,0.6954938227867552,,,,
reflection_061_case_11,A,40,0.9852191170585654,0.6966551186267345,,,,
reflection_061_case_11,A,41,0.9866972053527088,0.6977002848827157,,,,
reflection_061_case_11,A,42,0.988027484817438,0.6986409345130988,,,,
reflection_061_case_11,A,43,0.9892247363356942,0.6994875191804437,,,,
reflection_061_case_11,A,44,0.9903022627021247,0.7002494453810542,,,,
reflection_061_case_11,A,45,0.9912720364319123,0.7009351789616034,,,,
reflection_061_case_11,A,46,0.9921448327887211,0.701552339184098,,,,
reflection_061_case_11,A,47,0.992930349509849,0.702107783384343,,,,
reflection_061_case_11,A,48,0.9936373145588642,0.7026076831645633,,,,
reflection_061_case_11,A,49,0.9942735831029779,0.7030575929667618,,,,
reflection_061_case_11,A,50,0.99484622479268,0.7034625117887404,,,,
reflection_061_case_11,A,51,0.995361602313412,0.7038269387285211,,,,
reflection_061_case_11,A,52,0.9958254420820707,0.7041549229743237,,,,
reflection_061_case_11,A,53,0.9962428978738637,0.7044501087955461,,,,
reflection_061_case_11,A,54,0.9966186080864773,0.7047157760346463,,,,
reflection_061_case_11,A,55,0.9969567472778296,0.7049548765498366,,,,
reflection_061_case_11,A,56,0.9972610725500467,0.7051700670135076,,,,
reflection_061_case_11,A,57,0.997534965295042,0.7053637384308116,,,,
reflection_061_case_11,A,58,0.997781468765538,0.7055380427063852,,,,
reflection_061_case_11,A,59,0.9980033218889841,0.7056949165544014,,,,
reflection_061_case_11,A,60,0.9982029897000857,0.7058361030176161,,,,
reflection_061_case_11,A,61,0.998382690730077,0.7059631708345092,,,,
reflection_061_case_11,A,62,0.9985444216570694,0.706077531869713,,,,
reflection_061_case_11,A,63,0.9986899794913624,0.7061804568013964,,,,
reflection_061_case_11,A,64,0.9988209815422261,0.7062730892399115,,,,
reflection_061_case_11,B,1,0.9988209815422261,0.7062730892399115,0.9988209815422262,0.9988209815422262,1.1102230246251565e-16,1.1102230246251565e-16
reflection_061_case_11,B,2,0.9988209815422261,0.7062730892399115,0.9988209815422262,0.9988209815422262,1.1102230246251565e-16,1.1102230246251565e-16
reflection_061_case_11,B,3,0.9988209815422261,0.7062730892399115,0.9988209815422262,0.9988209815422262,1.1102230246251565e-16,1.1102230246251565e-16
reflection_061_case_11,B,4,0.9988209815422261,0.7062730892399115,0.9988209815422262,0.9988209815422262,1.1102230246251565e-16,1.1102230246251565e-16
reflection_061_case_11,B,5,0.9988209815422261,0.7062730892399115,0.9988209815422262,0.9988209815422262,1.1102230246251565e-16,1.1102230246251565e-16
reflection_061_case_11,B,6,0.9988209815422261,0.7062730892399115,0.9988209815422262,0.9988209815422262,1.1102230246251565e-16,1.1102230246251565e-16
reflection_061_case_11,B,7,0.9988209815422261,0.7062730892399115,0.9988209815422262,0.9988209815422262,1.1102230246251565e-16,1.1102230246251565e-16
reflection_061_case_11,B,8,0.9988209815422261,0.7062730892399115,0.9988209815422262,0.9988209815422262,1.1102230246251565e-16,1.1102230246251565e-16
reflection_061_case_11,B,9,0.9988209815422261,0.7062730892399115,0.9988209815422262,0.9988209815422262,1.1102230246251565e-16,1.1102230246251565e-16
reflection_061_case_11,B,10,0.9988209815422261,0.7062730892399115,0.9988209815422262,0.9988209815422262,1.1102230246251565e-16,1.1102230246251565e-16
reflection_061_case_11,B,11,0.9988209815422261,0.7062730892399115,0.9988209815422262,0.9988209815422262,1.1102230246251565e-16,1.1102230246251565e-16
reflection_061_case_11,B,12,0.9988209815422261,0.7062730892399115,0.9988209815422262,0.9988209815422262,1.1102230246251565e-16,1.1102230246251565e-16
reflection_061_case_11,B,13,0.9988209815422261,0.7062730892399115,0.9988209815422262,0.9988209815422262,1.1102230246251565e-16,1.1102230246251565e-16
reflection_061_case_11,B,14,0.9988209815422261,0.7062730892399115,0.9988209815422262,0.9988209815422262,1.1102230246251565e-16,1.1102230246251565e-16
reflection_061_case_11,B,15,0.9988209815422261,0.7062730892399115,0.9988209815422262,0.9988209815422262,1.1102230246251565e-16,1.1102230246251565e-16
reflection_061_case_11,B,16,0.9988209815422261,0.7062730892399115,0.9988209815422262,0.9988209815422262,1.1102230246251565e-16,1.1102230246251565e-16
reflection_061_case_11,B,17,0.9988209815422261,0.7062730892399115,0.9988209815422262,0.9988209815422262,1.1102230246251565e-16,1.1102230246251565e-16
reflection_061_case_11,B,18,0.9988209815422261,0.7062730892399115,0.9988209815422262,0.9988209815422262,1.1102230246251565e-16,1.1102230246251565e-16
reflection_061_case_11,B,19,0.9988209815422261,0.7062730892399115,0.9988209815422262,0.9988209815422262,1.1102230246251565e-16,1.1102230246251565e-16
reflection_061_case_11,B,20,0.9988209815422261,0.7062730892399115,0.9988209815422262,0.9988209815422262,1.1102230246251565e-16,1.1102230246251565e-16
reflection_061_case_11,B,21,0.9988209815422261,0.7062730892399115,0.9988209815422262,0.9988209815422262,1.1102230246251565e-16,1.1102230246251565e-16
reflection_061_case_11,B,22,0.9988209815422261,0.7062730892399115,0.9988209815422262,0.9988209815422262,1.1102230246251565e-16,1.1102230246251565e-16
reflection_061_case_11,B,23,0.9988209815422261,0.7062730892399115,0.9988209815422262,0.9988209815422262,1.1102230246251565e-16,1.1102230246251565e-16
reflection_061_case_11,B,24,0.9988209815422261,0.7062730892399115,0.9988209815422262,0.9988209815422262,1.1102230246251565e-16,1.1102230246251565e-16
reflection_061_case_11,B,25,0.9988209815422261,0.7062730892399115,0.9988209815422262,0.9988209815422262,1.1102230246251565e-16,1.1102230246251565e-16
reflection_061_case_11,B,26,0.9988209815422261,0.7062730892399115,0.9988209815422262,0.9988209815422262,1.1102230246251565e-16,1.1102230246251565e-16
reflection_061_case_11,B,27,0.9988209815422261,0.7062730892399115,0.9988209815422262,0.9988209815422262,1.1102230246251565e-16,1.1102230246251565e-16
reflection_061_case_11,B,28,0.9988209815422261,0.7062730892399115,0.9988209815422262,0.9988209815422262,1.1102230246251565e-16,1.1102230246251565e-16
reflection_061_case_11,B,29,0.9988209815422261,0.7062730892399115,0.9988209815422262,0.9988209815422262,1.1102230246251565e-16,1.1102230246251565e-16
reflection_061_case_11,B,30,0.9988209815422261,0.7062730892399115,0.9988209815422262,0.9988209815422262,1.1102230246251565e-16,1.1102230246251565e-16
reflection_061_case_11,B,31,0.9988209815422261,0.7062730892399115,0.9988209815422262,0.9988209815422262,1.1102230246251565e-16,1.1102230246251565e-16
reflection_061_case_11,B,32,0.9988209815422261,0.7062730892399115,0.9988209815422262,0.9988209815422262,1.1102230246251565e-16,1.1102230246251565e-16
reflection_061_case_11,B,33,0.9988209815422261,0.7062730892399115,0.9988209815422262,0.9988209815422262,1.1102230246251565e-16,1.1102230246251565e-16
reflection_061_case_11,B,34,0.9988209815422261,0.7062730892399115,0.9988209815422262,0.9988209815422262,1.1102230246251565e-16,1.1102230246251565e-16
reflection_061_case_11,B,35,0.9988209815422261,0.7062730892399115,0.9988209815422262,0.9988209815422262,1.1102230246251565e-16,1.1102230246251565e-16
reflection_061_case_11,B,36,0.9988209815422261,0.7062730892399115,0.9988209815422262,0.9988209815422262,1.1102230246251565e-16,1.1102230246251565e-16
reflection_061_case_11,B,37,0.9988209815422261,0.7062730892399115,0.9988209815422262,0.9988209815422262,1.1102230246251565e-16,1.1102230246251565e-16
reflection_061_case_11,B,38,0.9988209815422261,0.7062730892399115,0.9988209815422262,0.9988209815422262,1.1102230246251565e-16,1.1102230246251565e-16
reflection_061_case_11,B,39,0.9988209815422261,0.7062730892399115,0.9988209815422262,0.9988209815422262,1.1102230246251565e-16,1.1102230246251565e-16
reflection_061_case_11,B,40,0.9988209815422261,0.7062730892399115,0.9988209815422262,0.9988209815422262,1.1102230246251565e-16,1.1102230246251565e-16
reflection_061_case_11,B,41,0.9988209815422261,0.7062730892399115,0.9988209815422262,0.9988209815422262,1.1102230246251565e-16,1.1102230246251565e-16
reflection_061_case_11,B,42,0.9988209815422261,0.7062730892399115,0.9988209815422262,0.9988209815422262,1.1102230246251565e-16,1.1102230246251565e-16
reflection_061_case_11,B,43,0.9988209815422261,0.7062730892399115,0.9988209815422262,0.9988209815422262,1.1102230246251565e-16,1.1102230246251565e-16
reflection_061_case_11,B,44,0.9988209815422261,0.7062730892399115,0.9988209815422262,0.9988209815422262,1.1102230246251565e-16,1.1102230246251565e-16
reflection_061_case_11,B,45,0.9988209815422261,0.7062730892399115,0.9988209815422262,0.9988209815422262,1.1102230246251565e-16,1.1102230246251565e-16
reflection_061_case_11,B,46,0.9988209815422261,0.7062730892399115,0.9988209815422262,0.9988209815422262,1.1102230246251565e-16,1.1102230246251565e-16
reflection_061_case_11,B,47,0.9988209815422261,0.7062730892399115,0.9988209815422262,0.9988209815422262,1.1102230246251565e-16,1.1102230246251565e-16
reflection_061_case_11,B,48,0.9988209815422261,0.7062730892399115,0.9988209815422262,0.9988209815422262,1.1102230246251565e-16,1.1102230246251565e-16
reflection_061_case_11,B,49,0.9988209815422261,0.7062730892399115,0.9988209815422262,0.9988209815422262,1.1102230246251565e-16,1.1102230246251565e-16
reflection_061_case_11,B,50,0.9988209815422261,0.7062730892399115,0.9988209815422262,0.9988209815422262,1.1102230246251565e-16,1.1102230246251565e-16
reflection_061_case_11,B,51,0.9988209815422261,0.7062730892399115,0.9988209815422262,0.9988209815422262,1.1102230246251565e-16,1.1102230246251565e-16
reflection_061_case_11,B,52,0.9988209815422261,0.7062730892399115,0.9988209815422262,0.9988209815422262,1.1102230246251565e-16,1.1102230246251565e-16
reflection_061_case_11,B,53,0.9988209815422261,0.7062730892399115,0.9988209815422262,0.9988209815422262,1.1102230246251565e-16,1.1102230246251565e-16
reflection_061_case_11,B,54,0.9988209815422261,0.7062730892399115,0.9988209815422262,0.9988209815422262,1.1102230246251565e-16,1.1102230246251565e-16
reflection_061_case_11,B,55,0.9988209815422261,0.7062730892399115,0.9988209815422262,0.9988209815422262,1.1102230246251565e-16,1.1102230246251565e-16
reflection_061_case_11,B,56,0.9988209815422261,0.7062730892399115,0.9988209815422262,0.9988209815422262,1.1102230246251565e-16,1.1102230246251565e-16
reflection_061_case_11,B,57,0.9988209815422261,0.7062730892399115,0.9988209815422262,0.9988209815422262,1.1102230246251565e-16,1.1102230246251565e-16
reflection_061_case_11,B,58,0.9988209815422261,0.7062730892399115,0.9988209815422262,0.9988209815422262,1.1102230246251565e-16,1.1102230246251565e-16
reflection_061_case_11,B,59,0.9988209815422261,0.7062730892399115,0.9988209815422262,0.9988209815422262,1.1102230246251565e-16,1.1102230246251565e-16
reflection_061_case_11,B,60,0.9988209815422261,0.7062730892399115,0.9988209815422262,0.9988209815422262,1.1102230246251565e-16,1.1102230246251565e-16
reflection_061_case_11,B,61,0.9988209815422261,0.7062730892399115,0.9988209815422262,0.9988209815422262,1.1102230246251565e-16,1.1102230246251565e-16
reflection_061_case_11,B,62,0.9988209815422261,0.7062730892399115,0.9988209815422262,0.9988209815422262,1.1102230246251565e-16,1.1102230246251565e-16
reflection_061_case_11,B,63,0.9988209815422261,0.7062730892399115,0.9988209815422262,0.9988209815422262,1.1102230246251565e-16,1.1102230246251565e-16
reflection_061_case_11,B,64,0.9988209815422261,0.7062730892399115,0.9988209815422262,0.9988209815422262,1.1102230246251565e-16,1.1102230246251565e-16
collinear_00,A,1,-0.1,-0.1,,,,
collinear_00,A,2,-0.19,-0.19,,,,
collinear_00,A,3,-0.271,-0.271,,,,
collinear_00,A,4,-0.34390000000000004,-0.34390000000000004,,,,
collinear_00,A,5,-0.40951000000000004,-0.40951000000000004,,,,
collinear_00,A,6,-0.46855900000000006,-0.46855900000000006,,,,
collinear_00,A,7,-0.5217031000000001,-0.5217031000000001,,,,
collinear_00,A,8,-0.5695327900000001,-0.5695327900000001,,,,
collinear_00,A,9,-0.6125795110000001,-0.6125795110000001,,,,
collinear_00,A,10,-0.6513215599000001,-0.6513215599000001,,,,
collinear_00,A,11,-0.68618940391,-0.68618940391,,,,
collinear_00,A,12,-0.717570463519,-0.717570463519,,,,
collinear_00,A,13,-0.7458134171671,-0.7458134171671,,,,
collinear_00,A,14,-0.7712320754503901,-0.7712320754503901,,,,
collinear_00,A,15,-0.7941088679053511,-0.7941088679053511,,,,
collinear_00,A,16,-0.814697981114816,-0.814697981114816,,,,
collinear_00,A,17,-0.8332281830033343,-0.8332281830033343,,,,
collinear_00,A,18,-0.8499053647030009,-0.8499053647030009,,,,
collinear_00,A,19,-0.8649148282327008,-0.8649148282327008,,,,
collinear_00,A,20,-0.8784233454094308,-0.8784233454094308,,,,
collinear_00,A,21,-0.8905810108684877,-0.8905810108684877,,,,
collinear_00,A,22,-0.901522909781639,-0.901522909781639,,,,
collinear_00,A,23,-0.911370618803475,-0.911370618803475,,,,
collinear_00,A,24,-0.9202335569231275,-0.9202335569231275,,,,
collinear_00,A,25,-0.9282102012308148,-0.9282102012308148,,,,
collinear_00,A,26,-0.9353891811077333,-0.9353891811077333,,,,
collinear_00,A,27,-0.94185026299696,-0.94185026299696,,,,
collinear_00,A,28,-0.947665236697264,-0.947665236697264,,,,
collinear_00,A,29,-0.9528987130275376,-0.9528987130275376,,,,
collinear_00,A,30,-0.9576088417247839,-0.9576088417247839,,,,
collinear_00,A,31,-0.9618479575523055,-0.9618479575523055,,,,
collinear_00,A,32,-0.9656631617970749,-0.9656631617970749,,,,
collinear_00,A,33,-0.9690968456173674,-0.9690968456173674,,,,
collinear_00,A,34,-0.9721871610556306,-0.9721871610556306,,,,
collinear_00,A,35,-0.9749684449500675,-0.9749684449500675,,,,
collinear_00,A,36,-0.9774716004550608,-0.9774716004550608,,,,
collinear_00,A,37,-0.9797244404095546,-0.9797244404095546,,,,
collinear_00,A,38,-0.9817519963685992,-0.9817519963685992,,,,
collinear_00,A,39,-0.9835767967317393,-0.9835767967317393,,,,
collinear_00,A,40,-0.9852191170585654,-0.9852191170585654,,,,
collinear_00,A,41,-0.9866972053527088,-0.9866972053527088,,,,
collinear_00,A,42,-0.9880274848174379,-0.9880274848174379,,,,
collinear_00,A,43,-0.9892247363356941,-0.9892247363356941,,,,
collinear_00,A,44,-0.9903022627021246,-0.9903022627021246,,,,
collinear_00,A,45,-0.9912720364319122,-0.9912720364319122,,,,
collinear_00,A,46,-0.992144832788721,-0.992144832788721,,,,
collinear_00,A,47,-0.9929303495098489,-0.9929303495098489,,,,
collinear_00,A,48,-0.9936373145588641,-0.9936373145588641,,,,
collinear_00,A,49,-0.9942735831029776,-0.9942735831029776,,,,
collinear_00,A,50,-0.9948462247926799,-0.9948462247926799,,,,
collinear_00,A,51,-0.995361602313412,-0.995361602313412,,,,
collinear_00,A,52,-0.9958254420820708,-0.9958254420820708,,,,
collinear_00,A,53,-0.9962428978738638,-0.9962428978738638,,,,
collinear_00,A,54,-0.9966186080864774,-0.9966186080864774,,,,
collinear_00,A,55,-0.9969567472778297,-0.9969567472778297,,,,
collinear_00,A,56,-0.9972610725500467,-0.9972610725500467,,,,
collinear_00,A,57,-0.997534965295042,-0.997534965295042,,,,
collinear_00,A,58,-0.9977814687655379,-0.9977814687655379,,,,
collinear_00,A,59,-0.9980033218889841,-0.9980033218889841,,,,
collinear_00,A,60,-0.9982029897000857,-0.9982029897000857,,,,
collinear_00,A,61,-0.9983826907300771,-0.9983826907300771,,,,
collinear_00,A,62,-0.9985444216570694,-0.9985444216570694,,,,
collinear_00,A,63,-0.9986899794913624,-0.9986899794913624,,,,
collinear_00,A,64,-0.9988209815422262,-0.9988209815422262,,,,
collinear_00,B,1,-0.9989388833880036,-0.9989388833880036,,,,
collinear_00,B,2,-0.9990449950492033,-0.9990449950492033,,,,
collinear_00,B,3,-0.999140495544283,-0.999140495544283,,,,
collinear_00,B,4,-0.9992264459898547,-0.9992264459898547,,,,
collinear_00,B,5,-0.9993038013908692,-0.9993038013908692,,,,
collinear_00,B,6,-0.9993734212517822,-0.9993734212517822,,,,
collinear_00,B,7,-0.9994360791266039,-0.9994360791266039,,,,
collinear_00,B,8,-0.9994924712139436,-0.9994924712139436,,,,
collinear_00,B,9,-0.9995432240925493,-0.9995432240925493,,,,
collinear_00,B,10,-0.9995889016832943,-0.9995889016832943,,,,
collinear_00,B,11,-0.9996300115149649,-0.9996300115149649,,,,
collinear_00,B,12,-0.9996670103634684,-0.9996670103634684,,,,
collinear_00,B,13,-0.9997003093271215,-0.9997003093271215,,,,
collinear_00,B,14,-0.9997302783944093,-0.9997302783944093,,,,
collinear_00,B,15,-0.9997572505549683,-0.9997572505549683,,,,
collinear_00,B,16,-0.9997815254994715,-0.9997815254994715,,,,
collinear_00,B,17,-0.9998033729495244,-0.9998033729495244,,,,
collinear_00,B,18,-0.999823035654572,-0.999823035654572,,,,
collinear_00,B,19,-0.9998407320891147,-0.9998407320891147,,,,
collinear_00,B,20,-0.9998566588802033,-0.9998566588802033,,,,
collinear_00,B,21,-0.999870992992183,-0.999870992992183,,,,
collinear_00,B,22,-0.9998838936929647,-0.9998838936929647,,,,
collinear_00,B,23,-0.9998955043236682,-0.9998955043236682,,,,
collinear_00,B,24,-0.9999059538913014,-0.9999059538913014,,,,
collinear_00,B,25,-0.9999153585021713,-0.9999153585021713,,,,
collinear_00,B,26,-0.9999238226519541,-0.9999238226519541,,,,
collinear_00,B,27,-0.9999314403867587,-0.9999314403867587,,,,
collinear_00,B,28,-0.9999382963480828,-0.9999382963480828,,,,
collinear_00,B,29,-0.9999444667132745,-0.9999444667132745,,,,
collinear_00,B,30,-0.9999500200419471,-0.9999500200419471,,,,
collinear_00,B,31,-0.9999550180377524,-0.9999550180377524,,,,
collinear_00,B,32,-0.9999595162339772,-0.9999595162339772,,,,
collinear_00,B,33,-0.9999635646105794,-0.9999635646105794,,,,
collinear_00,B,34,-0.9999672081495214,-0.9999672081495214,,,,
collinear_00,B,35,-0.9999704873345693,-0.9999704873345693,,,,
collinear_00,B,36,-0.9999734386011123,-0.9999734386011123,,,,
collinear_00,B,37,-0.9999760947410011,-0.9999760947410011,,,,
collinear_00,B,38,-0.999978485266901,-0.999978485266901,,,,
collinear_00,B,39,-0.9999806367402109,-0.9999806367402109,,,,
collinear_00,B,40,-0.9999825730661898,-0.9999825730661898,,,,
collinear_00,B,41,-0.9999843157595708,-0.9999843157595708,,,,
collinear_00,B,42,-0.9999858841836138,-0.9999858841836138,,,,
collinear_00,B,43,-0.9999872957652524,-0.9999872957652524,,,,
collinear_00,B,44,-0.9999885661887271,-0.9999885661887271,,,,
collinear_00,B,45,-0.9999897095698544,-0.9999897095698544,,,,
collinear_00,B,46,-0.999990738612869,-0.999990738612869,,,,
collinear_00,B,47,-0.9999916647515821,-0.9999916647515821,,,,
collinear_00,B,48,-0.9999924982764239,-0.9999924982764239,,,,
collinear_00,B,49,-0.9999932484487815,-0.9999932484487815,,,,
collinear_00,B,50,-0.9999939236039033,-0.9999939236039033,,,,
collinear_00,B,51,-0.9999945312435129,-0.9999945312435129,,,,
collinear_00,B,52,-0.9999950781191616,-0.9999950781191616,,,,
collinear_00,B,53,-0.9999955703072454,-0.9999955703072454,,,,
collinear_00,B,54,-0.9999960132765209,-0.9999960132765209,,,,
collinear_00,B,55,-0.9999964119488688,-0.9999964119488688,,,,
collinear_00,B,56,-0.9999967707539819,-0.9999967707539819,,,,
collinear_00,B,57,-0.9999970936785837,-0.9999970936785837,,,,
collinear_00,B,58,-0.9999973843107253,-0.9999973843107253,,,,
collinear_00,B,59,-0.9999976458796528,-0.9999976458796528,,,,
collinear_00,B,60,-0.9999978812916875,-0.9999978812916875,,,,
collinear_00,B,61,-0.9999980931625188,-0.9999980931625188,,,,
collinear_00,B,62,-0.9999982838462669,-0.9999982838462669,,,,
collinear_00,B,63,-0.9999984554616402,-0.9999984554616402,,,,
collinear_00,B,64,-0.9999986099154762,-0.9999986099154762,,,,
collinear_01,A,1,-0.1,-0.1,,,,
collinear_01,A,2,-0.19,-0.19,,,,
collinear_01,A,3,-0.271,-0.271,,,,
collinear_01,A,4,-0.34390000000000004,-0.34390000000000004,,,,
collinear_01,A,5,-0.40951000000000004,-0.40951000000000004,,,,
collinear_01,A,6,-0.46855900000000006,-0.46855900000000006,,,,
collinear_01,A,7,-0.5217031000000001,-0.5217031000000001,,,,
collinear_01,A,8,-0.5695327900000001,-0.5695327900000001,,,,
collinear_01,A,9,-0.6125795110000001,-0.6125795110000001,,,,
collinear_01,A,10,-0.6513215599000001,-0.6513215599000001,,,,
collinear_01,A,11,-0.68618940391,-0.68618940391,,,,
collinear_01,A,12,-0.717570463519,-0.717570463519,,,,
collinear_01,A,13,-0.7458134171671,-0.7458134171671,,,,
collinear_01,A,14,-0.7712320754503901,-0.7712320754503901,,,,
collinear_01,A,15,-0.7941088679053511,-0.7941088679053511,,,,
collinear_01,A,16,-0.814697981114816,-0.814697981114816,,,,
collinear_01,A,17,-0.8332281830033343,-0.8332281830033343,,,,
collinear_01,A,18,-0.8499053647030009,-0.8499053647030009,,,,
collinear_01,A,19,-0.8649148282327008,-0.8649148282327008,,,,
collinear_01,A,20,-0.8784233454094308,-0.8784233454094308,,,,
collinear_01,A,21,-0.8905810108684877,-0.8905810108684877,,,,
collinear_01,A,22,-0.901522909781639,-0.901522909781639,,,,
collinear_01,A,23,-0.911370618803475,-0.911370618803475,,,,
collinear_01,A,24,-0.9202335569231275,-0.9202335569231275,,,,
collinear_01,A,25,-0.9282102012308148,-0.9282102012308148,,,,
collinear_01,A,26,-0.9353891811077333,-0.9353891811077333,,,,
collinear_01,A,27,-0.94185026299696,-0.94185026299696,,,,
collinear_01,A,28,-0.947665236697264,-0.947665236697264,,,,
collinear_01,A,29,-0.9528987130275376,-0.9528987130275376,,,,
collinear_01,A,30,-0.9576088417247839,-0.9576088417247839,,,,
collinear_01,A,31,-0.9618479575523055,-0.9618479575523055,,,,
collinear_01,A,32,-0.9656631617970749,-0.9656631617970749,,,,
collinear_01,A,33,-0.9690968456173674,-0.9690968456173674,,,,
collinear_01,A,34,-0.9721871610556306,-0.9721871610556306,,,,
collinear_01,A,35,-0.9749684449500675,-0.9749684449500675,,,,
collinear_01,A,36,-0.9774716004550608,-0.9774716004550608,,,,
collinear_01,A,37,-0.9797244404095546,-0.9797244404095546,,,,
collinear_01,A,38,-0.9817519963685992,-0.9817519963685992,,,,
collinear_01,A,39,-0.9835767967317393,-0.9835767967317393,,,,
collinear_01,A,40,-0.9852191170585654,-0.9852191170585654,,,,
collinear_01,A,41,-0.9866972053527088,-0.9866972053527088,,,,
collinear_01,A,42,-0.9880274848174379,-0.9880274848174379,,,,
collinear_01,A,43,-0.9892247363356941,-0.9892247363356941,,,,
collinear_01,A,44,-0.9903022627021246,-0.9903022627021246,,,,
collinear_01,A,45,-0.9912720364319122,-0.9912720364319122,,,,
collinear_01,A,46,-0.992144832788721,-0.992144832788721,,,,
collinear_01,A,47,-0.9929303495098489,-0.9929303495098489,,,,
collinear_01,A,48,-0.9936373145588641,-0.9936373145588641,,,,
collinear_01,A,49,-0.9942735831029776,-0.9942735831029776,,,,
collinear_01,A,50,-0.9948462247926799,-0.9948462247926799,,,,
collinear_01,A,51,-0.995361602313412,-0.995361602313412,,,,
collinear_01,A,52,-0.9958254420820708,-0.9958254420820708,,,,
collinear_01,A,53,-0.9962428978738638,-0.9962428978738638,,,,
collinear_01,A,54,-0.9966186080864774,-0.9966186080864774,,,,
collinear_01,A,55,-0.9969567472778297,-0.9969567472778297,,,,
collinear_01,A,56,-0.9972610725500467,-0.9972610725500467,,,,
collinear_01,A,57,-0.997534965295042,-0.997534965295042,,,,
collinear_01,A,58,-0.9977814687655379,-0.9977814687655379,,,,
collinear_01,A,59,-0.9980033218889841,-0.9980033218889841,,,,
collinear_01,A,60,-0.9982029897000857,-0.9982029897000857,,,,
collinear_01,A,61,-0.9983826907300771,-0.9983826907300771,,,,
collinear_01,A,62,-0.9985444216570694,-0.9985444216570694,,,,
collinear_01,A,63,-0.9986899794913624,-0.9986899794913624,,,,
collinear_01,A,64,-0.9988209815422262,-0.9988209815422262,,,,
collinear_01,B,1,-0.7989388833880036,-0.7989388833880036,,,,
collinear_01,B,2,-0.6190449950492032,-0.6190449950492032,,,,
collinear_01,B,3,-0.4571404955442828,-0.4571404955442828,,,,
collinear_01,B,4,-0.31142644598985453,-0.31142644598985453,,,,
collinear_01,B,5,-0.18028380139086905,-0.18028380139086905,,,,
collinear_01,B,6,-0.062255421251782156,-0.062255421251782156,,,,
collinear_01,B,7,0.04397012087339605,0.04397012087339605,,,,
collinear_01,B,8,0.13957310878605644,0.13957310878605644,,,,
collinear_01,B,9,0.2256157979074508,0.2256157979074508,,,,
collinear_01,B,10,0.30305421811670574,0.30305421811670574,,,,
collinear_01,B,11,0.37274879630503516,0.37274879630503516,,,,
collinear_01,B,12,0.43547391667453167,0.43547391667453167,,,,
collinear_01,B,13,0.4919265250070785,0.4919265250070785,,,,
collinear_01,B,14,0.5427338725063706,0.5427338725063706,,,,
collinear_01,B,15,0.5884604852557336,0.5884604852557336,,,,
collinear_01,B,16,0.6296144367301603,0.6296144367301603,,,,
collinear_01,B,17,0.6666529930571442,0.6666529930571442,,,,
collinear_01,B,18,0.6999876937514298,0.6999876937514298,,,,
collinear_01,B,19,0.7299889243762868,0.7299889243762868,,,,
collinear_01,B,20,0.7569900319386581,0.7569900319386581,,,,
collinear_01,B,21,0.7812910287447923,0.7812910287447923,,,,
collinear_01,B,22,0.8031619258703131,0.8031619258703131,,,,
collinear_01,B,23,0.8228457332832818,0.8228457332832818,,,,
collinear_01,B,24,0.8405611599549536,0.8405611599549536,,,,
collinear_01,B,25,0.8565050439594583,0.8565050439594583,,,,
collinear_01,B,26,0.8708545395635124,0.8708545395635124,,,,
collinear_01,B,27,0.8837690856071612,0.8837690856071612,,,,
collinear_01,B,28,0.895392177046445,0.895392177046445,,,,
collinear_01,B,29,0.9058529593418005,0.9058529593418005,,,,
collinear_01,B,30,0.9152676634076204,0.9152676634076204,,,,
collinear_01,B,31,0.9237408970668584,0.9237408970668584,,,,
collinear_01,B,32,0.9313668073601725,0.9313668073601725,,,,
collinear_01,B,33,0.9382301266241553,0.9382301266241553,,,,
collinear_01,B,34,0.9444071139617397,0.9444071139617397,,,,
collinear_01,B,35,0.9499664025655657,0.9499664025655657,,,,
collinear_01,B,36,0.9549697623090092,0.9549697623090092,,,,
collinear_01,B,37,0.9594727860781083,0.9594727860781083,,,,
collinear_01,B,38,0.9635255074702974,0.9635255074702974,,,,
collinear_01,B,39,0.9671729567232676,0.9671729567232676,,,,
collinear_01,B,40,0.9704556610509408,0.9704556610509408,,,,
collinear_01,B,41,0.9734100949458467,0.9734100949458467,,,,
collinear_01,B,42,0.976069085451262,0.976069085451262,,,,
collinear_01,B,43,0.9784621769061358,0.9784621769061358,,,,
collinear_01,B,44,0.9806159592155222,0.9806159592155222,,,,
collinear_01,B,45,0.9825543632939701,0.9825543632939701,,,,
collinear_01,B,46,0.984298926964573,0.984298926964573,,,,
collinear_01,B,47,0.9858690342681157,0.9858690342681157,,,,
collinear_01,B,48,0.9872821308413041,0.9872821308413041,,,,
collinear_01,B,49,0.9885539177571737,0.9885539177571737,,,,
collinear_01,B,50,0.9896985259814564,0.9896985259814564,,,,
collinear_01,B,51,0.9907286733833107,0.9907286733833107,,,,
collinear_01,B,52,0.9916558060449796,0.9916558060449796,,,,
collinear_01,B,53,0.9924902254404816,0.9924902254404816,,,,
collinear_01,B,54,0.9932412028964335,0.9932412028964335,,,,
collinear_01,B,55,0.9939170826067901,0.9939170826067901,,,,
collinear_01,B,56,0.9945253743461111,0.9945253743461111,,,,
collinear_01,B,57,0.9950728369115,0.9950728369115,,,,
collinear_01,B,58,0.99556555322035,0.99556555322035,,,,
collinear_01,B,59,0.996008997898315,0.996008997898315,,,,
collinear_01,B,60,0.9964080981084835,0.9964080981084835,,,,
collinear_01,B,61,0.9967672882976352,0.9967672882976352,,,,
collinear_01,B,62,0.9970905594678716,0.9970905594678716,,,,
collinear_01,B,63,0.9973815035210845,0.9973815035210845,,,,
collinear_01,B,64,0.997643353168976,0.997643353168976,,,,
collinear_02,A,1,0.1,0.1,,,,
collinear_02,A,2,0.19,0.19,,,,
collinear_02,A,3,0.271,0.271,,,,
collinear_02,A,4,0.34390000000000004,0.34390000000000004,,,,
collinear_02,A,5,0.40951000000000004,0.40951000000000004,,,,
collinear_02,A,6,0.46855900000000006,0.46855900000000006,,,,
collinear_02,A,7,0.5217031000000001,0.5217031000000001,,,,
collinear_02,A,8,0.5695327900000001,0.5695327900000001,,,,
collinear_02,A,9,0.6125795110000001,0.6125795110000001,,,,
collinear_02,A,10,0.6513215599000001,0.6513215599000001,,,,
collinear_02,A,11,0.68618940391,0.68618940391,,,,
collinear_02,A,12,0.717570463519,0.717570463519,,,,
collinear_02,A,13,0.7458134171671,0.7458134171671,,,,
collinear_02,A,14,0.7712320754503901,0.7712320754503901,,,,
collinear_02,A,15,0.7941088679053511,0.7941088679053511,,,,
collinear_02,A,16,0.814697981114816,0.814697981114816,,,,
collinear_02,A,17,0.8332281830033343,0.8332281830033343,,,,
collinear_02,A,18,0.8499053647030009,0.8499053647030009,,,,
collinear_02,A,19,0.8649148282327008,0.8649148282327008,,,,
collinear_02,A,20,0.8784233454094308,0.8784233454094308,,,,
collinear_02,A,21,0.8905810108684877,0.8905810108684877,,,,
collinear_02,A,22,0.901522909781639,0.901522909781639,,,,
collinear_02,A,23,0.911370618803475,0.911370618803475,,,,
collinear_02,A,24,0.9202335569231275,0.9202335569231275,,,,
collinear_02,A,25,0.9282102012308148,0.9282102012308148,,,,
collinear_02,A,26,0.9353891811077333,0.9353891811077333,,,,
collinear_02,A,27,0.94185026299696,0.94185026299696,,,,
collinear_02,A,28,0.947665236697264,0.947665236697264,,,,
collinear_02,A,29,0.9528987130275376,0.9528987130275376,,,,
collinear_02,A,30,0.9576088417247839,0.9576088417247839,,,,
collinear_02,A,31,0.9618479575523055,0.9618479575523055,,,,
collinear_02,A,32,0.9656631617970749,0.9656631617970749,,,,
collinear_02,A,33,0.9690968456173674,0.9690968456173674,,,,
collinear_02,A,34,0.9721871610556306,0.9721871610556306,,,,
collinear_02,A,35,0.9749684449500675,0.9749684449500675,,,,
collinear_02,A,36,0.9774716004550608,0.9774716004550608,,,,
collinear_02,A,37,0.9797244404095546,0.9797244404095546,,,,
collinear_02,A,38,0.9817519963685992,0.9817519963685992,,,,
collinear_02,A,39,0.9835767967317393,0.9835767967317393,,,,
collinear_02,A,40,0.9852191170585654,0.9852191170585654,,,,
collinear_02,A,41,0.9866972053527088,0.9866972053527088,,,,
collinear_02,A,42,0.9880274848174379,0.9880274848174379,,,,
collinear_02,A,43,0.9892247363356941,0.9892247363356941,,,,
collinear_02,A,44,0.9903022627021246,0.9903022627021246,,,,
collinear_02,A,45,0.9912720364319122,0.9912720364319122,,,,
collinear_02,A,46,0.992144832788721,0.992144832788721,,,,
collinear_02,A,47,0.9929303495098489,0.9929303495098489,,,,
collinear_02,A,48,0.9936373145588641,0.9936373145588641,,,,
collinear_02,A,49,0.9942735831029776,0.9942735831029776,,,,
collinear_02,A,50,0.9948462247926799,0.9948462247926799,,,,
collinear_02,A,51,0.995361602313412,0.995361602313412,,,,
collinear_02,A,52,0.9958254420820708,0.9958254420820708,,,,
collinear_02,A,53,0.9962428978738638,0.9962428978738638,,,,
collinear_02,A,54,0.9966186080864774,0.9966186080864774,,,,
collinear_02,A,55,0.9969567472778297,0.9969567472778297,,,,
collinear_02,A,56,0.9972610725500467,0.9972610725500467,,,,
collinear_02,A,57,0.997534965295042,0.997534965295042,,,,
collinear_02,A,58,0.9977814687655379,0.9977814687655379,,,,
collinear_02,A,59,0.9980033218889841,0.9980033218889841,,,,
collinear_02,A,60,0.9982029897000857,0.9982029897000857,,,,
collinear_02,A,61,0.9983826907300771,0.9983826907300771,,,,
collinear_02,A,62,0.9985444216570694,0.9985444216570694,,,,
collinear_02,A,63,0.9986899794913624,0.9986899794913624,,,,
collinear_02,A,64,0.9988209815422262,0.9988209815422262,,,,
collinear_02,B,1,0.7989388833880036,0.7989388833880036,,,,
collinear_02,B,2,0.6190449950492032,0.6190449950492032,,,,
collinear_02,B,3,0.4571404955442828,0.4571404955442828,,,,
collinear_02,B,4,0.31142644598985453,0.31142644598985453,,,,
collinear_02,B,5,0.18028380139086905,0.18028380139086905,,,,
collinear_02,B,6,0.062255421251782156,0.062255421251782156,,,,
collinear_02,B,7,-0.04397012087339605,-0.04397012087339605,,,,
collinear_02,B,8,-0.13957310878605644,-0.13957310878605644,,,,
collinear_02,B,9,-0.2256157979074508,-0.2256157979074508,,,,
collinear_02,B,10,-0.30305421811670574,-0.30305421811670574,,,,
collinear_02,B,11,-0.37274879630503516,-0.37274879630503516,,,,
collinear_02,B,12,-0.43547391667453167,-0.43547391667453167,,,,
collinear_02,B,13,-0.4919265250070785,-0.4919265250070785,,,,
collinear_02,B,14,-0.5427338725063706,-0.5427338725063706,,,,
collinear_02,B,15,-0.5884604852557336,-0.5884604852557336,,,,
collinear_02,B,16,-0.6296144367301603,-0.6296144367301603,,,,
collinear_02,B,17,-0.6666529930571442,-0.6666529930571442,,,,
collinear_02,B,18,-0.6999876937514298,-0.6999876937514298,,,,
collinear_02,B,19,-0.7299889243762868,-0.7299889243762868,,,,
collinear_02,B,20,-0.7569900319386581,-0.7569900319386581,,,,
collinear_02,B,21,-0.7812910287447923,-0.7812910287447923,,,,
collinear_02,B,22,-0.8031619258703131,-0.8031619258703131,,,,
collinear_02,B,23,-0.8228457332832818,-0.8228457332832818,,,,
collinear_02,B,24,-0.8405611599549536,-0.8405611599549536,,,,
collinear_02,B,25,-0.8565050439594583,-0.8565050439594583,,,,
collinear_02,B,26,-0.8708545395635124,-0.8708545395635124,,,,
collinear_02,B,27,-0.8837690856071612,-0.8837690856071612,,,,
collinear_02,B,28,-0.895392177046445,-0.895392177046445,,,,
collinear_02,B,29,-0.9058529593418005,-0.9058529593418005,,,,
collinear_02,B,30,-0.9152676634076204,-0.9152676634076204,,,,
collinear_02,B,31,-0.9237408970668584,-0.9237408970668584,,,,
collinear_02,B,32,-0.9313668073601725,-0.9313668073601725,,,,
collinear_02,B,33,-0.9382301266241553,-0.9382301266241553,,,,
collinear_02,B,34,-0.9444071139617397,-0.9444071139617397,,,,
collinear_02,B,35,-0.9499664025655657,-0.9499664025655657,,,,
collinear_02,B,36,-0.9549697623090092,-0.9549697623090092,,,,
collinear_02,B,37,-0.9594727860781083,-0.9594727860781083,,,,
collinear_02,B,38,-0.9635255074702974,-0.9635255074702974,,,,
collinear_02,B,39,-0.9671729567232676,-0.9671729567232676,,,,
collinear_02,B,40,-0.9704556610509408,-0.9704556610509408,,,,
collinear_02,B,41,-0.9734100949458467,-0.9734100949458467,,,,
collinear_02,B,42,-0.976069085451262,-0.976069085451262,,,,
collinear_02,B,43,-0.9784621769061358,-0.9784621769061358,,,,
collinear_02,B,44,-0.9806159592155222,-0.9806159592155222,,,,
collinear_02,B,45,-0.9825543632939701,-0.9825543632939701,,,,
collinear_02,B,46,-0.984298926964573,-0.984298926964573,,,,
collinear_02,B,47,-0.9858690342681157,-0.9858690342681157,,,,
collinear_02,B,48,-0.9872821308413041,-0.9872821308413041,,,,
collinear_02,B,49,-0.9885539177571737,-0.9885539177571737,,,,
collinear_02,B,50,-0.9896985259814564,-0.9896985259814564,,,,
collinear_02,B,51,-0.9907286733833107,-0.9907286733833107,,,,
collinear_02,B,52,-0.9916558060449796,-0.9916558060449796,,,,
collinear_02,B,53,-0.9924902254404816,-0.9924902254404816,,,,
collinear_02,B,54,-0.9932412028964335,-0.9932412028964335,,,,
collinear_02,B,55,-0.9939170826067901,-0.9939170826067901,,,,
collinear_02,B,56,-0.9945253743461111,-0.9945253743461111,,,,
collinear_02,B,57,-0.9950728369115,-0.9950728369115,,,,
collinear_02,B,58,-0.99556555322035,-0.99556555322035,,,,
collinear_02,B,59,-0.996008997898315,-0.996008997898315,,,,
collinear_02,B,60,-0.9964080981084835,-0.9964080981084835,,,,
collinear_02,B,61,-0.9967672882976352,-0.9967672882976352,,,,
collinear_02,B,62,-0.9970905594678716,-0.9970905594678716,,,,
collinear_02,B,63,-0.9973815035210845,-0.9973815035210845,,,,
collinear_02,B,64,-0.997643353168976,-0.997643353168976,,,,
collinear_03,A,1,0.1,0.1,,,,
collinear_03,A,2,0.19,0.19,,,,
collinear_03,A,3,0.271,0.271,,,,
collinear_03,A,4,0.34390000000000004,0.34390000000000004,,,,
collinear_03,A,5,0.40951000000000004,0.40951000000000004,,,,
collinear_03,A,6,0.46855900000000006,0.46855900000000006,,,,
collinear_03,A,7,0.5217031000000001,0.5217031000000001,,,,
collinear_03,A,8,0.5695327900000001,0.5695327900000001,,,,
collinear_03,A,9,0.6125795110000001,0.6125795110000001,,,,
collinear_03,A,10,0.6513215599000001,0.6513215599000001,,,,
collinear_03,A,11,0.68618940391,0.68618940391,,,,
collinear_03,A,12,0.717570463519,0.717570463519,,,,
collinear_03,A,13,0.7458134171671,0.7458134171671,,,,
collinear_03,A,14,0.7712320754503901,0.7712320754503901,,,,
collinear_03,A,15,0.7941088679053511,0.7941088679053511,,,,
collinear_03,A,16,0.814697981114816,0.814697981114816,,,,
collinear_03,A,17,0.8332281830033343,0.8332281830033343,,,,
collinear_03,A,18,0.8499053647030009,0.8499053647030009,,,,
collinear_03,A,19,0.8649148282327008,0.8649148282327008,,,,
collinear_03,A,20,0.8784233454094308,0.8784233454094308,,,,
collinear_03,A,21,0.8905810108684877,0.8905810108684877,,,,
collinear_03,A,22,0.901522909781639,0.901522909781639,,,,
collinear_03,A,23,0.911370618803475,0.911370618803475,,,,
collinear_03,A,24,0.9202335569231275,0.9202335569231275,,,,
collinear_03,A,25,0.9282102012308148,0.9282102012308148,,,,
collinear_03,A,26,0.9353891811077333,0.9353891811077333,,,,
collinear_03,A,27,0.94185026299696,0.94185026299696,,,,
collinear_03,A,28,0.947665236697264,0.947665236697264,,,,
collinear_03,A,29,0.9528987130275376,0.9528987130275376,,,,
collinear_03,A,30,0.9576088417247839,0.9576088417247839,,,,
collinear_03,A,31,0.9618479575523055,0.9618479575523055,,,,
collinear_03,A,32,0.9656631617970749,0.9656631617970749,,,,
collinear_03,A,33,0.9690968456173674,0.9690968456173674,,,,
collinear_03,A,34,0.9721871610556306,0.9721871610556306,,,,
collinear_03,A,35,0.9749684449500675,0.9749684449500675,,,,
collinear_03,A,36,0.9774716004550608,0.9774716004550608,,,,
collinear_03,A,37,0.9797244404095546,0.9797244404095546,,,,
collinear_03,A,38,0.9817519963685992,0.9817519963685992,,,,
collinear_03,A,39,0.9835767967317393,0.9835767967317393,,,,
collinear_03,A,40,0.9852191170585654,0.9852191170585654,,,,
collinear_03,A,41,0.9866972053527088,0.9866972053527088,,,,
collinear_03,A,42,0.9880274848174379,0.9880274848174379,,,,
collinear_03,A,43,0.9892247363356941,0.9892247363356941,,,,
collinear_03,A,44,0.9903022627021246,0.9903022627021246,,,,
collinear_03,A,45,0.9912720364319122,0.9912720364319122,,,,
collinear_03,A,46,0.992144832788721,0.992144832788721,,,,
collinear_03,A,47,0.9929303495098489,0.9929303495098489,,,,
collinear_03,A,48,0.9936373145588641,0.9936373145588641,,,,
collinear_03,A,49,0.9942735831029776,0.9942735831029776,,,,
collinear_03,A,50,0.9948462247926799,0.9948462247926799,,,,
collinear_03,A,51,0.995361602313412,0.995361602313412,,,,
collinear_03,A,52,0.9958254420820708,0.9958254420820708,,,,
collinear_03,A,53,0.9962428978738638,0.9962428978738638,,,,
collinear_03,A,54,0.9966186080864774,0.9966186080864774,,,,
collinear_03,A,55,0.9969567472778297,0.9969567472778297,,,,
collinear_03,A,56,0.9972610725500467,0.9972610725500467,,,,
collinear_03,A,57,0.997534965295042,0.997534965295042,,,,
collinear_03,A,58,0.9977814687655379,0.9977814687655379,,,,
collinear_03,A,59,0.9980033218889841,0.9980033218889841,,,,
collinear_03,A,60,0.9982029897000857,0.9982029897000857,,,,
collinear_03,A,61,0.9983826907300771,0.9983826907300771,,,,
collinear_03,A,62,0.9985444216570694,0.9985444216570694,,,,
collinear_03,A,63,0.9986899794913624,0.9986899794913624,,,,
collinear_03,A,64,0.9988209815422262,0.9988209815422262,,,,
collinear_03,B,1,0.9989388833880036,0.9989388833880036,,,,
collinear_03,B,2,0.9990449950492033,0.9990449950492033,,,,
collinear_03,B,3,0.999140495544283,0.999140495544283,,,,
collinear_03,B,4,0.9992264459898547,0.9992264459898547,,,,
collinear_03,B,5,0.9993038013908692,0.9993038013908692,,,,
collinear_03,B,6,0.9993734212517822,0.9993734212517822,,,,
collinear_03,B,7,0.9994360791266039,0.9994360791266039,,,,
collinear_03,B,8,0.9994924712139436,0.9994924712139436,,,,
collinear_03,B,9,0.9995432240925493,0.9995432240925493,,,,
collinear_03,B,10,0.9995889016832943,0.9995889016832943,,,,
collinear_03,B,11,0.9996300115149649,0.9996300115149649,,,,
collinear_03,B,12,0.9996670103634684,0.9996670103634684,,,,
collinear_03,B,13,0.9997003093271215,0.9997003093271215,,,,
collinear_03,B,14,0.9997302783944093,0.9997302783944093,,,,
collinear_03,B,15,0.9997572505549683,0.9997572505549683,,,,
collinear_03,B,16,0.9997815254994715,0.9997815254994715,,,,
collinear_03,B,17,0.9998033729495244,0.9998033729495244,,,,
collinear_03,B,18,0.999823035654572,0.999823035654572,,,,
collinear_03,B,19,0.9998407320891147,0.9998407320891147,,,,
collinear_03,B,20,0.9998566588802033,0.9998566588802033,,,,
collinear_03,B,21,0.999870992992183,0.999870992992183,,,,
collinear_03,B,22,0.9998838936929647,0.9998838936929647,,,,
collinear_03,B,23,0.9998955043236682,0.9998955043236682,,,,
collinear_03,B,24,0.9999059538913014,0.9999059538913014,,,,
collinear_03,B,25,0.9999153585021713,0.9999153585021713,,,,
collinear_03,B,26,0.9999238226519541,0.9999238226519541,,,,
collinear_03,B,27,0.9999314403867587,0.9999314403867587,,,,
collinear_03,B,28,0.9999382963480828,0.9999382963480828,,,,
collinear_03,B,29,0.9999444667132745,0.9999444667132745,,,,
collinear_03,B,30,0.9999500200419471,0.9999500200419471,,,,
collinear_03,B,31,0.9999550180377524,0.9999550180377524,,,,
collinear_03,B,32,0.9999595162339772,0.9999595162339772,,,,
collinear_03,B,33,0.9999635646105794,0.9999635646105794,,,,
collinear_03,B,34,0.9999672081495214,0.9999672081495214,,,,
collinear_03,B,35,0.9999704873345693,0.9999704873345693,,,,
collinear_03,B,36,0.9999734386011123,0.9999734386011123,,,,
collinear_03,B,37,0.9999760947410011,0.9999760947410011,,,,
collinear_03,B,38,0.999978485266901,0.999978485266901,,,,
collinear_03,B,39,0.9999806367402109,0.9999806367402109,,,,
collinear_03,B,40,0.9999825730661898,0.9999825730661898,,,,
collinear_03,B,41,0.9999843157595708,0.9999843157595708,,,,
collinear_03,B,42,0.9999858841836138,0.9999858841836138,,,,
collinear_03,B,43,0.9999872957652524,0.9999872957652524,,,,
collinear_03,B,44,0.9999885661887271,0.9999885661887271,,,,
collinear_03,B,45,0.9999897095698544,0.9999897095698544,,,,
collinear_03,B,46,0.999990738612869,0.999990738612869,,,,
collinear_03,B,47,0.9999916647515821,0.9999916647515821,,,,
collinear_03,B,48,0.9999924982764239,0.9999924982764239,,,,
collinear_03,B,49,0.9999932484487815,0.9999932484487815,,,,
collinear_03,B,50,0.9999939236039033,0.9999939236039033,,,,
collinear_03,B,51,0.9999945312435129,0.9999945312435129,,,,
collinear_03,B,52,0.9999950781191616,0.9999950781191616,,,,
collinear_03,B,53,0.9999955703072454,0.9999955703072454,,,,
collinear_03,B,54,0.9999960132765209,0.9999960132765209,,,,
collinear_03,B,55,0.9999964119488688,0.9999964119488688,,,,
collinear_03,B,56,0.9999967707539819,0.9999967707539819,,,,
collinear_03,B,57,0.9999970936785837,0.9999970936785837,,,,
collinear_03,B,58,0.9999973843107253,0.9999973843107253,,,,
collinear_03,B,59,0.9999976458796528,0.9999976458796528,,,,
collinear_03,B,60,0.9999978812916875,0.9999978812916875,,,,
collinear_03,B,61,0.9999980931625188,0.9999980931625188,,,,
collinear_03,B,62,0.9999982838462669,0.9999982838462669,,,,
collinear_03,B,63,0.9999984554616402,0.9999984554616402,,,,
collinear_03,B,64,0.9999986099154762,0.9999986099154762,,,,
ambiguity_negative,A,1,-0.1,-0.06182355023431362,,,,
ambiguity_negative,A,2,-0.19,-0.11746474544519588,,,,
ambiguity_negative,A,3,-0.271,-0.16754182113498992,,,,
ambiguity_negative,A,4,-0.34390000000000004,-0.21261118925580455,,,,
ambiguity_negative,A,5,-0.40951000000000004,-0.25317362056453774,,,,
ambiguity_negative,A,6,-0.46855900000000006,-0.28967980874239757,,,,
ambiguity_negative,A,7,-0.5217031000000001,-0.32253537810247146,,,,
ambiguity_negative,A,8,-0.5695327900000001,-0.35210539052653794,,,,
ambiguity_negative,A,9,-0.6125795110000001,-0.37871840170819776,,,,
ambiguity_negative,A,10,-0.6513215599000001,-0.4026701117716916,,,,
ambiguity_negative,A,11,-0.68618940391,-0.42422665082883604,,,,
ambiguity_negative,A,12,-0.717570463519,-0.44362753598026605,,,,
ambiguity_negative,A,13,-0.7458134171671,-0.4610883326165531,,,,
ambiguity_negative,A,14,-0.7712320754503901,-0.47680304958921144,,,,
ambiguity_negative,A,15,-0.7941088679053511,-0.4909462948646039,,,,
ambiguity_negative,A,16,-0.814697981114816,-0.5036752156124571,,,,
ambiguity_negative,A,17,-0.8332281830033343,-0.515131244285525,,,,
ambiguity_negative,A,18,-0.8499053647030009,-0.5254416700912862,,,,
ambiguity_negative,A,19,-0.8649148282327008,-0.5347210533164711,,,,
ambiguity_negative,A,20,-0.8784233454094308,-0.5430724982191377,,,,
ambiguity_negative,A,21,-0.8905810108684877,-0.5505887986315375,,,,
ambiguity_negative,A,22,-0.901522909781639,-0.5573534690026974,,,,
ambiguity_negative,A,23,-0.911370618803475,-0.5634416723367413,,,,
ambiguity_negative,A,24,-0.9202335569231275,-0.5689210553373807,,,,
ambiguity_negative,A,25,-0.9282102012308148,-0.5738525000379563,,,,
ambiguity_negative,A,26,-0.9353891811077333,-0.5782908002684742,,,,
ambiguity_negative,A,27,-0.94185026299696,-0.5822852704759405,,,,
ambiguity_negative,A,28,-0.947665236697264,-0.58588029366266,,,,
ambiguity_negative,A,29,-0.9528987130275376,-0.5891158145307077,,,,
ambiguity_negative,A,30,-0.9576088417247839,-0.5920277833119506,,,,
ambiguity_negative,A,31,-0.9618479575523055,-0.5946485552150691,,,,
ambiguity_negative,A,32,-0.9656631617970749,-0.5970072499278758,,,,
ambiguity_negative,A,33,-0.9690968456173674,-0.5991300751694019,,,,
ambiguity_negative,A,34,-0.9721871610556306,-0.6010406178867752,,,,
ambiguity_negative,A,35,-0.9749684449500675,-0.6027601063324113,,,,
ambiguity_negative,A,36,-0.9774716004550608,-0.6043076459334837,,,,
ambiguity_negative,A,37,-0.9797244404095546,-0.605700431574449,,,,
ambiguity_negative,A,38,-0.9817519963685992,-0.6069539386513177,,,,
ambiguity_negative,A,39,-0.9835767967317393,-0.6080820950204996,,,,
ambiguity_negative,A,40,-0.9852191170585654,-0.6090974357527632,,,,
ambiguity_negative,A,41,-0.9866972053527088,-0.6100112424118005,,,,
ambiguity_negative,A,42,-0.9880274848174379,-0.610833668404934,,,,
ambiguity_negative,A,43,-0.9892247363356941,-0.6115738517987542,,,,
ambiguity_negative,A,44,-0.9903022627021246,-0.6122400168531924,,,,
ambiguity_negative,A,45,-0.9912720364319122,-0.6128395654021869,,,,
ambiguity_negative,A,46,-0.992144832788721,-0.6133791590962818,,,,
ambiguity_negative,A,47,-0.9929303495098489,-0.6138647934209672,,,,
ambiguity_negative,A,48,-0.9936373145588641,-0.6143018643131841,,,,
ambiguity_negative,A,49,-0.9942735831029776,-0.6146952281161794,,,,
ambiguity_negative,A,50,-0.9948462247926799,-0.615049255538875,,,,
ambiguity_negative,A,51,-0.995361602313412,-0.6153678802193012,,,,
ambiguity_negative,A,52,-0.9958254420820708,-0.6156546424316847,,,,
ambiguity_negative,A,53,-0.9962428978738638,-0.6159127284228298,,,,
ambiguity_negative,A,54,-0.9966186080864774,-0.6161450058148605,,,,
ambiguity_negative,A,55,-0.9969567472778297,-0.6163540554676881,,,,
ambiguity_negative,A,56,-0.9972610725500467,-0.6165422001552329,,,,
ambiguity_negative,A,57,-0.997534965295042,-0.6167115303740233,,,,
ambiguity_negative,A,58,-0.9977814687655379,-0.6168639275709346,,,,
ambiguity_negative,A,59,-0.9980033218889841,-0.6170010850481548,,,,
ambiguity_negative,A,60,-0.9982029897000857,-0.6171245267776528,,,,
ambiguity_negative,A,61,-0.9983826907300771,-0.6172356243342012,,,,
ambiguity_negative,A,62,-0.9985444216570694,-0.6173356121350947,,,,
ambiguity_negative,A,63,-0.9986899794913624,-0.6174256011558988,,,,
ambiguity_negative,A,64,-0.9988209815422262,-0.6175065912746226,,,,
ambiguity_negative,B,1,-0.8988209815422261,-0.4557559321471602,-0.9988209815422263,-0.9988209815422262,1.1102230246251565e-16,0.0
ambiguity_negative,B,2,-0.808820981542226,-0.3101803389324441,-0.9988209815422261,-0.9988209815422261,1.1102230246251565e-16,1.1102230246251565e-16
ambiguity_negative,B,3,-0.7278209815422261,-0.17916230503919978,-0.9988209815422263,-0.9988209815422261,1.1102230246251565e-16,1.1102230246251565e-16
ambiguity_negative,B,4,-0.6549209815422261,-0.06124607453527975,-0.9988209815422263,-0.9988209815422261,1.1102230246251565e-16,1.1102230246251565e-16
ambiguity_negative,B,5,-0.589310981542226,0.044878532918248226,-0.9988209815422263,-0.9988209815422261,1.1102230246251565e-16,1.1102230246251565e-16
ambiguity_negative,B,6,-0.530261981542226,0.14039067962642343,-0.9988209815422263,-0.9988209815422261,1.1102230246251565e-16,1.1102230246251565e-16
ambiguity_negative,B,7,-0.477117881542226,0.22635161166378115,-0.9988209815422263,-0.9988209815422261,1.1102230246251565e-16,1.1102230246251565e-16
ambiguity_negative,B,8,-0.429288191542226,0.3037164504974029,-0.9988209815422263,-0.998820981542226,1.1102230246251565e-16,2.220446049250313e-16
ambiguity_negative,B,9,-0.386241470542226,0.37334480544766274,-0.9988209815422263,-0.9988209815422261,1.1102230246251565e-16,1.1102230246251565e-16
ambiguity_negative,B,10,-0.347499421642226,0.43601032490289654,-0.9988209815422263,-0.9988209815422261,1.1102230246251565e-16,1.1102230246251565e-16
ambiguity_negative,B,11,-0.31263157763222604,0.4924092924126068,-0.9988209815422263,-0.9988209815422261,1.1102230246251565e-16,1.1102230246251565e-16
ambiguity_negative,B,12,-0.28125051802322604,0.5431683631713462,-0.9988209815422263,-0.998820981542226,1.1102230246251565e-16,2.220446049250313e-16
ambiguity_negative,B,13,-0.25300756437512606,0.5888515268542115,-0.9988209815422263,-0.9988209815422261,1.1102230246251565e-16,1.1102230246251565e-16
ambiguity_negative,B,14,-0.22758890609183607,0.6299663741687904,-0.9988209815422264,-0.998820981542226,2.220446049250313e-16,2.220446049250313e-16
ambiguity_negative,B,15,-0.20471211363687508,0.6669697367519113,-0.9988209815422263,-0.998820981542226,1.1102230246251565e-16,2.220446049250313e-16
ambiguity_negative,B,16,-0.18412300042741017,0.7002727630767202,-0.9988209815422263,-0.998820981542226,1.1102230246251565e-16,2.220446049250313e-16
ambiguity_negative,B,17,-0.16559279853889175,0.7302454867690482,-0.9988209815422263,-0.998820981542226,1.1102230246251565e-16,2.220446049250313e-16
ambiguity_negative,B,18,-0.1489156168392252,0.7572209380921435,-0.9988209815422264,-0.9988209815422261,2.220446049250313e-16,1.1102230246251565e-16
ambiguity_negative,B,19,-0.1339061533095253,0.7814988442829292,-0.9988209815422264,-0.9988209815422262,2.220446049250313e-16,0.0
ambiguity_negative,B,20,-0.12039763613279539,0.8033489598546363,-0.9988209815422264,-0.9988209815422262,2.220446049250313e-16,0.0
ambiguity_negative,B,21,-0.10823997067373847,0.8230140638691726,-0.9988209815422266,-0.9988209815422262,4.440892098500626e-16,0.0
ambiguity_negative,B,22,-0.09729807176058725,0.8407126574822554,-0.9988209815422264,-0.9988209815422263,2.220446049250313e-16,1.1102230246251565e-16
ambiguity_negative,B,23,-0.08745036273875115,0.8566413917340298,-0.9988209815422266,-0.9988209815422263,4.440892098500626e-16,1.1102230246251565e-16
ambiguity_negative,B,24,-0.07858742461909865,0.870977252560627,-0.9988209815422266,-0.9988209815422263,4.440892098500626e-16,1.1102230246251565e-16
ambiguity_negative,B,25,-0.07061078031141141,0.8838795273045641,-0.9988209815422266,-0.9988209815422262,4.440892098500626e-16,0.0
ambiguity_negative,B,26,-0.06343180043449288,0.8954915745741078,-0.9988209815422264,-0.9988209815422262,2.220446049250313e-16,0.0
ambiguity_negative,B,27,-0.05697071854526622,0.9059424171166969,-0.9988209815422264,-0.9988209815422262,2.220446049250313e-16,0.0
ambiguity_negative,B,28,-0.05115574484496221,0.9153481754050272,-0.9988209815422264,-0.9988209815422262,2.220446049250313e-16,0.0
ambiguity_negative,B,29,-0.0459222685146886,0.9238133578645246,-0.9988209815422263,-0.9988209815422262,1.1102230246251565e-16,0.0
ambiguity_negative,B,30,-0.04121213981744236,0.9314320220780721,-0.9988209815422263,-0.9988209815422261,1.1102230246251565e-16,1.1102230246251565e-16
ambiguity_negative,B,31,-0.03697302398992074,0.9382888198702647,-0.9988209815422264,-0.9988209815422261,2.220446049250313e-16,1.1102230246251565e-16
ambiguity_negative,B,32,-0.03315781974515128,0.9444599378832381,-0.9988209815422261,-0.998820981542226,1.1102230246251565e-16,2.220446049250313e-16
ambiguity_negative,B,33,-0.02972413592485875,0.9500139440949145,-0.9988209815422263,-0.9988209815422261,1.1102230246251565e-16,1.1102230246251565e-16
ambiguity_negative,B,34,-0.026633820486595485,0.9550125496854229,-0.9988209815422263,-0.998820981542226,1.1102230246251565e-16,2.220446049250313e-16
ambiguity_negative,B,35,-0.02385253659215854,0.9595112947168807,-0.9988209815422263,-0.9988209815422262,1.1102230246251565e-16,0.0
ambiguity_negative,B,36,-0.021349381087165296,0.9635601652451927,-0.9988209815422264,-0.9988209815422262,2.220446049250313e-16,0.0
ambiguity_negative,B,37,-0.019096541132671382,0.9672041487206734,-0.9988209815422264,-0.9988209815422261,2.220446049250313e-16,1.1102230246251565e-16
ambiguity_negative,B,38,-0.017068985173626854,0.970483733848606,-0.9988209815422264,-0.9988209815422261,2.220446049250313e-16,1.1102230246251565e-16
ambiguity_negative,B,39,-0.015244184810486776,0.9734353604637455,-0.9988209815422263,-0.9988209815422261,1.1102230246251565e-16,1.1102230246251565e-16
ambiguity_negative,B,40,-0.01360186448366071,0.976091824417371,-0.9988209815422264,-0.9988209815422262,2.220446049250313e-16,0.0
ambiguity_negative,B,41,-0.012123776189517254,0.9784826419756338,-0.9988209815422263,-0.9988209815422261,1.1102230246251565e-16,1.1102230246251565e-16
ambiguity_negative,B,42,-0.01079349672478814,0.9806343777780705,-0.9988209815422264,-0.9988209815422261,2.220446049250313e-16,1.1102230246251565e-16
ambiguity_negative,B,43,-0.009596245206531942,0.9825709400002635,-0.9988209815422263,-0.998820981542226,1.1102230246251565e-16,2.220446049250313e-16
ambiguity_negative,B,44,-0.008518718840101365,0.9843138460002371,-0.9988209815422263,-0.998820981542226,1.1102230246251565e-16,2.220446049250313e-16
ambiguity_negative,B,45,-0.007548945110313843,0.9858824614002133,-0.9988209815422263,-0.998820981542226,1.1102230246251565e-16,2.220446049250313e-16
ambiguity_negative,B,46,-0.006676148753505068,0.987294215260192,-0.9988209815422263,-0.9988209815422261,1.1102230246251565e-16,1.1102230246251565e-16
ambiguity_negative,B,47,-0.005890632032377174,0.9885647937341727,-0.9988209815422263,-0.998820981542226,1.1102230246251565e-16,2.220446049250313e-16
ambiguity_negative,B,48,-0.005183666983362063,0.9897083143607555,-0.9988209815422263,-0.998820981542226,1.1102230246251565e-16,2.220446049250313e-16
ambiguity_negative,B,49,-0.004547398439248463,0.9907374829246799,-0.9988209815422264,-0.998820981542226,2.220446049250313e-16,2.220446049250313e-16
ambiguity_negative,B,50,-0.003974756749546223,0.991663734632212,-0.9988209815422263,-0.9988209815422261,1.1102230246251565e-16,1.1102230246251565e-16
ambiguity_negative,B,51,-0.0034593792288142144,0.9924973611689908,-0.9988209815422263,-0.9988209815422261,1.1102230246251565e-16,1.1102230246251565e-16
ambiguity_negative,B,52,-0.0029955394601554044,0.9932476250520919,-0.9988209815422264,-0.9988209815422261,2.220446049250313e-16,1.1102230246251565e-16
ambiguity_negative,B,53,-0.0025780836683624844,0.9939228625468826,-0.9988209815422263,-0.9988209815422261,1.1102230246251565e-16,1.1102230246251565e-16
ambiguity_negative,B,54,-0.0022023734557488493,0.9945305762921944,-0.9988209815422264,-0.9988209815422261,2.220446049250313e-16,1.1102230246251565e-16
ambiguity_negative,B,55,-0.001864234264396586,0.995077518662975,-0.9988209815422264,-0.9988209815422263,2.220446049250313e-16,1.1102230246251565e-16
ambiguity_negative,B,56,-0.0015599089921795497,0.9955697667966774,-0.9988209815422264,-0.9988209815422262,2.220446049250313e-16,0.0
ambiguity_negative,B,57,-0.0012860162471842115,0.9960127901170097,-0.9988209815422264,-0.9988209815422262,2.220446049250313e-16,0.0
ambiguity_negative,B,58,-0.00103951277668841,0.9964115111053087,-0.9988209815422264,-0.9988209815422262,2.220446049250313e-16,0.0
ambiguity_negative,B,59,-0.0008176596532421845,0.9967703599947778,-0.9988209815422266,-0.9988209815422263,4.440892098500626e-16,1.1102230246251565e-16
ambiguity_negative,B,60,-0.0006179918421405816,0.9970933239953,-0.9988209815422264,-0.9988209815422262,2.220446049250313e-16,0.0
ambiguity_negative,B,61,-0.00043829081214913964,0.9973839915957701,-0.9988209815422264,-0.9988209815422263,2.220446049250313e-16,1.1102230246251565e-16
ambiguity_negative,B,62,-0.00027655988515684393,0.9976455924361931,-0.9988209815422264,-0.9988209815422262,2.220446049250313e-16,0.0
ambiguity_negative,B,63,-0.00013100205086378054,0.9978810331925738,-0.9988209815422266,-0.9988209815422263,4.440892098500626e-16,1.1102230246251565e-16
ambiguity_negative,B,64,-2.485533480423019e-17,0.9980929298733165,-0.9988209815422266,-0.9988209815422263,4.440892098500626e-16,1.1102230246251565e-16
ambiguity_positive,A,1,0.1,-0.06182355023431362,,,,
ambiguity_positive,A,2,0.19,-0.11746474544519588,,,,
ambiguity_positive,A,3,0.271,-0.16754182113498992,,,,
ambiguity_positive,A,4,0.34390000000000004,-0.21261118925580455,,,,
ambiguity_positive,A,5,0.40951000000000004,-0.25317362056453774,,,,
ambiguity_positive,A,6,0.46855900000000006,-0.28967980874239757,,,,
ambiguity_positive,A,7,0.5217031000000001,-0.32253537810247146,,,,
ambiguity_positive,A,8,0.5695327900000001,-0.35210539052653794,,,,
ambiguity_positive,A,9,0.6125795110000001,-0.37871840170819776,,,,
ambiguity_positive,A,10,0.6513215599000001,-0.4026701117716916,,,,
ambiguity_positive,A,11,0.68618940391,-0.42422665082883604,,,,
ambiguity_positive,A,12,0.717570463519,-0.44362753598026605,,,,
ambiguity_positive,A,13,0.7458134171671,-0.4610883326165531,,,,
ambiguity_positive,A,14,0.7712320754503901,-0.47680304958921144,,,,
ambiguity_positive,A,15,0.7941088679053511,-0.4909462948646039,,,,
ambiguity_positive,A,16,0.814697981114816,-0.5036752156124571,,,,
ambiguity_positive,A,17,0.8332281830033343,-0.515131244285525,,,,
ambiguity_positive,A,18,0.8499053647030009,-0.5254416700912862,,,,
ambiguity_positive,A,19,0.8649148282327008,-0.5347210533164711,,,,
ambiguity_positive,A,20,0.8784233454094308,-0.5430724982191377,,,,
ambiguity_positive,A,21,0.8905810108684877,-0.5505887986315375,,,,
ambiguity_positive,A,22,0.901522909781639,-0.5573534690026974,,,,
ambiguity_positive,A,23,0.911370618803475,-0.5634416723367413,,,,
ambiguity_positive,A,24,0.9202335569231275,-0.5689210553373807,,,,
ambiguity_positive,A,25,0.9282102012308148,-0.5738525000379563,,,,
ambiguity_positive,A,26,0.9353891811077333,-0.5782908002684742,,,,
ambiguity_positive,A,27,0.94185026299696,-0.5822852704759405,,,,
ambiguity_positive,A,28,0.947665236697264,-0.58588029366266,,,,
ambiguity_positive,A,29,0.9528987130275376,-0.5891158145307077,,,,
ambiguity_positive,A,30,0.9576088417247839,-0.5920277833119506,,,,
ambiguity_positive,A,31,0.9618479575523055,-0.5946485552150691,,,,
ambiguity_positive,A,32,0.9656631617970749,-0.5970072499278758,,,,
ambiguity_positive,A,33,0.9690968456173674,-0.5991300751694019,,,,
ambiguity_positive,A,34,0.9721871610556306,-0.6010406178867752,,,,
ambiguity_positive,A,35,0.9749684449500675,-0.6027601063324113,,,,
ambiguity_positive,A,36,0.9774716004550608,-0.6043076459334837,,,,
ambiguity_positive,A,37,0.9797244404095546,-0.605700431574449,,,,
ambiguity_positive,A,38,0.9817519963685992,-0.6069539386513177,,,,
ambiguity_positive,A,39,0.9835767967317393,-0.6080820950204996,,,,
ambiguity_positive,A,40,0.9852191170585654,-0.6090974357527632,,,,
ambiguity_positive,A,41,0.9866972053527088,-0.6100112424118005,,,,
ambiguity_positive,A,42,0.9880274848174379,-0.610833668404934,,,,
ambiguity_positive,A,43,0.9892247363356941,-0.6115738517987542,,,,
ambiguity_positive,A,44,0.9903022627021246,-0.6122400168531924,,,,
ambiguity_positive,A,45,0.9912720364319122,-0.6128395654021869,,,,
ambiguity_positive,A,46,0.992144832788721,-0.6133791590962818,,,,
ambiguity_positive,A,47,0.9929303495098489,-0.6138647934209672,,,,
ambiguity_positive,A,48,0.9936373145588641,-0.6143018643131841,,,,
ambiguity_positive,A,49,0.9942735831029776,-0.6146952281161794,,,,
ambiguity_positive,A,50,0.9948462247926799,-0.615049255538875,,,,
ambiguity_positive,A,51,0.995361602313412,-0.6153678802193012,,,,
ambiguity_positive,A,52,0.9958254420820708,-0.6156546424316847,,,,
ambiguity_positive,A,53,0.9962428978738638,-0.6159127284228298,,,,
ambiguity_positive,A,54,0.9966186080864774,-0.6161450058148605,,,,
ambiguity_positive,A,55,0.9969567472778297,-0.6163540554676881,,,,
ambiguity_positive,A,56,0.9972610725500467,-0.6165422001552329,,,,
ambiguity_positive,A,57,0.997534965295042,-0.6167115303740233,,,,
ambiguity_positive,A,58,0.9977814687655379,-0.6168639275709346,,,,
ambiguity_positive,A,59,0.9980033218889841,-0.6170010850481548,,,,
ambiguity_positive,A,60,0.9982029897000857,-0.6171245267776528,,,,
ambiguity_positive,A,61,0.9983826907300771,-0.6172356243342012,,,,
ambiguity_positive,A,62,0.9985444216570694,-0.6173356121350947,,,,
ambiguity_positive,A,63,0.9986899794913624,-0.6174256011558988,,,,
ambiguity_positive,A,64,0.9988209815422262,-0.6175065912746226,,,,
ambiguity_positive,B,1,0.8988209815422261,-0.4557559321471602,0.9988209815422263,0.9988209815422262,1.1102230246251565e-16,0.0
ambiguity_positive,B,2,0.808820981542226,-0.3101803389324441,0.9988209815422261,0.9988209815422261,1.1102230246251565e-16,1.1102230246251565e-16
ambiguity_positive,B,3,0.7278209815422261,-0.17916230503919978,0.9988209815422263,0.9988209815422261,1.1102230246251565e-16,1.1102230246251565e-16
ambiguity_positive,B,4,0.6549209815422261,-0.06124607453527975,0.9988209815422263,0.9988209815422261,1.1102230246251565e-16,1.1102230246251565e-16
ambiguity_positive,B,5,0.589310981542226,0.044878532918248226,0.9988209815422263,0.9988209815422261,1.1102230246251565e-16,1.1102230246251565e-16
ambiguity_positive,B,6,0.530261981542226,0.14039067962642343,0.9988209815422263,0.9988209815422261,1.1102230246251565e-16,1.1102230246251565e-16
ambiguity_positive,B,7,0.477117881542226,0.22635161166378115,0.9988209815422263,0.9988209815422261,1.1102230246251565e-16,1.1102230246251565e-16
ambiguity_positive,B,8,0.429288191542226,0.3037164504974029,0.9988209815422263,0.998820981542226,1.1102230246251565e-16,2.220446049250313e-16
ambiguity_positive,B,9,0.386241470542226,0.37334480544766274,0.9988209815422263,0.9988209815422261,1.1102230246251565e-16,1.1102230246251565e-16
ambiguity_positive,B,10,0.347499421642226,0.43601032490289654,0.9988209815422263,0.9988209815422261,1.1102230246251565e-16,1.1102230246251565e-16
ambiguity_positive,B,11,0.31263157763222604,0.4924092924126068,0.9988209815422263,0.9988209815422261,1.1102230246251565e-16,1.1102230246251565e-16
ambiguity_positive,B,12,0.28125051802322604,0.5431683631713462,0.9988209815422263,0.998820981542226,1.1102230246251565e-16,2.220446049250313e-16
ambiguity_positive,B,13,0.25300756437512606,0.5888515268542115,0.9988209815422263,0.9988209815422261,1.1102230246251565e-16,1.1102230246251565e-16
ambiguity_positive,B,14,0.22758890609183607,0.6299663741687904,0.9988209815422264,0.998820981542226,2.220446049250313e-16,2.220446049250313e-16
ambiguity_positive,B,15,0.20471211363687508,0.6669697367519113,0.9988209815422263,0.998820981542226,1.1102230246251565e-16,2.220446049250313e-16
ambiguity_positive,B,16,0.18412300042741017,0.7002727630767202,0.9988209815422263,0.998820981542226,1.1102230246251565e-16,2.220446049250313e-16
ambiguity_positive,B,17,0.16559279853889175,0.7302454867690482,0.9988209815422263,0.998820981542226,1.1102230246251565e-16,2.220446049250313e-16
ambiguity_positive,B,18,0.1489156168392252,0.7572209380921435,0.9988209815422264,0.9988209815422261,2.220446049250313e-16,1.1102230246251565e-16
ambiguity_positive,B,19,0.1339061533095253,0.7814988442829292,0.9988209815422264,0.9988209815422262,2.220446049250313e-16,0.0
ambiguity_positive,B,20,0.12039763613279539,0.8033489598546363,0.9988209815422264,0.9988209815422262,2.220446049250313e-16,0.0
ambiguity_positive,B,21,0.10823997067373847,0.8230140638691726,0.9988209815422266,0.9988209815422262,4.440892098500626e-16,0.0
ambiguity_positive,B,22,0.09729807176058725,0.8407126574822554,0.9988209815422264,0.9988209815422263,2.220446049250313e-16,1.1102230246251565e-16
ambiguity_positive,B,23,0.08745036273875115,0.8566413917340298,0.9988209815422266,0.9988209815422263,4.440892098500626e-16,1.1102230246251565e-16
ambiguity_positive,B,24,0.07858742461909865,0.870977252560627,0.9988209815422266,0.9988209815422263,4.440892098500626e-16,1.1102230246251565e-16
ambiguity_positive,B,25,0.07061078031141141,0.8838795273045641,0.9988209815422266,0.9988209815422262,4.440892098500626e-16,0.0
ambiguity_positive,B,26,0.06343180043449288,0.8954915745741078,0.9988209815422264,0.9988209815422262,2.220446049250313e-16,0.0
ambiguity_positive,B,27,0.05697071854526622,0.9059424171166969,0.9988209815422264,0.9988209815422262,2.220446049250313e-16,0.0
ambiguity_positive,B,28,0.05115574484496221,0.9153481754050272,0.9988209815422264,0.9988209815422262,2.220446049250313e-16,0.0
ambiguity_positive,B,29,0.0459222685146886,0.9238133578645246,0.9988209815422263,0.9988209815422262,1.1102230246251565e-16,0.0
ambiguity_positive,B,30,0.04121213981744236,0.9314320220780721,0.9988209815422263,0.9988209815422261,1.1102230246251565e-16,1.1102230246251565e-16
ambiguity_positive,B,31,0.03697302398992074,0.9382888198702647,0.9988209815422264,0.9988209815422261,2.220446049250313e-16,1.1102230246251565e-16
ambiguity_positive,B,32,0.03315781974515128,0.9444599378832381,0.9988209815422261,0.998820981542226,1.1102230246251565e-16,2.220446049250313e-16
ambiguity_positive,B,33,0.02972413592485875,0.9500139440949145,0.9988209815422263,0.9988209815422261,1.1102230246251565e-16,1.1102230246251565e-16
ambiguity_positive,B,34,0.026633820486595485,0.9550125496854229,0.9988209815422263,0.998820981542226,1.1102230246251565e-16,2.220446049250313e-16
ambiguity_positive,B,35,0.02385253659215854,0.9595112947168807,0.9988209815422263,0.9988209815422262,1.1102230246251565e-16,0.0
ambiguity_positive,B,36,0.021349381087165296,0.9635601652451927,0.9988209815422264,0.9988209815422262,2.220446049250313e-16,0.0
ambiguity_positive,B,37,0.019096541132671382,0.9672041487206734,0.9988209815422264,0.9988209815422261,2.220446049250313e-16,1.1102230246251565e-16
ambiguity_positive,B,38,0.017068985173626854,0.970483733848606,0.9988209815422264,0.9988209815422261,2.220446049250313e-16,1.1102230246251565e-16
ambiguity_positive,B,39,0.015244184810486776,0.9734353604637455,0.9988209815422263,0.9988209815422261,1.1102230246251565e-16,1.1102230246251565e-16
ambiguity_positive,B,40,0.01360186448366071,0.976091824417371,0.9988209815422264,0.9988209815422262,2.220446049250313e-16,0.0
ambiguity_positive,B,41,0.012123776189517254,0.9784826419756338,0.9988209815422263,0.9988209815422261,1.1102230246251565e-16,1.1102230246251565e-16
ambiguity_positive,B,42,0.01079349672478814,0.9806343777780705,0.9988209815422264,0.9988209815422261,2.220446049250313e-16,1.1102230246251565e-16
ambiguity_positive,B,43,0.009596245206531942,0.9825709400002635,0.9988209815422263,0.998820981542226,1.1102230246251565e-16,2.220446049250313e-16
ambiguity_positive,B,44,0.008518718840101365,0.9843138460002371,0.9988209815422263,0.998820981542226,1.1102230246251565e-16,2.220446049250313e-16
ambiguity_positive,B,45,0.007548945110313843,0.9858824614002133,0.9988209815422263,0.998820981542226,1.1102230246251565e-16,2.220446049250313e-16
ambiguity_positive,B,46,0.006676148753505068,0.987294215260192,0.9988209815422263,0.9988209815422261,1.1102230246251565e-16,1.1102230246251565e-16
ambiguity_positive,B,47,0.005890632032377174,0.9885647937341727,0.9988209815422263,0.998820981542226,1.1102230246251565e-16,2.220446049250313e-16
ambiguity_positive,B,48,0.005183666983362063,0.9897083143607555,0.9988209815422263,0.998820981542226,1.1102230246251565e-16,2.220446049250313e-16
ambiguity_positive,B,49,0.004547398439248463,0.9907374829246799,0.9988209815422264,0.998820981542226,2.220446049250313e-16,2.220446049250313e-16
ambiguity_positive,B,50,0.003974756749546223,0.991663734632212,0.9988209815422263,0.9988209815422261,1.1102230246251565e-16,1.1102230246251565e-16
ambiguity_positive,B,51,0.0034593792288142144,0.9924973611689908,0.9988209815422263,0.9988209815422261,1.1102230246251565e-16,1.1102230246251565e-16
ambiguity_positive,B,52,0.0029955394601554044,0.9932476250520919,0.9988209815422264,0.9988209815422261,2.220446049250313e-16,1.1102230246251565e-16
ambiguity_positive,B,53,0.0025780836683624844,0.9939228625468826,0.9988209815422263,0.9988209815422261,1.1102230246251565e-16,1.1102230246251565e-16
ambiguity_positive,B,54,0.0022023734557488493,0.9945305762921944,0.9988209815422264,0.9988209815422261,2.220446049250313e-16,1.1102230246251565e-16
ambiguity_positive,B,55,0.001864234264396586,0.995077518662975,0.9988209815422264,0.9988209815422263,2.220446049250313e-16,1.1102230246251565e-16
ambiguity_positive,B,56,0.0015599089921795497,0.9955697667966774,0.9988209815422264,0.9988209815422262,2.220446049250313e-16,0.0
ambiguity_positive,B,57,0.0012860162471842115,0.9960127901170097,0.9988209815422264,0.9988209815422262,2.220446049250313e-16,0.0
ambiguity_positive,B,58,0.00103951277668841,0.9964115111053087,0.9988209815422264,0.9988209815422262,2.220446049250313e-16,0.0
ambiguity_positive,B,59,0.0008176596532421845,0.9967703599947778,0.9988209815422266,0.9988209815422263,4.440892098500626e-16,1.1102230246251565e-16
ambiguity_positive,B,60,0.0006179918421405816,0.9970933239953,0.9988209815422264,0.9988209815422262,2.220446049250313e-16,0.0
ambiguity_positive,B,61,0.00043829081214913964,0.9973839915957701,0.9988209815422264,0.9988209815422263,2.220446049250313e-16,1.1102230246251565e-16
ambiguity_positive,B,62,0.00027655988515684393,0.9976455924361931,0.9988209815422264,0.9988209815422262,2.220446049250313e-16,0.0
ambiguity_positive,B,63,0.00013100205086378054,0.9978810331925738,0.9988209815422266,0.9988209815422263,4.440892098500626e-16,1.1102230246251565e-16
ambiguity_positive,B,64,2.485533480423019e-17,0.9980929298733165,0.9988209815422266,0.9988209815422263,4.440892098500626e-16,1.1102230246251565e-16
