case_id,context,phase_step,old_prediction,new_prediction,old_loss,new_loss,decoded_old_estimate,decoder_boundary_error,old_loss_change
case_00,A,1,-0.1,-0.07071067811865475,0.405,0.4317893218813453,-0.1,,-0.09499999999999997
case_00,A,2,-0.19,-0.13435028842544403,0.32805000000000006,0.37467471157455595,-0.19,,-0.07694999999999996
case_00,A,3,-0.271,-0.19162593770155437,0.26572049999999997,0.32673431229844563,-0.271,,-0.06232950000000009
case_00,A,4,-0.34390000000000004,-0.2431740220500537,0.21523360499999994,0.2863927804499463,-0.34390000000000004,,-0.05048689500000003
case_00,A,5,-0.40951000000000004,-0.28956729796370306,0.17433922004999997,0.2523573120612969,-0.40951000000000004,,-0.04089438494999997
case_00,A,6,-0.46855900000000006,-0.3313212462859875,0.14121476824049997,0.22356563783426245,-0.46855900000000006,,-0.033124451809499994
case_00,A,7,-0.5217031000000001,-0.36889979977604354,0.11438396227480496,0.19914373136135902,-0.5217031000000001,,-0.02683080596569501
case_00,A,8,-0.5695327900000001,-0.40272049791709397,0.092651009442592,0.17837140180420208,-0.5695327900000001,,-0.021732952832212965
case_00,A,9,-0.6125795110000001,-0.4331591262440393,0.07504731764849953,0.16065428808021048,-0.6125795110000001,,-0.017603691794092463
case_00,A,10,-0.6513215599000001,-0.4605538917382901,0.06078832729528462,0.14550105185935222,-0.6513215599000001,,-0.014258990353214915
case_00,A,11,-0.68618940391,-0.48520918068311586,0.04923854510918055,0.13250479382647445,-0.68618940391,,-0.011549782186104071
case_00,A,12,-0.717570463519,-0.5073989407334589,0.03988322153843626,0.12132790179525915,-0.717570463519,,-0.00935532357074429
case_00,A,13,-0.7458134171671,-0.5273697247787679,0.03230540944613336,0.11168968852784882,-0.7458134171671,,-0.007577812092302898
case_00,A,14,-0.7712320754503901,-0.5453434304195458,0.026167381651368008,0.1033562981313332,-0.7712320754503901,,-0.0061380277947653515
case_00,A,15,-0.7941088679053511,-0.561519765496246,0.021195579137608087,0.09613245802523353,-0.7941088679053511,,-0.004971802513759921
case_00,A,16,-0.814697981114816,-0.5760784670652761,0.017168419101462554,0.0898547330428631,-0.814697981114816,,-0.004027160036145533
case_00,A,17,-0.8332281830033343,-0.5891812984774033,0.01390641947218467,0.0843860027603562,-0.8332281830033343,,-0.003261999629277885
case_00,A,18,-0.8499053647030009,-0.6009738467483177,0.011264199772469579,0.07961093548941754,-0.8499053647030009,,-0.002642219699715091
case_00,A,19,-0.8649148282327008,-0.6115871401921407,0.009124001815700361,0.0754322748320599,-0.8649148282327008,,-0.0021401979567692176
case_00,A,20,-0.8784233454094308,-0.6211391042915814,0.0073904414707172865,0.07176778914849263,-0.8784233454094308,,-0.0017335603449830745
case_00,A,21,-0.8905810108684877,-0.629735871981078,0.005986257591281,0.06854776224880631,-0.8905810108684877,,-0.0014041838794362866
case_00,A,22,-0.901522909781639,-0.6374729629016249,0.0048488686489376095,0.06571292631366331,-0.901522909781639,,-0.0011373889423433904
case_00,A,23,-0.911370618803475,-0.6444363447301171,0.003927583605639467,0.06321275647444005,-0.911370618803475,,-0.0009212850432981428
case_00,A,24,-0.9202335569231275,-0.6507033883757601,0.0031813427205679727,0.061004061446087526,-0.9202335569231275,,-0.000746240885071494
case_00,A,25,-0.9282102012308148,-0.6563437276568389,0.0025768876036600546,0.05904981676039846,-0.9282102012308148,,-0.0006044551169079181
case_00,A,26,-0.9353891811077333,-0.6614200330098098,0.002087278958964645,0.05731819702353915,-0.9353891811077333,,-0.0004896086446954098
case_00,A,27,-0.94185026299696,-0.6659887078274835,0.0016906959567613625,0.05578177164937708,-0.94185026299696,,-0.0003965830022032823
case_00,A,28,-0.947665236697264,-0.67010051516339,0.0013694637249767017,0.054416835047730344,-0.947665236697264,,-0.00032123223178466076
case_00,A,29,-0.9528987130275376,-0.6738011417657057,0.0011092656172311285,0.05320284755667861,-0.9528987130275376,,-0.0002601981077455732
case_00,A,30,-0.9576088417247839,-0.6771317057077899,0.0008985051499572118,0.05212196772958059,-0.9576088417247839,,-0.00021076046727391677
case_00,A,31,-0.9618479575523055,-0.6801292132556657,0.0007277891714653432,0.05115866010621971,-0.9618479575523055,,-0.00017071597849186858
case_00,A,32,-0.9656631617970749,-0.6828269700487538,0.0005895092288869284,0.05029936546422706,-0.9656631617970749,,-0.00013827994257841478
case_00,A,33,-0.9690968456173674,-0.6852549511625332,0.00047750247539841165,0.049532222883849675,-0.9690968456173674,,-0.00011200675348851675
case_00,A,34,-0.9721871610556306,-0.6874401341649345,0.00038677700507271464,0.048846834865417056,-0.9721871610556306,,-9.0725470325697e-05
case_00,A,35,-0.9749684449500675,-0.6894067988670959,0.0003132893741089003,0.04823406829499231,-0.9749684449500675,,-7.348763096381436e-05
case_00,A,36,-0.9774716004550608,-0.691176797099041,0.0002537643930282092,0.047685885325003445,-0.9774716004550608,,-5.952498108069106e-05
case_00,A,37,-0.9797244404095546,-0.6927697955077916,0.00020554915835285036,0.04719519927616209,-0.9797244404095546,,-4.821523467535887e-05
case_00,A,38,-0.9817519963685992,-0.6942034940756673,0.00016649481826580797,0.046755751517765225,-0.9817519963685992,,-3.9054340087042386e-05
case_00,A,39,-0.9835767967317393,-0.6954938227867552,0.0001348608027953052,0.046362005980512024,-0.9835767967317393,,-3.1634015470502784e-05
case_00,A,40,-0.9852191170585654,-0.6966551186267345,0.00010923725026419688,0.04600905852768027,-0.9852191170585654,,-2.5623552531108305e-05
case_00,A,41,-0.9866972053527088,-0.6977002848827157,8.848217271400007e-05,0.04569255887999561,-0.9866972053527088,,-2.0755077550196815e-05
case_00,A,42,-0.9880274848174379,-0.6986409345130988,7.167055989834058e-05,0.0454086431755692,-0.9880274848174379,,-1.681161281565949e-05
case_00,A,43,-0.9892247363356941,-0.6994875191804437,5.8053153517655756e-05,0.04515387556416209,-0.9892247363356941,,-1.3617406380684822e-05
case_00,A,44,-0.9903022627021246,-0.700249445381054,4.702305434930159e-05,0.04492519749718285,-0.9903022627021246,,-1.1030099168354167e-05
case_00,A,45,-0.9912720364319122,-0.7009351789616034,3.8088674022933995e-05,0.04471988359136409,-0.9912720364319122,,-8.934380326367594e-06
case_00,A,46,-0.992144832788721,-0.7015523391840979,3.085182595857627e-05,0.04453550312324188,-0.992144832788721,,-7.236848064357722e-06
case_00,A,47,-0.9929303495098489,-0.7021077833843429,2.4989979026446627e-05,0.04436988636009479,-0.9929303495098489,,-5.861846932129646e-06
case_00,A,48,-0.9936373145588641,-0.7026076831645633,2.0241883011421626e-05,0.04422109505637437,-0.9936373145588641,,-4.748096015025001e-06
case_00,A,49,-0.9942735831029776,-0.7030575929667617,1.639592523925158e-05,0.044087396547346676,-0.9942735831029776,,-3.845957772170047e-06
case_00,A,50,-0.9948462247926799,-0.7034625117887403,1.3280699443793552e-05,0.04396724095732149,-0.9948462247926799,,-3.115225795458028e-06
case_00,A,51,-0.995361602313412,-0.7038269387285211,1.0757366549472572e-05,0.0438592411114596,-0.995361602313412,,-2.52333289432098e-06
case_00,A,52,-0.9958254420820708,-0.7041549229743237,8.71346690507269e-06,0.043762154800164176,-0.9958254420820708,,-2.0438996443998826e-06
case_00,A,53,-0.9962428978738638,-0.7044501087955461,7.05790819310867e-06,0.04367486909548225,-0.9962428978738638,,-1.655558711964019e-06
case_00,A,54,-0.9966186080864774,-0.7047157760346463,5.716905636418023e-06,0.043596386461410584,-0.9966186080864774,,-1.3410025566906477e-06
case_00,A,55,-0.9969567472778297,-0.7049548765498365,4.630693565498531e-06,0.04352581243586112,-0.9969567472778297,,-1.0862120709194913e-06
case_00,A,56,-0.9972610725500467,-0.7051700670135075,3.7508617880538406e-06,0.04346234469240983,-0.9972610725500467,,-8.798317774446906e-07
case_00,A,57,-0.997534965295042,-0.7053637384308115,3.0381980483235836e-06,0.04340526331573365,-0.997534965295042,,-7.12663739730257e-07
case_00,A,58,-0.9977814687655379,-0.7055380427063851,2.460940419142053e-06,0.043353922146593345,-0.9977814687655379,,-5.772576291815305e-07
case_00,A,59,-0.9980033218889841,-0.7056949165544014,1.993361739504997e-06,0.04330774107096037,-0.9980033218889841,,-4.6757867963705627e-07
case_00,A,60,-0.9982029897000857,-0.705836103017616,1.6146230089990474e-06,0.04326619914393131,-0.9982029897000857,,-3.7873873050594947e-07
case_00,A,61,-0.9983826907300771,-0.7059631708345091,1.3078446372892283e-06,0.04322882845284804,-0.9983826907300771,,-3.067783717098191e-07
case_00,A,62,-0.9985444216570694,-0.7060775318697129,1.0593541562043557e-06,0.04319520863589982,-0.9985444216570694,,-2.484904810848726e-07
case_00,A,63,-0.9986899794913624,-0.7061804568013964,8.580768665255572e-07,0.04316496198271804,-0.9986899794913624,,-2.0127728967879852e-07
case_00,A,64,-0.9988209815422262,-0.7062730892399115,6.95042261885649e-07,0.043137749052332496,-0.9988209815422262,,-1.6303460463990822e-07
case_00,B,1,-1.0195906105837698,-0.7356457803159204,0.00019189601152245592,0.034941576732389304,-0.9988209815422263,1.1102230246251565e-16,0.00019120096926057025
case_00,B,2,-1.038283276721159,-0.7620812022843284,0.0007328046382544151,0.02830267715323533,-0.9988209815422264,2.220446049250313e-16,0.0005409086267319592
case_00,B,3,-1.0551066762448091,-0.7858730820558957,0.001518372883375106,0.022925168494120594,-0.9988209815422264,2.220446049250313e-16,0.0007855682451206908
case_00,B,4,-1.0702477358160942,-0.8072857738503061,0.0024673721936438837,0.018569386480237683,-0.9988209815422263,1.1102230246251565e-16,0.0009489993102687778
case_00,B,5,-1.083874689430251,-0.8265571964652754,0.0035174817635105203,0.015041203048992544,-0.9988209815422264,2.220446049250313e-16,0.0010501095698666365
case_00,B,6,-1.096138947682992,-0.8439014768187478,0.004621348630796529,0.01218337446968396,-0.9988209815422264,2.220446049250313e-16,0.0011038668672860084
case_00,B,7,-1.1071767801104588,-0.8595113291368731,0.005743431097422823,0.009868533320443998,-0.9988209815422264,2.220446049250313e-16,0.001122082466626294
case_00,B,8,-1.117110829295179,-0.8735601962231858,0.00685747316910228,0.007993511989559637,-0.9988209815422264,2.220446049250313e-16,0.0011140420716794575
case_00,B,9,-1.126051473561427,-0.8862041766008671,0.007944486993503577,0.006474744711543317,-0.9988209815422263,1.1102230246251565e-16,0.0010870138244012967
case_00,B,10,-1.1340980534010505,-0.8975837589407805,0.008991143962975498,0.005244543216350083,-0.9988209815422264,2.220446049250313e-16,0.0010466569694719211
case_00,B,11,-1.1413399752567115,-0.9078253830467025,0.009988494302783908,0.004248080005243563,-0.9988209815422263,1.1102230246251565e-16,0.0009973503398084099
case_00,B,12,-1.1478577049268064,-0.9170428447420321,0.010930950453111273,0.0034409448042472934,-0.9988209815422263,1.1102230246251565e-16,0.0009424561503273646
case_00,B,13,-1.1537236616298918,-0.9253385602678289,0.011815482072450737,0.0027871652914403084,-0.9988209815422263,1.1102230246251565e-16,0.0008845316193394643
case_00,B,14,-1.1590030226626686,-0.932804704241046,0.012640980607932558,0.0022576038860666506,-0.9988209815422262,0.0,0.0008254985354818212
case_00,B,15,-1.1637544475921677,-0.9395242338169413,0.013407759553108004,0.0018286591477139943,-0.9988209815422261,1.1102230246251565e-16,0.0007667789451754458
case_00,B,16,-1.168030730028717,-0.9455718104352471,0.014117163116991778,0.0014812139096483396,-0.998820981542226,2.220446049250313e-16,0.0007094035638837738
case_00,B,17,-1.1718793842216113,-0.9510146293917223,0.014771261360200143,0.0011997832668151573,-0.998820981542226,2.220446049250313e-16,0.0006540982432083654
case_00,B,18,-1.1753431729952162,-0.9559131664525501,0.015372614158015155,0.0009718244461202775,-0.998820981542226,2.220446049250313e-16,0.0006013527978150114
case_00,B,19,-1.1784605828914607,-0.9603218498072952,0.01592408982297996,0.0007871778013574208,-0.9988209815422261,1.1102230246251565e-16,0.0005514756649648064
case_00,B,20,-1.1812662517980808,-0.9642896648265658,0.016428727020462608,0.0006376140190995077,-0.9988209815422261,1.1102230246251565e-16,0.000504637197482647
case_00,B,21,-1.1837913538140388,-0.9678606983439092,0.016889630868398592,0.0005164673554706005,-0.9988209815422262,0.0,0.00046090384793598393
case_00,B,22,-1.186063945628401,-0.9710746285095183,0.017309895931404282,0.00041833855793118544,-0.9988209815422262,0.0,0.00042026506300569047
case_00,B,23,-1.188109278261327,-0.9739671656585664,0.017692550283998666,0.0003388542319242611,-0.9988209815422262,0.0,0.0003826543525943839
case_00,B,24,-1.1899500776309604,-0.9765704490927098,0.01804051599600394,0.0002744719278586504,-0.9988209815422262,0.0,0.0003479657120052729
case_00,B,25,-1.1916067970636304,-0.9789134041834388,0.018356582340491617,0.0002223222615655092,-0.9988209815422262,0.0,0.00031606634448767823
case_00,B,26,-1.1930978445530334,-0.9810220637650949,0.018643388785513717,0.00018008103186806137,-0.9988209815422262,0.0,0.0002868064450220996
case_00,B,27,-1.194439787293496,-0.9829198573885853,0.018903415441369982,0.00014586563581313143,-0.998820981542226,2.220446049250313e-16,0.00026002665585626514
case_00,B,28,-1.1956475357599123,-0.9846278716497266,0.01913897912446309,0.00011815116500863885,-0.998820981542226,2.220446049250313e-16,0.00023556368309310752
case_00,B,29,-1.196734509379687,-0.986165084484754,0.019352233590433088,9.570244365699669e-05,-0.9988209815422258,4.440892098500626e-16,0.00021325446596999822
case_00,B,30,-1.1977127856374845,-0.9875485760362787,0.01954517280226695,7.751897936216705e-05,-0.998820981542226,2.220446049250313e-16,0.00019293921183386256
case_00,B,31,-1.198593234269502,-0.9887937184326507,0.01971963634881066,6.279037328335593e-05,-0.9988209815422259,3.3306690738754696e-16,0.0001744635465437093
case_00,B,32,-1.1993856380383179,-0.9899143465893857,0.019877316327973557,5.086020235951785e-05,-0.9988209815422259,3.3306690738754696e-16,0.00015767997916289744
case_00,B,33,-1.200098801430252,-0.990922911930447,0.02001976516691172,4.119676391121057e-05,-0.9988209815422258,4.440892098500626e-16,0.00014244883893816188
case_00,B,34,-1.200740648482993,-0.9918306207374025,0.02014840397668628,3.336937876807929e-05,-0.9988209815422259,3.3306690738754696e-16,0.00012863880977456027
case_00,B,35,-1.2013183108304597,-0.9926475586636622,0.020264531137814793,2.7029196802144637e-05,-0.9988209815422258,4.440892098500626e-16,0.0001161271611285139
case_00,B,36,-1.2018382069431799,-0.993382802797296,0.020369330891018955,2.189364940973708e-05,-0.998820981542226,2.220446049250313e-16,0.0001047997532041614
case_00,B,37,-1.202306113444628,-0.9940445225175665,0.02046388176853535,1.7733856021886375e-05,-0.998820981542226,2.220446049250313e-16,9.455087751639515e-05
case_00,B,38,-1.2027272292959312,-0.9946400702658098,0.02054916474900254,1.4364423377728082e-05,-0.998820981542226,2.220446049250313e-16,8.52829804671891e-05
case_00,B,39,-1.203106233562104,-0.9951760632392287,0.02062607105589199,1.163518293596039e-05,-0.9988209815422259,3.3306690738754696e-16,7.690630688945294e-05
case_00,B,40,-1.2034473374016597,-0.9956584569153057,0.020695409547912373,9.424498178128253e-06,-0.9988209815422258,4.440892098500626e-16,6.933849202038142e-05
case_00,B,41,-1.2037543308572598,-0.9960926112237752,0.020757913671544847,7.633843524283625e-06,-0.9988209815422259,3.3306690738754696e-16,6.250412363247373e-05
case_00,B,42,-1.2040306249672998,-0.9964833501013978,0.02081424796227348,6.1834132546695405e-06,-0.9988209815422258,4.440892098500626e-16,5.6334290728633774e-05
case_00,B,43,-1.204279289666336,-0.9968350150912579,0.020865014093291386,5.008564736282504e-06,-0.9988209815422258,4.440892098500626e-16,5.076613101790556e-05
case_00,B,44,-1.2045030878954683,-0.9971515135821322,0.020910756479390825,4.056937436388764e-06,-0.9988209815422258,4.440892098500626e-16,4.574238609943854e-05
case_00,B,45,-1.2047045063016875,-0.9974363622239188,0.0209519674501088,3.2861193234751555e-06,-0.9988209815422258,4.440892098500626e-16,4.121097071797461e-05
case_00,B,46,-1.2048857828672848,-0.9976927260015269,0.02098909201057008,2.6617566520149785e-06,-0.9988209815422258,4.440892098500626e-16,3.712456046128104e-05
case_00,B,47,-1.2050489317763224,-0.9979234534013743,0.021022532211305466,2.156022888131902e-06,-0.9988209815422258,4.440892098500626e-16,3.344020073538581e-05
case_00,B,48,-1.2051957657944563,-0.998131108061237,0.02105265114998668,1.7463785393867577e-06,-0.9988209815422259,3.3306690738754696e-16,3.0118938681215207e-05
case_00,B,49,-1.2053279164107766,-0.9983179972551133,0.021079776628795437,1.4145666169032363e-06,-0.9988209815422258,4.440892098500626e-16,2.7125478808755904e-05
case_00,B,50,-1.205446851965465,-0.9984861975296019,0.02110420449125986,1.1457989596917223e-06,-0.9988209815422259,3.3306690738754696e-16,2.4427862464423272e-05
case_00,B,51,-1.2055538939646846,-0.9986375777766417,0.0211262016620224,9.280971573502194e-07,-0.9988209815422259,3.3306690738754696e-16,2.199717076253882e-05
case_00,B,52,-1.2056502317639821,-0.9987738199989775,0.02114600891228978,7.517586974537458e-07,-0.9988209815422258,4.440892098500626e-16,1.9807250267379894e-05
case_00,B,53,-1.2057369357833498,-0.9988964379990797,0.02116384337276111,6.089245449376321e-07,-0.9988209815422256,5.551115123125783e-16,1.7834460471329028e-05
case_00,B,54,-1.205814969400781,-0.9990067941991716,0.021179900814722194,4.932288813995923e-07,-0.9988209815422258,4.440892098500626e-16,1.605744196108566e-05
case_00,B,55,-1.2058851996564688,-0.9991061147792545,0.02119435771879201,3.9951539393363003e-07,-0.9988209815422256,5.551115123125783e-16,1.4456904069815035e-05
case_00,B,56,-1.205948406886588,-0.9991955033013291,0.021207373149561802,3.236074690861778e-07,-0.9988209815422256,5.551115123125783e-16,1.3015430769793002e-05
case_00,B,57,-1.2060052933936953,-0.9992759529711963,0.021219090453111246,2.6212204995972363e-07,-0.9988209815422258,4.440892098500626e-16,1.1717303549443892e-05
case_00,B,58,-1.2060564912500917,-0.9993483576740765,0.021229638793149565,2.1231886046750637e-07,-0.9988209815422256,5.551115123125783e-16,1.0548340038319531e-05
case_00,B,59,-1.2061025693208487,-0.9994135219066689,0.02123913454032762,1.7197827697865411e-07,-0.9988209815422258,4.440892098500626e-16,9.495747178053793e-06
case_00,B,60,-1.20614403958453,-0.9994721697160022,0.021247682528114133,1.3930240435261608e-07,-0.9988209815422259,3.3306690738754696e-16,8.547987786513417e-06
case_00,B,61,-1.206181362821843,-0.9995249527444019,0.021255377187536225,1.1283494752564539e-07,-0.9988209815422258,4.440892098500626e-16,7.694659422092381e-06
case_00,B,62,-1.2062149537354248,-0.9995724574699617,0.021262303572051687,9.139630749577277e-08,-0.9988209815422259,3.3306690738754696e-16,6.926384515461986e-06
case_00,B,63,-1.2062451855576484,-0.9996152117229655,0.021268538282854403,7.403100907158022e-08,-0.9988209815422259,3.3306690738754696e-16,6.2347108027160925e-06
case_00,B,64,-1.2062723941976496,-0.999653690550669,0.021274150304015284,5.996511734797229e-08,-0.998820981542226,2.220446049250313e-16,5.612021160880665e-06
case_01,A,1,-0.1,-0.07071067811865475,0.405,0.5732106781186549,-0.1,,-0.09499999999999997
case_01,A,2,-0.19,-0.13435028842544403,0.32805000000000006,0.6433752884254439,-0.19,,-0.07694999999999996
case_01,A,3,-0.271,-0.19162593770155437,0.26572049999999997,0.7099861877015543,-0.271,,-0.06232950000000009
case_01,A,4,-0.34390000000000004,-0.2431740220500537,0.21523360499999994,0.7727408245500538,-0.34390000000000004,,-0.05048689500000003
case_01,A,5,-0.40951000000000004,-0.28956729796370306,0.17433922004999997,0.8314919079887029,-0.40951000000000004,,-0.04089438494999997
case_01,A,6,-0.46855900000000006,-0.3313212462859875,0.14121476824049997,0.8862081304062376,-0.46855900000000006,,-0.033124451809499994
case_01,A,7,-0.5217031000000001,-0.36889979977604354,0.11438396227480496,0.936943330913446,-0.5217031000000001,,-0.02683080596569501
case_01,A,8,-0.5695327900000001,-0.40272049791709397,0.092651009442592,0.98381239763839,-0.5695327900000001,,-0.021732952832212965
case_01,A,9,-0.6125795110000001,-0.4331591262440393,0.07504731764849953,1.026972540568289,-0.6125795110000001,,-0.017603691794092463
case_01,A,10,-0.6513215599000001,-0.4605538917382901,0.06078832729528462,1.0666088353359324,-0.6513215599000001,,-0.014258990353214915
case_01,A,11,-0.68618940391,-0.48520918068311586,0.04923854510918055,1.1029231551927061,-0.68618940391,,-0.011549782186104071
case_01,A,12,-0.717570463519,-0.5073989407334589,0.03988322153843626,1.136125783262177,-0.717570463519,,-0.00935532357074429
case_01,A,13,-0.7458134171671,-0.5273697247787679,0.03230540944613336,1.1664291380853846,-0.7458134171671,,-0.007577812092302898
case_01,A,14,-0.7712320754503901,-0.5453434304195458,0.026167381651368008,1.1940431589704246,-0.7712320754503901,,-0.0061380277947653515
case_01,A,15,-0.7941088679053511,-0.561519765496246,0.021195579137608087,1.2191719890177257,-0.7941088679053511,,-0.004971802513759921
case_01,A,16,-0.814697981114816,-0.5760784670652761,0.017168419101462554,1.2420116671734154,-0.814697981114816,,-0.004027160036145533
case_01,A,17,-0.8332281830033343,-0.5891812984774033,0.01390641947218467,1.2627485997151626,-0.8332281830033343,,-0.003261999629277885
case_01,A,18,-0.8499053647030009,-0.6009738467483177,0.011264199772469579,1.2815586289860528,-0.8499053647030009,,-0.002642219699715091
case_01,A,19,-0.8649148282327008,-0.6115871401921407,0.009124001815700361,1.2986065552163413,-0.8649148282327008,,-0.0021401979567692176
case_01,A,20,-0.8784233454094308,-0.6211391042915814,0.0073904414707172865,1.3140459977316556,-0.8784233454094308,,-0.0017335603449830745
case_01,A,21,-0.8905810108684877,-0.629735871981078,0.005986257591281,1.3280195062109625,-0.8905810108684877,,-0.0014041838794362866
case_01,A,22,-0.901522909781639,-0.6374729629016249,0.0048488686489376095,1.3406588521169132,-0.901522909781639,,-0.0011373889423433904
case_01,A,23,-0.911370618803475,-0.6444363447301171,0.003927583605639467,1.3520854459346743,-0.911370618803475,,-0.0009212850432981428
case_01,A,24,-0.9202335569231275,-0.6507033883757601,0.0031813427205679727,1.3624108381976077,-0.9202335569231275,,-0.000746240885071494
case_01,A,25,-0.9282102012308148,-0.6563437276568389,0.0025768876036600546,1.3717372720740764,-0.9282102012308148,,-0.0006044551169079181
case_01,A,26,-0.9353891811077333,-0.6614200330098098,0.002087278958964645,1.3801582630431586,-0.9353891811077333,,-0.0004896086446954098
case_01,A,27,-0.94185026299696,-0.6659887078274835,0.0016906959567613625,1.3877591873043442,-0.94185026299696,,-0.0003965830022032823
case_01,A,28,-0.947665236697264,-0.67010051516339,0.0013694637249767017,1.39461786537451,-0.947665236697264,,-0.00032123223178466076
case_01,A,29,-0.9528987130275376,-0.6738011417657057,0.0011092656172311285,1.40080513108809,-0.9528987130275376,,-0.0002601981077455732
case_01,A,30,-0.9576088417247839,-0.6771317057077899,0.0008985051499572118,1.4063853791451604,-0.9576088417247839,,-0.00021076046727391677
case_01,A,31,-0.9618479575523055,-0.6801292132556657,0.0007277891714653432,1.4114170866175508,-0.9618479575523055,,-0.00017071597849186858
case_01,A,32,-0.9656631617970749,-0.6828269700487538,0.0005895092288869284,1.4159533055617346,-0.9656631617970749,,-0.00013827994257841478
case_01,A,33,-0.9690968456173674,-0.6852549511625332,0.00047750247539841165,1.4200421252089162,-0.9690968456173674,,-0.00011200675348851675
case_01,A,34,-0.9721871610556306,-0.6874401341649345,0.00038677700507271464,1.423727103195286,-0.9721871610556306,,-9.0725470325697e-05
case_01,A,35,-0.9749684449500675,-0.6894067988670959,0.0003132893741089003,1.4270476660291842,-0.9749684449500675,,-7.348763096381436e-05
case_01,A,36,-0.9774716004550608,-0.691176797099041,0.0002537643930282092,1.4300394795230855,-0.9774716004550608,,-5.952498108069106e-05
case_01,A,37,-0.9797244404095546,-0.6927697955077916,0.00020554915835285036,1.4327347902917453,-0.9797244404095546,,-4.821523467535887e-05
case_01,A,38,-0.9817519963685992,-0.6942034940756673,0.00016649481826580797,1.4351627396691,-0.9817519963685992,,-3.9054340087042386e-05
case_01,A,39,-0.9835767967317393,-0.6954938227867552,0.0001348608027953052,1.4373496515540223,-0.9835767967317393,,-3.1634015470502784e-05
case_01,A,40,-0.9852191170585654,-0.6966551186267345,0.00010923725026419688,1.4393192957811491,-0.9852191170585654,,-2.5623552531108305e-05
case_01,A,41,-0.9866972053527088,-0.6977002848827157,8.848217271400007e-05,1.4410931286454274,-0.9866972053527088,,-2.0755077550196815e-05
case_01,A,42,-0.9880274848174379,-0.6986409345130988,7.167055989834058e-05,1.4426905122017668,-0.9880274848174379,,-1.681161281565949e-05
case_01,A,43,-0.9892247363356941,-0.6994875191804437,5.8053153517655756e-05,1.4441289139250495,-0.9892247363356941,,-1.3617406380684822e-05
case_01,A,44,-0.9903022627021246,-0.700249445381054,4.702305434930159e-05,1.445424088259291,-0.9903022627021246,,-1.1030099168354167e-05
case_01,A,45,-0.9912720364319122,-0.7009351789616034,3.8088674022933995e-05,1.4465902415145708,-0.9912720364319122,,-8.934380326367594e-06
case_01,A,46,-0.992144832788721,-0.7015523391840979,3.085182595857627e-05,1.4476401814914377,-0.992144832788721,,-7.236848064357722e-06
case_01,A,47,-0.9929303495098489,-0.7021077833843429,2.4989979026446627e-05,1.4485854531287807,-0.9929303495098489,,-5.861846932129646e-06
case_01,A,48,-0.9936373145588641,-0.7026076831645633,2.0241883011421626e-05,1.449436461385501,-0.9936373145588641,,-4.748096015025001e-06
case_01,A,49,-0.9942735831029776,-0.7030575929667617,1.639592523925158e-05,1.4502025824808702,-0.9942735831029776,,-3.845957772170047e-06
case_01,A,50,-0.9948462247926799,-0.7034625117887403,1.3280699443793552e-05,1.4508922645348021,-0.9948462247926799,,-3.115225795458028e-06
case_01,A,51,-0.995361602313412,-0.7038269387285211,1.0757366549472572e-05,1.4515131185685015,-0.995361602313412,,-2.52333289432098e-06
case_01,A,52,-0.9958254420820708,-0.7041549229743237,8.71346690507269e-06,1.4520720007488113,-0.9958254420820708,,-2.0438996443998826e-06
case_01,A,53,-0.9962428978738638,-0.7044501087955461,7.05790819310867e-06,1.4525750866865745,-0.9962428978738638,,-1.655558711964019e-06
case_01,A,54,-0.9966186080864774,-0.7047157760346463,5.716905636418023e-06,1.4530279385307032,-0.9966186080864774,,-1.3410025566906477e-06
case_01,A,55,-0.9969567472778297,-0.7049548765498365,4.630693565498531e-06,1.4534355655355342,-0.9969567472778297,,-1.0862120709194913e-06
case_01,A,56,-0.9972610725500467,-0.7051700670135075,3.7508617880538406e-06,1.4538024787194248,-0.9972610725500467,,-8.798317774446906e-07
case_01,A,57,-0.997534965295042,-0.7053637384308115,3.0381980483235836e-06,1.4541327401773563,-0.997534965295042,,-7.12663739730257e-07
case_01,A,58,-0.9977814687655379,-0.7055380427063851,2.460940419142053e-06,1.4544300075593635,-0.9977814687655379,,-5.772576291815305e-07
case_01,A,59,-0.9980033218889841,-0.7056949165544014,1.993361739504997e-06,1.4546975741797634,-0.9980033218889841,,-4.6757867963705627e-07
case_01,A,60,-0.9982029897000857,-0.705836103017616,1.6146230089990474e-06,1.4549384051791632,-0.9982029897000857,,-3.7873873050594947e-07
case_01,A,61,-0.9983826907300771,-0.7059631708345091,1.3078446372892283e-06,1.4551551701218663,-0.9983826907300771,,-3.067783717098191e-07
case_01,A,62,-0.9985444216570694,-0.7060775318697129,1.0593541562043557e-06,1.4553502723753253,-0.9985444216570694,,-2.484904810848726e-07
case_01,A,63,-0.9986899794913624,-0.7061804568013964,8.580768665255572e-07,1.455525875585511,-0.9986899794913624,,-2.0127728967879852e-07
case_01,A,64,-0.9988209815422262,-0.7062730892399115,6.95042261885649e-07,1.4556839275321554,-0.9988209815422262,,-1.6303460463990822e-07
case_01,B,1,-0.8781692543464601,-0.5356457803159204,0.0074213652932487665,1.1791039813010462,-0.9988209815422262,0.0,0.0074206702509868805
case_01,B,2,-0.7695826998702706,-0.38208120228432824,0.026546066099536896,0.9550742248538472,-0.9988209815422262,0.0,0.019124700806288128
case_01,B,3,-0.6718548008417001,-0.24387308205589547,0.053839635865320146,0.7736101221316162,-0.9988209815422262,0.0,0.02729356976578325
case_01,B,4,-0.5838996917159867,-0.11948577385030595,0.08656973327702547,0.6266241989266091,-0.9988209815422262,0.0,0.03273009741170532
case_01,B,5,-0.5047400935028445,-0.007537196465275342,0.12264118749178558,0.5075656011305534,-0.9988209815422262,0.0,0.036071454214760115
case_01,B,6,-0.43349645511101664,0.09321652318125212,0.1604631331858922,0.4111281369157484,-0.9988209815422261,1.1102230246251565e-16,0.037821945694106615
case_01,B,7,-0.36937718055837154,0.1838948708631269,0.19884257020025436,0.33301379090175615,-0.9988209815422261,1.1102230246251565e-16,0.03837943701436217
case_01,B,8,-0.311669833460991,0.26550538377681415,0.23689920908380996,0.26974117063042247,-0.9988209815422261,1.1102230246251565e-16,0.038056638883555594
case_01,B,9,-0.25973322107334845,0.3389548453991328,0.27399745199121994,0.21849034821064223,-0.9988209815422262,0.0,0.037098242907409984
case_01,B,10,-0.21299026992447018,0.4050593608592194,0.3096921576167792,0.17697718205062024,-0.9988209815422262,0.0,0.035694705625559264
case_01,B,11,-0.17092161389047972,0.46455342477329753,0.34368548515698344,0.1433515174610024,-0.9988209815422262,0.0,0.03399332754020423
case_01,B,12,-0.13305982345988832,0.5180980822959677,0.3757926348497,0.11611472914341198,-0.9988209815422262,0.0,0.03210714969271655
case_01,B,13,-0.09898421207235603,0.566288274066371,0.4059147250474365,0.09405293060616368,-0.9988209815422262,0.0,0.030122090197736484
case_01,B,14,-0.06831616182357697,0.6096594466597339,0.43401738715957555,0.07618287379099255,-0.9988209815422262,0.0,0.028102662112139076
case_01,B,15,-0.04071491659967583,0.6486935019937604,0.46011393561718344,0.06170812777070401,-0.9988209815422262,0.0,0.026096548457607893
case_01,B,16,-0.015873795898164792,0.6838241517943845,0.48425219279994347,0.049983583494270206,-0.9988209815422262,0.0,0.024138257182760026
case_01,B,17,0.006483212733195128,0.715441736614946,0.506504228756867,0.040486702630358876,-0.9988209815422262,0.0,0.022252035956923488
case_01,B,18,0.02660452050141906,0.7438975629534512,0.5269584207569744,0.03279422913059074,-0.9988209815422261,1.1102230246251565e-16,0.020454192000107452
case_01,B,19,0.044713697492820614,0.7695078066581061,0.5457133548645603,0.02656332559577849,-0.998820981542226,2.220446049250313e-16,0.018754934107585886
case_01,B,20,0.061011956785082005,0.7925570259922955,0.5628731862204543,0.021516293732580585,-0.998820981542226,2.220446049250313e-16,0.01715983135589405
case_01,B,21,0.07568039014811727,0.8133013233930659,0.578544150874603,0.017428197923390273,-0.9988209815422261,1.1102230246251565e-16,0.015670964654148634
case_01,B,22,0.088881980174849,0.8319711910537593,0.5928319833747502,0.014116840317946133,-0.998820981542226,2.220446049250313e-16,0.014287832500147202
case_01,B,23,0.10076341119890755,0.8487740719483834,0.6058400437171276,0.011434640657536362,-0.998820981542226,2.220446049250313e-16,0.013008060342377448
case_01,B,24,0.11145669912056026,0.8638966647535451,0.6176679970099859,0.009262058932604447,-0.9988209815422261,1.1102230246251565e-16,0.01182795329285824
case_01,B,25,0.1210806582500477,0.8775069982781906,0.62841092115118,0.007502267735409605,-0.998820981542226,2.220446049250313e-16,0.010742924141194155
case_01,B,26,0.1297422214665864,0.8897562984503715,0.6381587434821288,0.006076836865681778,-0.998820981542226,2.220446049250313e-16,0.00974782233094873
case_01,B,27,0.1375376283614712,0.9007806686053345,0.6469959279691204,0.004922237861202232,-0.9988209815422261,1.1102230246251565e-16,0.008837184486991667
case_01,B,28,0.14455349456686753,0.910702601744801,0.6550013509626144,0.003987012667573809,-0.9988209815422261,1.1102230246251565e-16,0.008005422993493938
case_01,B,29,0.15086777415172423,0.9196323415703209,0.6622483167904719,0.0032294802607347834,-0.9988209815422261,1.1102230246251565e-16,0.007246965827857554
case_01,B,30,0.15655062577809525,0.9276691074132888,0.6688046749938519,0.002615879011195178,-0.998820981542226,2.220446049250313e-16,0.006556358203379964
case_01,B,31,0.16166519224182918,0.93490219667196,0.6747330094331231,0.002118861999068091,-0.9988209815422261,1.1102230246251565e-16,0.00592833443927121
case_01,B,32,0.16626830205918972,0.9414119770047638,0.6800908761940128,0.0017162782192451655,-0.998820981542226,2.220446049250313e-16,0.0053578667608896735
case_01,B,33,0.1704111008948142,0.9472707793042874,0.6849310725489054,0.0013901853575885841,-0.998820981542226,2.220446049250313e-16,0.004840196354892634
case_01,B,34,0.17413961984687626,0.9525437013738586,0.6893019234470836,0.0011260501396467561,-0.9988209815422258,4.440892098500626e-16,0.004370850898178236
case_01,B,35,0.1774952869037321,0.9572893312364728,0.6932475753402512,0.0009121006131138711,-0.9988209815422258,4.440892098500626e-16,0.003945651893167534
case_01,B,36,0.18051538725490235,0.9615603981128253,0.6968082897727961,0.0007388014966222407,-0.9988209815422258,4.440892098500626e-16,0.003560714432544909
case_01,B,37,0.1832334775709556,0.9654043583015429,0.7000207312223286,0.0005984292122640111,-0.9988209815422258,4.440892098500626e-16,0.003212441449532477
case_01,B,38,0.1856797588554035,0.9688639224713886,0.7029182452797039,0.00048472766193384867,-0.9988209815422258,4.440892098500626e-16,0.002897514057375372
case_01,B,39,0.18788141201140662,0.9719775302242498,0.7055311245011067,0.00039262940616641617,-0.9988209815422259,3.3306690738754696e-16,0.002612879221402742
case_01,B,40,0.18986289985180943,0.9747797772018248,0.7078868602218786,0.00031802981899479684,-0.9988209815422258,4.440892098500626e-16,0.0023557357207719676
case_01,B,41,0.19164623890817195,0.9773017994816424,0.710010379351996,0.0002576041533857842,-0.998820981542226,2.220446049250313e-16,0.002123519130117324
case_01,B,42,0.1932512440588982,0.9795716195334783,0.7119242657240542,0.00020865936424248338,-0.998820981542226,2.220446049250313e-16,0.0019138863720582489
case_01,B,43,0.19469574869455183,0.9816144575801304,0.7136489659744177,0.00016901408503641152,-0.9988209815422261,1.1102230246251565e-16,0.0017247002503635311
case_01,B,44,0.1959958028666401,0.9834530118221174,0.7152029802373097,0.00013690140887949296,-0.9988209815422261,1.1102230246251565e-16,0.001554014262891923
case_01,B,45,0.19716585162151953,0.9851077106399055,0.7166030381443391,0.00011089014119239129,-0.998820981542226,2.220446049250313e-16,0.0014000579070294616
case_01,B,46,0.19821889550091104,0.986596939575915,0.7178642607677115,8.982101436583695e-05,-0.998820981542226,2.220446049250313e-16,0.00126122262337236
case_01,B,47,0.1991666349923634,0.9879372456183234,0.7190003092394539,7.275502163632887e-05,-0.9988209815422259,3.3306690738754696e-16,0.0011360484717424235
case_01,B,48,0.20001960053467052,0.9891435210564911,0.7200235208336953,5.89315675254265e-05,-0.9988209815422259,3.3306690738754696e-16,0.0010232115942413467
case_01,B,49,0.20078726952274695,0.990229168950842,0.7209450333239469,4.773456969559492e-05,-0.9988209815422259,3.3306690738754696e-16,0.0009215124902516303
case_01,B,50,0.20147817161201573,0.9912062520557577,0.7217748984300761,3.866500145343247e-05,-0.9988209815422258,4.440892098500626e-16,0.0008298651061292572
case_01,B,51,0.2020999834923576,0.9920856268501819,0.7225221851561632,3.131865117728109e-05,-0.9988209815422258,4.440892098500626e-16,0.0007472867260870375
case_01,B,52,0.20265961418466533,0.9928770641651636,0.7231950737954039,2.5368107453598003e-05,-0.9988209815422258,4.440892098500626e-16,0.000672888639240754
case_01,B,53,0.20316328180774226,0.9935893577486474,0.7238009413451882,2.0548167037413385e-05,-0.9988209815422258,4.440892098500626e-16,0.0006058675497843113
case_01,B,54,0.20361658266851151,0.9942304219737825,0.7243464390373129,1.664401530030574e-05,-0.9988209815422258,4.440892098500626e-16,0.0005454976921246413
case_01,B,55,0.20402455344320383,0.9948073797764042,0.7248375626470533,1.3481652393247994e-05,-0.9988209815422256,5.551115123125783e-16,0.0004911236097404625
case_01,B,56,0.20439172714042694,0.9953266417987638,0.7252797162021504,1.0920138438530617e-05,-0.9988209815422255,6.661338147750939e-16,0.0004421535550970246
case_01,B,57,0.20472218346792773,0.9957939776188874,0.7256777696698657,8.845312135209892e-06,-0.9988209815422256,5.551115123125783e-16,0.00039805346771537575
case_01,B,58,0.20501959416267843,0.9962145798569987,0.7260361111579932,7.164702829520055e-06,-0.9988209815422255,6.661338147750939e-16,0.0003583414881274116
case_01,B,59,0.20528726378795406,0.9965931218712989,0.7263586941247266,5.80340929191098e-06,-0.9988209815422256,5.551115123125783e-16,0.00032258296673348674
case_01,B,60,0.20552816645070213,0.996933809684169,0.7266490800529958,4.700761526447894e-06,-0.9988209815422256,5.551115123125783e-16,0.00029038592826913234
case_01,B,61,0.20574497884717538,0.997240428715752,0.7269104770075878,3.807616836423008e-06,-0.9988209815422256,5.551115123125783e-16,0.0002613969545920414
case_01,B,62,0.2059401100040013,0.9975163858441769,0.7271457744582314,3.0841696375024438e-06,-0.9988209815422258,4.440892098500626e-16,0.00023529745064354568
case_01,B,63,0.20611572804514466,0.9977647472597593,0.7273575747189347,2.4981774063768306e-06,-0.9988209815422258,4.440892098500626e-16,0.00021180026070333202
case_01,B,64,0.20627378428217366,0.9979882725337832,0.727548221323218,2.0235236991655453e-06,-0.9988209815422256,5.551115123125783e-16,0.0001906466042832511
case_02,A,1,0.1,0.07071067811865475,0.405,0.5732106781186549,0.1,,-0.09499999999999997
case_02,A,2,0.19,0.13435028842544403,0.32805000000000006,0.6433752884254439,0.19,,-0.07694999999999996
case_02,A,3,0.271,0.19162593770155437,0.26572049999999997,0.7099861877015543,0.271,,-0.06232950000000009
case_02,A,4,0.34390000000000004,0.2431740220500537,0.21523360499999994,0.7727408245500538,0.34390000000000004,,-0.05048689500000003
case_02,A,5,0.40951000000000004,0.28956729796370306,0.17433922004999997,0.8314919079887029,0.40951000000000004,,-0.04089438494999997
case_02,A,6,0.46855900000000006,0.3313212462859875,0.14121476824049997,0.8862081304062376,0.46855900000000006,,-0.033124451809499994
case_02,A,7,0.5217031000000001,0.36889979977604354,0.11438396227480496,0.936943330913446,0.5217031000000001,,-0.02683080596569501
case_02,A,8,0.5695327900000001,0.40272049791709397,0.092651009442592,0.98381239763839,0.5695327900000001,,-0.021732952832212965
case_02,A,9,0.6125795110000001,0.4331591262440393,0.07504731764849953,1.026972540568289,0.6125795110000001,,-0.017603691794092463
case_02,A,10,0.6513215599000001,0.4605538917382901,0.06078832729528462,1.0666088353359324,0.6513215599000001,,-0.014258990353214915
case_02,A,11,0.68618940391,0.48520918068311586,0.04923854510918055,1.1029231551927061,0.68618940391,,-0.011549782186104071
case_02,A,12,0.717570463519,0.5073989407334589,0.03988322153843626,1.136125783262177,0.717570463519,,-0.00935532357074429
case_02,A,13,0.7458134171671,0.5273697247787679,0.03230540944613336,1.1664291380853846,0.7458134171671,,-0.007577812092302898
case_02,A,14,0.7712320754503901,0.5453434304195458,0.026167381651368008,1.1940431589704246,0.7712320754503901,,-0.0061380277947653515
case_02,A,15,0.7941088679053511,0.561519765496246,0.021195579137608087,1.2191719890177257,0.7941088679053511,,-0.004971802513759921
case_02,A,16,0.814697981114816,0.5760784670652761,0.017168419101462554,1.2420116671734154,0.814697981114816,,-0.004027160036145533
case_02,A,17,0.8332281830033343,0.5891812984774033,0.01390641947218467,1.2627485997151626,0.8332281830033343,,-0.003261999629277885
case_02,A,18,0.8499053647030009,0.6009738467483177,0.011264199772469579,1.2815586289860528,0.8499053647030009,,-0.002642219699715091
case_02,A,19,0.8649148282327008,0.6115871401921407,0.009124001815700361,1.2986065552163413,0.8649148282327008,,-0.0021401979567692176
case_02,A,20,0.8784233454094308,0.6211391042915814,0.0073904414707172865,1.3140459977316556,0.8784233454094308,,-0.0017335603449830745
case_02,A,21,0.8905810108684877,0.629735871981078,0.005986257591281,1.3280195062109625,0.8905810108684877,,-0.0014041838794362866
case_02,A,22,0.901522909781639,0.6374729629016249,0.0048488686489376095,1.3406588521169132,0.901522909781639,,-0.0011373889423433904
case_02,A,23,0.911370618803475,0.6444363447301171,0.003927583605639467,1.3520854459346743,0.911370618803475,,-0.0009212850432981428
case_02,A,24,0.9202335569231275,0.6507033883757601,0.0031813427205679727,1.3624108381976077,0.9202335569231275,,-0.000746240885071494
case_02,A,25,0.9282102012308148,0.6563437276568389,0.0025768876036600546,1.3717372720740764,0.9282102012308148,,-0.0006044551169079181
case_02,A,26,0.9353891811077333,0.6614200330098098,0.002087278958964645,1.3801582630431586,0.9353891811077333,,-0.0004896086446954098
case_02,A,27,0.94185026299696,0.6659887078274835,0.0016906959567613625,1.3877591873043442,0.94185026299696,,-0.0003965830022032823
case_02,A,28,0.947665236697264,0.67010051516339,0.0013694637249767017,1.39461786537451,0.947665236697264,,-0.00032123223178466076
case_02,A,29,0.9528987130275376,0.6738011417657057,0.0011092656172311285,1.40080513108809,0.9528987130275376,,-0.0002601981077455732
case_02,A,30,0.9576088417247839,0.6771317057077899,0.0008985051499572118,1.4063853791451604,0.9576088417247839,,-0.00021076046727391677
case_02,A,31,0.9618479575523055,0.6801292132556657,0.0007277891714653432,1.4114170866175508,0.9618479575523055,,-0.00017071597849186858
case_02,A,32,0.9656631617970749,0.6828269700487538,0.0005895092288869284,1.4159533055617346,0.9656631617970749,,-0.00013827994257841478
case_02,A,33,0.9690968456173674,0.6852549511625332,0.00047750247539841165,1.4200421252089162,0.9690968456173674,,-0.00011200675348851675
case_02,A,34,0.9721871610556306,0.6874401341649345,0.00038677700507271464,1.423727103195286,0.9721871610556306,,-9.0725470325697e-05
case_02,A,35,0.9749684449500675,0.6894067988670959,0.0003132893741089003,1.4270476660291842,0.9749684449500675,,-7.348763096381436e-05
case_02,A,36,0.9774716004550608,0.691176797099041,0.0002537643930282092,1.4300394795230855,0.9774716004550608,,-5.952498108069106e-05
case_02,A,37,0.9797244404095546,0.6927697955077916,0.00020554915835285036,1.4327347902917453,0.9797244404095546,,-4.821523467535887e-05
case_02,A,38,0.9817519963685992,0.6942034940756673,0.00016649481826580797,1.4351627396691,0.9817519963685992,,-3.9054340087042386e-05
case_02,A,39,0.9835767967317393,0.6954938227867552,0.0001348608027953052,1.4373496515540223,0.9835767967317393,,-3.1634015470502784e-05
case_02,A,40,0.9852191170585654,0.6966551186267345,0.00010923725026419688,1.4393192957811491,0.9852191170585654,,-2.5623552531108305e-05
case_02,A,41,0.9866972053527088,0.6977002848827157,8.848217271400007e-05,1.4410931286454274,0.9866972053527088,,-2.0755077550196815e-05
case_02,A,42,0.9880274848174379,0.6986409345130988,7.167055989834058e-05,1.4426905122017668,0.9880274848174379,,-1.681161281565949e-05
case_02,A,43,0.9892247363356941,0.6994875191804437,5.8053153517655756e-05,1.4441289139250495,0.9892247363356941,,-1.3617406380684822e-05
case_02,A,44,0.9903022627021246,0.700249445381054,4.702305434930159e-05,1.445424088259291,0.9903022627021246,,-1.1030099168354167e-05
case_02,A,45,0.9912720364319122,0.7009351789616034,3.8088674022933995e-05,1.4465902415145708,0.9912720364319122,,-8.934380326367594e-06
case_02,A,46,0.992144832788721,0.7015523391840979,3.085182595857627e-05,1.4476401814914377,0.992144832788721,,-7.236848064357722e-06
case_02,A,47,0.9929303495098489,0.7021077833843429,2.4989979026446627e-05,1.4485854531287807,0.9929303495098489,,-5.861846932129646e-06
case_02,A,48,0.9936373145588641,0.7026076831645633,2.0241883011421626e-05,1.449436461385501,0.9936373145588641,,-4.748096015025001e-06
case_02,A,49,0.9942735831029776,0.7030575929667617,1.639592523925158e-05,1.4502025824808702,0.9942735831029776,,-3.845957772170047e-06
case_02,A,50,0.9948462247926799,0.7034625117887403,1.3280699443793552e-05,1.4508922645348021,0.9948462247926799,,-3.115225795458028e-06
case_02,A,51,0.995361602313412,0.7038269387285211,1.0757366549472572e-05,1.4515131185685015,0.995361602313412,,-2.52333289432098e-06
case_02,A,52,0.9958254420820708,0.7041549229743237,8.71346690507269e-06,1.4520720007488113,0.9958254420820708,,-2.0438996443998826e-06
case_02,A,53,0.9962428978738638,0.7044501087955461,7.05790819310867e-06,1.4525750866865745,0.9962428978738638,,-1.655558711964019e-06
case_02,A,54,0.9966186080864774,0.7047157760346463,5.716905636418023e-06,1.4530279385307032,0.9966186080864774,,-1.3410025566906477e-06
case_02,A,55,0.9969567472778297,0.7049548765498365,4.630693565498531e-06,1.4534355655355342,0.9969567472778297,,-1.0862120709194913e-06
case_02,A,56,0.9972610725500467,0.7051700670135075,3.7508617880538406e-06,1.4538024787194248,0.9972610725500467,,-8.798317774446906e-07
case_02,A,57,0.997534965295042,0.7053637384308115,3.0381980483235836e-06,1.4541327401773563,0.997534965295042,,-7.12663739730257e-07
case_02,A,58,0.9977814687655379,0.7055380427063851,2.460940419142053e-06,1.4544300075593635,0.9977814687655379,,-5.772576291815305e-07
case_02,A,59,0.9980033218889841,0.7056949165544014,1.993361739504997e-06,1.4546975741797634,0.9980033218889841,,-4.6757867963705627e-07
case_02,A,60,0.9982029897000857,0.705836103017616,1.6146230089990474e-06,1.4549384051791632,0.9982029897000857,,-3.7873873050594947e-07
case_02,A,61,0.9983826907300771,0.7059631708345091,1.3078446372892283e-06,1.4551551701218663,0.9983826907300771,,-3.067783717098191e-07
case_02,A,62,0.9985444216570694,0.7060775318697129,1.0593541562043557e-06,1.4553502723753253,0.9985444216570694,,-2.484904810848726e-07
case_02,A,63,0.9986899794913624,0.7061804568013964,8.580768665255572e-07,1.455525875585511,0.9986899794913624,,-2.0127728967879852e-07
case_02,A,64,0.9988209815422262,0.7062730892399115,6.95042261885649e-07,1.4556839275321554,0.9988209815422262,,-1.6303460463990822e-07
case_02,B,1,0.8781692543464601,0.5356457803159204,0.0074213652932487665,1.1791039813010462,0.9988209815422262,0.0,0.0074206702509868805
case_02,B,2,0.7695826998702706,0.38208120228432824,0.026546066099536896,0.9550742248538472,0.9988209815422262,0.0,0.019124700806288128
case_02,B,3,0.6718548008417001,0.24387308205589547,0.053839635865320146,0.7736101221316162,0.9988209815422262,0.0,0.02729356976578325
case_02,B,4,0.5838996917159867,0.11948577385030595,0.08656973327702547,0.6266241989266091,0.9988209815422262,0.0,0.03273009741170532
case_02,B,5,0.5047400935028445,0.007537196465275342,0.12264118749178558,0.5075656011305534,0.9988209815422262,0.0,0.036071454214760115
case_02,B,6,0.43349645511101664,-0.09321652318125212,0.1604631331858922,0.4111281369157484,0.9988209815422261,1.1102230246251565e-16,0.037821945694106615
case_02,B,7,0.36937718055837154,-0.1838948708631269,0.19884257020025436,0.33301379090175615,0.9988209815422261,1.1102230246251565e-16,0.03837943701436217
case_02,B,8,0.311669833460991,-0.26550538377681415,0.23689920908380996,0.26974117063042247,0.9988209815422261,1.1102230246251565e-16,0.038056638883555594
case_02,B,9,0.25973322107334845,-0.3389548453991328,0.27399745199121994,0.21849034821064223,0.9988209815422262,0.0,0.037098242907409984
case_02,B,10,0.21299026992447018,-0.4050593608592194,0.3096921576167792,0.17697718205062024,0.9988209815422262,0.0,0.035694705625559264
case_02,B,11,0.17092161389047972,-0.46455342477329753,0.34368548515698344,0.1433515174610024,0.9988209815422262,0.0,0.03399332754020423
case_02,B,12,0.13305982345988832,-0.5180980822959677,0.3757926348497,0.11611472914341198,0.9988209815422262,0.0,0.03210714969271655
case_02,B,13,0.09898421207235603,-0.566288274066371,0.4059147250474365,0.09405293060616368,0.9988209815422262,0.0,0.030122090197736484
case_02,B,14,0.06831616182357697,-0.6096594466597339,0.43401738715957555,0.07618287379099255,0.9988209815422262,0.0,0.028102662112139076
case_02,B,15,0.04071491659967583,-0.6486935019937604,0.46011393561718344,0.06170812777070401,0.9988209815422262,0.0,0.026096548457607893
case_02,B,16,0.015873795898164792,-0.6838241517943845,0.48425219279994347,0.049983583494270206,0.9988209815422262,0.0,0.024138257182760026
case_02,B,17,-0.006483212733195128,-0.715441736614946,0.506504228756867,0.040486702630358876,0.9988209815422262,0.0,0.022252035956923488
case_02,B,18,-0.02660452050141906,-0.7438975629534512,0.5269584207569744,0.03279422913059074,0.9988209815422261,1.1102230246251565e-16,0.020454192000107452
case_02,B,19,-0.044713697492820614,-0.7695078066581061,0.5457133548645603,0.02656332559577849,0.998820981542226,2.220446049250313e-16,0.018754934107585886
case_02,B,20,-0.061011956785082005,-0.7925570259922955,0.5628731862204543,0.021516293732580585,0.998820981542226,2.220446049250313e-16,0.01715983135589405
case_02,B,21,-0.07568039014811727,-0.8133013233930659,0.578544150874603,0.017428197923390273,0.9988209815422261,1.1102230246251565e-16,0.015670964654148634
case_02,B,22,-0.088881980174849,-0.8319711910537593,0.5928319833747502,0.014116840317946133,0.998820981542226,2.220446049250313e-16,0.014287832500147202
case_02,B,23,-0.10076341119890755,-0.8487740719483834,0.6058400437171276,0.011434640657536362,0.998820981542226,2.220446049250313e-16,0.013008060342377448
case_02,B,24,-0.11145669912056026,-0.8638966647535451,0.6176679970099859,0.009262058932604447,0.9988209815422261,1.1102230246251565e-16,0.01182795329285824
case_02,B,25,-0.1210806582500477,-0.8775069982781906,0.62841092115118,0.007502267735409605,0.998820981542226,2.220446049250313e-16,0.010742924141194155
case_02,B,26,-0.1297422214665864,-0.8897562984503715,0.6381587434821288,0.006076836865681778,0.998820981542226,2.220446049250313e-16,0.00974782233094873
case_02,B,27,-0.1375376283614712,-0.9007806686053345,0.6469959279691204,0.004922237861202232,0.9988209815422261,1.1102230246251565e-16,0.008837184486991667
case_02,B,28,-0.14455349456686753,-0.910702601744801,0.6550013509626144,0.003987012667573809,0.9988209815422261,1.1102230246251565e-16,0.008005422993493938
case_02,B,29,-0.15086777415172423,-0.9196323415703209,0.6622483167904719,0.0032294802607347834,0.9988209815422261,1.1102230246251565e-16,0.007246965827857554
case_02,B,30,-0.15655062577809525,-0.9276691074132888,0.6688046749938519,0.002615879011195178,0.998820981542226,2.220446049250313e-16,0.006556358203379964
case_02,B,31,-0.16166519224182918,-0.93490219667196,0.6747330094331231,0.002118861999068091,0.9988209815422261,1.1102230246251565e-16,0.00592833443927121
case_02,B,32,-0.16626830205918972,-0.9414119770047638,0.6800908761940128,0.0017162782192451655,0.998820981542226,2.220446049250313e-16,0.0053578667608896735
case_02,B,33,-0.1704111008948142,-0.9472707793042874,0.6849310725489054,0.0013901853575885841,0.998820981542226,2.220446049250313e-16,0.004840196354892634
case_02,B,34,-0.17413961984687626,-0.9525437013738586,0.6893019234470836,0.0011260501396467561,0.9988209815422258,4.440892098500626e-16,0.004370850898178236
case_02,B,35,-0.1774952869037321,-0.9572893312364728,0.6932475753402512,0.0009121006131138711,0.9988209815422258,4.440892098500626e-16,0.003945651893167534
case_02,B,36,-0.18051538725490235,-0.9615603981128253,0.6968082897727961,0.0007388014966222407,0.9988209815422258,4.440892098500626e-16,0.003560714432544909
case_02,B,37,-0.1832334775709556,-0.9654043583015429,0.7000207312223286,0.0005984292122640111,0.9988209815422258,4.440892098500626e-16,0.003212441449532477
case_02,B,38,-0.1856797588554035,-0.9688639224713886,0.7029182452797039,0.00048472766193384867,0.9988209815422258,4.440892098500626e-16,0.002897514057375372
case_02,B,39,-0.18788141201140662,-0.9719775302242498,0.7055311245011067,0.00039262940616641617,0.9988209815422259,3.3306690738754696e-16,0.002612879221402742
case_02,B,40,-0.18986289985180943,-0.9747797772018248,0.7078868602218786,0.00031802981899479684,0.9988209815422258,4.440892098500626e-16,0.0023557357207719676
case_02,B,41,-0.19164623890817195,-0.9773017994816424,0.710010379351996,0.0002576041533857842,0.998820981542226,2.220446049250313e-16,0.002123519130117324
case_02,B,42,-0.1932512440588982,-0.9795716195334783,0.7119242657240542,0.00020865936424248338,0.998820981542226,2.220446049250313e-16,0.0019138863720582489
case_02,B,43,-0.19469574869455183,-0.9816144575801304,0.7136489659744177,0.00016901408503641152,0.9988209815422261,1.1102230246251565e-16,0.0017247002503635311
case_02,B,44,-0.1959958028666401,-0.9834530118221174,0.7152029802373097,0.00013690140887949296,0.9988209815422261,1.1102230246251565e-16,0.001554014262891923
case_02,B,45,-0.19716585162151953,-0.9851077106399055,0.7166030381443391,0.00011089014119239129,0.998820981542226,2.220446049250313e-16,0.0014000579070294616
case_02,B,46,-0.19821889550091104,-0.986596939575915,0.7178642607677115,8.982101436583695e-05,0.998820981542226,2.220446049250313e-16,0.00126122262337236
case_02,B,47,-0.1991666349923634,-0.9879372456183234,0.7190003092394539,7.275502163632887e-05,0.9988209815422259,3.3306690738754696e-16,0.0011360484717424235
case_02,B,48,-0.20001960053467052,-0.9891435210564911,0.7200235208336953,5.89315675254265e-05,0.9988209815422259,3.3306690738754696e-16,0.0010232115942413467
case_02,B,49,-0.20078726952274695,-0.990229168950842,0.7209450333239469,4.773456969559492e-05,0.9988209815422259,3.3306690738754696e-16,0.0009215124902516303
case_02,B,50,-0.20147817161201573,-0.9912062520557577,0.7217748984300761,3.866500145343247e-05,0.9988209815422258,4.440892098500626e-16,0.0008298651061292572
case_02,B,51,-0.2020999834923576,-0.9920856268501819,0.7225221851561632,3.131865117728109e-05,0.9988209815422258,4.440892098500626e-16,0.0007472867260870375
case_02,B,52,-0.20265961418466533,-0.9928770641651636,0.7231950737954039,2.5368107453598003e-05,0.9988209815422258,4.440892098500626e-16,0.000672888639240754
case_02,B,53,-0.20316328180774226,-0.9935893577486474,0.7238009413451882,2.0548167037413385e-05,0.9988209815422258,4.440892098500626e-16,0.0006058675497843113
case_02,B,54,-0.20361658266851151,-0.9942304219737825,0.7243464390373129,1.664401530030574e-05,0.9988209815422258,4.440892098500626e-16,0.0005454976921246413
case_02,B,55,-0.20402455344320383,-0.9948073797764042,0.7248375626470533,1.3481652393247994e-05,0.9988209815422256,5.551115123125783e-16,0.0004911236097404625
case_02,B,56,-0.20439172714042694,-0.9953266417987638,0.7252797162021504,1.0920138438530617e-05,0.9988209815422255,6.661338147750939e-16,0.0004421535550970246
case_02,B,57,-0.20472218346792773,-0.9957939776188874,0.7256777696698657,8.845312135209892e-06,0.9988209815422256,5.551115123125783e-16,0.00039805346771537575
case_02,B,58,-0.20501959416267843,-0.9962145798569987,0.7260361111579932,7.164702829520055e-06,0.9988209815422255,6.661338147750939e-16,0.0003583414881274116
case_02,B,59,-0.20528726378795406,-0.9965931218712989,0.7263586941247266,5.80340929191098e-06,0.9988209815422256,5.551115123125783e-16,0.00032258296673348674
case_02,B,60,-0.20552816645070213,-0.996933809684169,0.7266490800529958,4.700761526447894e-06,0.9988209815422256,5.551115123125783e-16,0.00029038592826913234
case_02,B,61,-0.20574497884717538,-0.997240428715752,0.7269104770075878,3.807616836423008e-06,0.9988209815422256,5.551115123125783e-16,0.0002613969545920414
case_02,B,62,-0.2059401100040013,-0.9975163858441769,0.7271457744582314,3.0841696375024438e-06,0.9988209815422258,4.440892098500626e-16,0.00023529745064354568
case_02,B,63,-0.20611572804514466,-0.9977647472597593,0.7273575747189347,2.4981774063768306e-06,0.9988209815422258,4.440892098500626e-16,0.00021180026070333202
case_02,B,64,-0.20627378428217366,-0.9979882725337832,0.727548221323218,2.0235236991655453e-06,0.9988209815422256,5.551115123125783e-16,0.0001906466042832511
case_03,A,1,0.1,0.07071067811865475,0.405,0.4317893218813453,0.1,,-0.09499999999999997
case_03,A,2,0.19,0.13435028842544403,0.32805000000000006,0.37467471157455595,0.19,,-0.07694999999999996
case_03,A,3,0.271,0.19162593770155437,0.26572049999999997,0.32673431229844563,0.271,,-0.06232950000000009
case_03,A,4,0.34390000000000004,0.2431740220500537,0.21523360499999994,0.2863927804499463,0.34390000000000004,,-0.05048689500000003
case_03,A,5,0.40951000000000004,0.28956729796370306,0.17433922004999997,0.2523573120612969,0.40951000000000004,,-0.04089438494999997
case_03,A,6,0.46855900000000006,0.3313212462859875,0.14121476824049997,0.22356563783426245,0.46855900000000006,,-0.033124451809499994
case_03,A,7,0.5217031000000001,0.36889979977604354,0.11438396227480496,0.19914373136135902,0.5217031000000001,,-0.02683080596569501
case_03,A,8,0.5695327900000001,0.40272049791709397,0.092651009442592,0.17837140180420208,0.5695327900000001,,-0.021732952832212965
case_03,A,9,0.6125795110000001,0.4331591262440393,0.07504731764849953,0.16065428808021048,0.6125795110000001,,-0.017603691794092463
case_03,A,10,0.6513215599000001,0.4605538917382901,0.06078832729528462,0.14550105185935222,0.6513215599000001,,-0.014258990353214915
case_03,A,11,0.68618940391,0.48520918068311586,0.04923854510918055,0.13250479382647445,0.68618940391,,-0.011549782186104071
case_03,A,12,0.717570463519,0.5073989407334589,0.03988322153843626,0.12132790179525915,0.717570463519,,-0.00935532357074429
case_03,A,13,0.7458134171671,0.5273697247787679,0.03230540944613336,0.11168968852784882,0.7458134171671,,-0.007577812092302898
case_03,A,14,0.7712320754503901,0.5453434304195458,0.026167381651368008,0.1033562981313332,0.7712320754503901,,-0.0061380277947653515
case_03,A,15,0.7941088679053511,0.561519765496246,0.021195579137608087,0.09613245802523353,0.7941088679053511,,-0.004971802513759921
case_03,A,16,0.814697981114816,0.5760784670652761,0.017168419101462554,0.0898547330428631,0.814697981114816,,-0.004027160036145533
case_03,A,17,0.8332281830033343,0.5891812984774033,0.01390641947218467,0.0843860027603562,0.8332281830033343,,-0.003261999629277885
case_03,A,18,0.8499053647030009,0.6009738467483177,0.011264199772469579,0.07961093548941754,0.8499053647030009,,-0.002642219699715091
case_03,A,19,0.8649148282327008,0.6115871401921407,0.009124001815700361,0.0754322748320599,0.8649148282327008,,-0.0021401979567692176
case_03,A,20,0.8784233454094308,0.6211391042915814,0.0073904414707172865,0.07176778914849263,0.8784233454094308,,-0.0017335603449830745
case_03,A,21,0.8905810108684877,0.629735871981078,0.005986257591281,0.06854776224880631,0.8905810108684877,,-0.0014041838794362866
case_03,A,22,0.901522909781639,0.6374729629016249,0.0048488686489376095,0.06571292631366331,0.901522909781639,,-0.0011373889423433904
case_03,A,23,0.911370618803475,0.6444363447301171,0.003927583605639467,0.06321275647444005,0.911370618803475,,-0.0009212850432981428
case_03,A,24,0.9202335569231275,0.6507033883757601,0.0031813427205679727,0.061004061446087526,0.9202335569231275,,-0.000746240885071494
case_03,A,25,0.9282102012308148,0.6563437276568389,0.0025768876036600546,0.05904981676039846,0.9282102012308148,,-0.0006044551169079181
case_03,A,26,0.9353891811077333,0.6614200330098098,0.002087278958964645,0.05731819702353915,0.9353891811077333,,-0.0004896086446954098
case_03,A,27,0.94185026299696,0.6659887078274835,0.0016906959567613625,0.05578177164937708,0.94185026299696,,-0.0003965830022032823
case_03,A,28,0.947665236697264,0.67010051516339,0.0013694637249767017,0.054416835047730344,0.947665236697264,,-0.00032123223178466076
case_03,A,29,0.9528987130275376,0.6738011417657057,0.0011092656172311285,0.05320284755667861,0.9528987130275376,,-0.0002601981077455732
case_03,A,30,0.9576088417247839,0.6771317057077899,0.0008985051499572118,0.05212196772958059,0.9576088417247839,,-0.00021076046727391677
case_03,A,31,0.9618479575523055,0.6801292132556657,0.0007277891714653432,0.05115866010621971,0.9618479575523055,,-0.00017071597849186858
case_03,A,32,0.9656631617970749,0.6828269700487538,0.0005895092288869284,0.05029936546422706,0.9656631617970749,,-0.00013827994257841478
case_03,A,33,0.9690968456173674,0.6852549511625332,0.00047750247539841165,0.049532222883849675,0.9690968456173674,,-0.00011200675348851675
case_03,A,34,0.9721871610556306,0.6874401341649345,0.00038677700507271464,0.048846834865417056,0.9721871610556306,,-9.0725470325697e-05
case_03,A,35,0.9749684449500675,0.6894067988670959,0.0003132893741089003,0.04823406829499231,0.9749684449500675,,-7.348763096381436e-05
case_03,A,36,0.9774716004550608,0.691176797099041,0.0002537643930282092,0.047685885325003445,0.9774716004550608,,-5.952498108069106e-05
case_03,A,37,0.9797244404095546,0.6927697955077916,0.00020554915835285036,0.04719519927616209,0.9797244404095546,,-4.821523467535887e-05
case_03,A,38,0.9817519963685992,0.6942034940756673,0.00016649481826580797,0.046755751517765225,0.9817519963685992,,-3.9054340087042386e-05
case_03,A,39,0.9835767967317393,0.6954938227867552,0.0001348608027953052,0.046362005980512024,0.9835767967317393,,-3.1634015470502784e-05
case_03,A,40,0.9852191170585654,0.6966551186267345,0.00010923725026419688,0.04600905852768027,0.9852191170585654,,-2.5623552531108305e-05
case_03,A,41,0.9866972053527088,0.6977002848827157,8.848217271400007e-05,0.04569255887999561,0.9866972053527088,,-2.0755077550196815e-05
case_03,A,42,0.9880274848174379,0.6986409345130988,7.167055989834058e-05,0.0454086431755692,0.9880274848174379,,-1.681161281565949e-05
case_03,A,43,0.9892247363356941,0.6994875191804437,5.8053153517655756e-05,0.04515387556416209,0.9892247363356941,,-1.3617406380684822e-05
case_03,A,44,0.9903022627021246,0.700249445381054,4.702305434930159e-05,0.04492519749718285,0.9903022627021246,,-1.1030099168354167e-05
case_03,A,45,0.9912720364319122,0.7009351789616034,3.8088674022933995e-05,0.04471988359136409,0.9912720364319122,,-8.934380326367594e-06
case_03,A,46,0.992144832788721,0.7015523391840979,3.085182595857627e-05,0.04453550312324188,0.992144832788721,,-7.236848064357722e-06
case_03,A,47,0.9929303495098489,0.7021077833843429,2.4989979026446627e-05,0.04436988636009479,0.9929303495098489,,-5.861846932129646e-06
case_03,A,48,0.9936373145588641,0.7026076831645633,2.0241883011421626e-05,0.04422109505637437,0.9936373145588641,,-4.748096015025001e-06
case_03,A,49,0.9942735831029776,0.7030575929667617,1.639592523925158e-05,0.044087396547346676,0.9942735831029776,,-3.845957772170047e-06
case_03,A,50,0.9948462247926799,0.7034625117887403,1.3280699443793552e-05,0.04396724095732149,0.9948462247926799,,-3.115225795458028e-06
case_03,A,51,0.995361602313412,0.7038269387285211,1.0757366549472572e-05,0.0438592411114596,0.995361602313412,,-2.52333289432098e-06
case_03,A,52,0.9958254420820708,0.7041549229743237,8.71346690507269e-06,0.043762154800164176,0.9958254420820708,,-2.0438996443998826e-06
case_03,A,53,0.9962428978738638,0.7044501087955461,7.05790819310867e-06,0.04367486909548225,0.9962428978738638,,-1.655558711964019e-06
case_03,A,54,0.9966186080864774,0.7047157760346463,5.716905636418023e-06,0.043596386461410584,0.9966186080864774,,-1.3410025566906477e-06
case_03,A,55,0.9969567472778297,0.7049548765498365,4.630693565498531e-06,0.04352581243586112,0.9969567472778297,,-1.0862120709194913e-06
case_03,A,56,0.9972610725500467,0.7051700670135075,3.7508617880538406e-06,0.04346234469240983,0.9972610725500467,,-8.798317774446906e-07
case_03,A,57,0.997534965295042,0.7053637384308115,3.0381980483235836e-06,0.04340526331573365,0.997534965295042,,-7.12663739730257e-07
case_03,A,58,0.9977814687655379,0.7055380427063851,2.460940419142053e-06,0.043353922146593345,0.9977814687655379,,-5.772576291815305e-07
case_03,A,59,0.9980033218889841,0.7056949165544014,1.993361739504997e-06,0.04330774107096037,0.9980033218889841,,-4.6757867963705627e-07
case_03,A,60,0.9982029897000857,0.705836103017616,1.6146230089990474e-06,0.04326619914393131,0.9982029897000857,,-3.7873873050594947e-07
case_03,A,61,0.9983826907300771,0.7059631708345091,1.3078446372892283e-06,0.04322882845284804,0.9983826907300771,,-3.067783717098191e-07
case_03,A,62,0.9985444216570694,0.7060775318697129,1.0593541562043557e-06,0.04319520863589982,0.9985444216570694,,-2.484904810848726e-07
case_03,A,63,0.9986899794913624,0.7061804568013964,8.580768665255572e-07,0.04316496198271804,0.9986899794913624,,-2.0127728967879852e-07
case_03,A,64,0.9988209815422262,0.7062730892399115,6.95042261885649e-07,0.043137749052332496,0.9988209815422262,,-1.6303460463990822e-07
case_03,B,1,1.0195906105837698,0.7356457803159204,0.00019189601152245592,0.034941576732389304,0.9988209815422263,1.1102230246251565e-16,0.00019120096926057025
case_03,B,2,1.038283276721159,0.7620812022843284,0.0007328046382544151,0.02830267715323533,0.9988209815422264,2.220446049250313e-16,0.0005409086267319592
case_03,B,3,1.0551066762448091,0.7858730820558957,0.001518372883375106,0.022925168494120594,0.9988209815422264,2.220446049250313e-16,0.0007855682451206908
case_03,B,4,1.0702477358160942,0.8072857738503061,0.0024673721936438837,0.018569386480237683,0.9988209815422263,1.1102230246251565e-16,0.0009489993102687778
case_03,B,5,1.083874689430251,0.8265571964652754,0.0035174817635105203,0.015041203048992544,0.9988209815422264,2.220446049250313e-16,0.0010501095698666365
case_03,B,6,1.096138947682992,0.8439014768187478,0.004621348630796529,0.01218337446968396,0.9988209815422264,2.220446049250313e-16,0.0011038668672860084
case_03,B,7,1.1071767801104588,0.8595113291368731,0.005743431097422823,0.009868533320443998,0.9988209815422264,2.220446049250313e-16,0.001122082466626294
case_03,B,8,1.117110829295179,0.8735601962231858,0.00685747316910228,0.007993511989559637,0.9988209815422264,2.220446049250313e-16,0.0011140420716794575
case_03,B,9,1.126051473561427,0.8862041766008671,0.007944486993503577,0.006474744711543317,0.9988209815422263,1.1102230246251565e-16,0.0010870138244012967
case_03,B,10,1.1340980534010505,0.8975837589407805,0.008991143962975498,0.005244543216350083,0.9988209815422264,2.220446049250313e-16,0.0010466569694719211
case_03,B,11,1.1413399752567115,0.9078253830467025,0.009988494302783908,0.004248080005243563,0.9988209815422263,1.1102230246251565e-16,0.0009973503398084099
case_03,B,12,1.1478577049268064,0.9170428447420321,0.010930950453111273,0.0034409448042472934,0.9988209815422263,1.1102230246251565e-16,0.0009424561503273646
case_03,B,13,1.1537236616298918,0.9253385602678289,0.011815482072450737,0.0027871652914403084,0.9988209815422263,1.1102230246251565e-16,0.0008845316193394643
case_03,B,14,1.1590030226626686,0.932804704241046,0.012640980607932558,0.0022576038860666506,0.9988209815422262,0.0,0.0008254985354818212
case_03,B,15,1.1637544475921677,0.9395242338169413,0.013407759553108004,0.0018286591477139943,0.9988209815422261,1.1102230246251565e-16,0.0007667789451754458
case_03,B,16,1.168030730028717,0.9455718104352471,0.014117163116991778,0.0014812139096483396,0.998820981542226,2.220446049250313e-16,0.0007094035638837738
case_03,B,17,1.1718793842216113,0.9510146293917223,0.014771261360200143,0.0011997832668151573,0.998820981542226,2.220446049250313e-16,0.0006540982432083654
case_03,B,18,1.1753431729952162,0.9559131664525501,0.015372614158015155,0.0009718244461202775,0.998820981542226,2.220446049250313e-16,0.0006013527978150114
case_03,B,19,1.1784605828914607,0.9603218498072952,0.01592408982297996,0.0007871778013574208,0.9988209815422261,1.1102230246251565e-16,0.0005514756649648064
case_03,B,20,1.1812662517980808,0.9642896648265658,0.016428727020462608,0.0006376140190995077,0.9988209815422261,1.1102230246251565e-16,0.000504637197482647
case_03,B,21,1.1837913538140388,0.9678606983439092,0.016889630868398592,0.0005164673554706005,0.9988209815422262,0.0,0.00046090384793598393
case_03,B,22,1.186063945628401,0.9710746285095183,0.017309895931404282,0.00041833855793118544,0.9988209815422262,0.0,0.00042026506300569047
case_03,B,23,1.188109278261327,0.9739671656585664,0.017692550283998666,0.0003388542319242611,0.9988209815422262,0.0,0.0003826543525943839
case_03,B,24,1.1899500776309604,0.9765704490927098,0.01804051599600394,0.0002744719278586504,0.9988209815422262,0.0,0.0003479657120052729
case_03,B,25,1.1916067970636304,0.9789134041834388,0.018356582340491617,0.0002223222615655092,0.9988209815422262,0.0,0.00031606634448767823
case_03,B,26,1.1930978445530334,0.9810220637650949,0.018643388785513717,0.00018008103186806137,0.9988209815422262,0.0,0.0002868064450220996
case_03,B,27,1.194439787293496,0.9829198573885853,0.018903415441369982,0.00014586563581313143,0.998820981542226,2.220446049250313e-16,0.00026002665585626514
case_03,B,28,1.1956475357599123,0.9846278716497266,0.01913897912446309,0.00011815116500863885,0.998820981542226,2.220446049250313e-16,0.00023556368309310752
case_03,B,29,1.196734509379687,0.986165084484754,0.019352233590433088,9.570244365699669e-05,0.9988209815422258,4.440892098500626e-16,0.00021325446596999822
case_03,B,30,1.1977127856374845,0.9875485760362787,0.01954517280226695,7.751897936216705e-05,0.998820981542226,2.220446049250313e-16,0.00019293921183386256
case_03,B,31,1.198593234269502,0.9887937184326507,0.01971963634881066,6.279037328335593e-05,0.9988209815422259,3.3306690738754696e-16,0.0001744635465437093
case_03,B,32,1.1993856380383179,0.9899143465893857,0.019877316327973557,5.086020235951785e-05,0.9988209815422259,3.3306690738754696e-16,0.00015767997916289744
case_03,B,33,1.200098801430252,0.990922911930447,0.02001976516691172,4.119676391121057e-05,0.9988209815422258,4.440892098500626e-16,0.00014244883893816188
case_03,B,34,1.200740648482993,0.9918306207374025,0.02014840397668628,3.336937876807929e-05,0.9988209815422259,3.3306690738754696e-16,0.00012863880977456027
case_03,B,35,1.2013183108304597,0.9926475586636622,0.020264531137814793,2.7029196802144637e-05,0.9988209815422258,4.440892098500626e-16,0.0001161271611285139
case_03,B,36,1.2018382069431799,0.993382802797296,0.020369330891018955,2.189364940973708e-05,0.998820981542226,2.220446049250313e-16,0.0001047997532041614
case_03,B,37,1.202306113444628,0.9940445225175665,0.02046388176853535,1.7733856021886375e-05,0.998820981542226,2.220446049250313e-16,9.455087751639515e-05
case_03,B,38,1.2027272292959312,0.9946400702658098,0.02054916474900254,1.4364423377728082e-05,0.998820981542226,2.220446049250313e-16,8.52829804671891e-05
case_03,B,39,1.203106233562104,0.9951760632392287,0.02062607105589199,1.163518293596039e-05,0.9988209815422259,3.3306690738754696e-16,7.690630688945294e-05
case_03,B,40,1.2034473374016597,0.9956584569153057,0.020695409547912373,9.424498178128253e-06,0.9988209815422258,4.440892098500626e-16,6.933849202038142e-05
case_03,B,41,1.2037543308572598,0.9960926112237752,0.020757913671544847,7.633843524283625e-06,0.9988209815422259,3.3306690738754696e-16,6.250412363247373e-05
case_03,B,42,1.2040306249672998,0.9964833501013978,0.02081424796227348,6.1834132546695405e-06,0.9988209815422258,4.440892098500626e-16,5.6334290728633774e-05
case_03,B,43,1.204279289666336,0.9968350150912579,0.020865014093291386,5.008564736282504e-06,0.9988209815422258,4.440892098500626e-16,5.076613101790556e-05
case_03,B,44,1.2045030878954683,0.9971515135821322,0.020910756479390825,4.056937436388764e-06,0.9988209815422258,4.440892098500626e-16,4.574238609943854e-05
case_03,B,45,1.2047045063016875,0.9974363622239188,0.0209519674501088,3.2861193234751555e-06,0.9988209815422258,4.440892098500626e-16,4.121097071797461e-05
case_03,B,46,1.2048857828672848,0.9976927260015269,0.02098909201057008,2.6617566520149785e-06,0.9988209815422258,4.440892098500626e-16,3.712456046128104e-05
case_03,B,47,1.2050489317763224,0.9979234534013743,0.021022532211305466,2.156022888131902e-06,0.9988209815422258,4.440892098500626e-16,3.344020073538581e-05
case_03,B,48,1.2051957657944563,0.998131108061237,0.02105265114998668,1.7463785393867577e-06,0.9988209815422259,3.3306690738754696e-16,3.0118938681215207e-05
case_03,B,49,1.2053279164107766,0.9983179972551133,0.021079776628795437,1.4145666169032363e-06,0.9988209815422258,4.440892098500626e-16,2.7125478808755904e-05
case_03,B,50,1.205446851965465,0.9984861975296019,0.02110420449125986,1.1457989596917223e-06,0.9988209815422259,3.3306690738754696e-16,2.4427862464423272e-05
case_03,B,51,1.2055538939646846,0.9986375777766417,0.0211262016620224,9.280971573502194e-07,0.9988209815422259,3.3306690738754696e-16,2.199717076253882e-05
case_03,B,52,1.2056502317639821,0.9987738199989775,0.02114600891228978,7.517586974537458e-07,0.9988209815422258,4.440892098500626e-16,1.9807250267379894e-05
case_03,B,53,1.2057369357833498,0.9988964379990797,0.02116384337276111,6.089245449376321e-07,0.9988209815422256,5.551115123125783e-16,1.7834460471329028e-05
case_03,B,54,1.205814969400781,0.9990067941991716,0.021179900814722194,4.932288813995923e-07,0.9988209815422258,4.440892098500626e-16,1.605744196108566e-05
case_03,B,55,1.2058851996564688,0.9991061147792545,0.02119435771879201,3.9951539393363003e-07,0.9988209815422256,5.551115123125783e-16,1.4456904069815035e-05
case_03,B,56,1.205948406886588,0.9991955033013291,0.021207373149561802,3.236074690861778e-07,0.9988209815422256,5.551115123125783e-16,1.3015430769793002e-05
case_03,B,57,1.2060052933936953,0.9992759529711963,0.021219090453111246,2.6212204995972363e-07,0.9988209815422258,4.440892098500626e-16,1.1717303549443892e-05
case_03,B,58,1.2060564912500917,0.9993483576740765,0.021229638793149565,2.1231886046750637e-07,0.9988209815422256,5.551115123125783e-16,1.0548340038319531e-05
case_03,B,59,1.2061025693208487,0.9994135219066689,0.02123913454032762,1.7197827697865411e-07,0.9988209815422258,4.440892098500626e-16,9.495747178053793e-06
case_03,B,60,1.20614403958453,0.9994721697160022,0.021247682528114133,1.3930240435261608e-07,0.9988209815422259,3.3306690738754696e-16,8.547987786513417e-06
case_03,B,61,1.206181362821843,0.9995249527444019,0.021255377187536225,1.1283494752564539e-07,0.9988209815422258,4.440892098500626e-16,7.694659422092381e-06
case_03,B,62,1.2062149537354248,0.9995724574699617,0.021262303572051687,9.139630749577277e-08,0.9988209815422259,3.3306690738754696e-16,6.926384515461986e-06
case_03,B,63,1.2062451855576484,0.9996152117229655,0.021268538282854403,7.403100907158022e-08,0.9988209815422259,3.3306690738754696e-16,6.2347108027160925e-06
case_03,B,64,1.2062723941976496,0.999653690550669,0.021274150304015284,5.996511734797229e-08,0.998820981542226,2.220446049250313e-16,5.612021160880665e-06
case_04,A,1,-0.1,0.0,0.405,0.5,-0.1,,-0.09499999999999997
case_04,A,2,-0.19,0.0,0.32805000000000006,0.5,-0.19,,-0.07694999999999996
case_04,A,3,-0.271,0.0,0.26572049999999997,0.5,-0.271,,-0.06232950000000009
case_04,A,4,-0.34390000000000004,0.0,0.21523360499999994,0.5,-0.34390000000000004,,-0.05048689500000003
case_04,A,5,-0.40951000000000004,0.0,0.17433922004999997,0.5,-0.40951000000000004,,-0.04089438494999997
case_04,A,6,-0.46855900000000006,0.0,0.14121476824049997,0.5,-0.46855900000000006,,-0.033124451809499994
case_04,A,7,-0.5217031000000001,0.0,0.11438396227480496,0.5,-0.5217031000000001,,-0.02683080596569501
case_04,A,8,-0.5695327900000001,0.0,0.092651009442592,0.5,-0.5695327900000001,,-0.021732952832212965
case_04,A,9,-0.6125795110000001,0.0,0.07504731764849953,0.5,-0.6125795110000001,,-0.017603691794092463
case_04,A,10,-0.6513215599000001,0.0,0.06078832729528462,0.5,-0.6513215599000001,,-0.014258990353214915
case_04,A,11,-0.68618940391,0.0,0.04923854510918055,0.5,-0.68618940391,,-0.011549782186104071
case_04,A,12,-0.717570463519,0.0,0.03988322153843626,0.5,-0.717570463519,,-0.00935532357074429
case_04,A,13,-0.7458134171671,0.0,0.03230540944613336,0.5,-0.7458134171671,,-0.007577812092302898
case_04,A,14,-0.7712320754503901,0.0,0.026167381651368008,0.5,-0.7712320754503901,,-0.0061380277947653515
case_04,A,15,-0.7941088679053511,0.0,0.021195579137608087,0.5,-0.7941088679053511,,-0.004971802513759921
case_04,A,16,-0.814697981114816,0.0,0.017168419101462554,0.5,-0.814697981114816,,-0.004027160036145533
case_04,A,17,-0.8332281830033343,0.0,0.01390641947218467,0.5,-0.8332281830033343,,-0.003261999629277885
case_04,A,18,-0.8499053647030009,0.0,0.011264199772469579,0.5,-0.8499053647030009,,-0.002642219699715091
case_04,A,19,-0.8649148282327008,0.0,0.009124001815700361,0.5,-0.8649148282327008,,-0.0021401979567692176
case_04,A,20,-0.8784233454094308,0.0,0.0073904414707172865,0.5,-0.8784233454094308,,-0.0017335603449830745
case_04,A,21,-0.8905810108684877,0.0,0.005986257591281,0.5,-0.8905810108684877,,-0.0014041838794362866
case_04,A,22,-0.901522909781639,0.0,0.0048488686489376095,0.5,-0.901522909781639,,-0.0011373889423433904
case_04,A,23,-0.911370618803475,0.0,0.003927583605639467,0.5,-0.911370618803475,,-0.0009212850432981428
case_04,A,24,-0.9202335569231275,0.0,0.0031813427205679727,0.5,-0.9202335569231275,,-0.000746240885071494
case_04,A,25,-0.9282102012308148,0.0,0.0025768876036600546,0.5,-0.9282102012308148,,-0.0006044551169079181
case_04,A,26,-0.9353891811077333,0.0,0.002087278958964645,0.5,-0.9353891811077333,,-0.0004896086446954098
case_04,A,27,-0.94185026299696,0.0,0.0016906959567613625,0.5,-0.94185026299696,,-0.0003965830022032823
case_04,A,28,-0.947665236697264,0.0,0.0013694637249767017,0.5,-0.947665236697264,,-0.00032123223178466076
case_04,A,29,-0.9528987130275376,0.0,0.0011092656172311285,0.5,-0.9528987130275376,,-0.0002601981077455732
case_04,A,30,-0.9576088417247839,0.0,0.0008985051499572118,0.5,-0.9576088417247839,,-0.00021076046727391677
case_04,A,31,-0.9618479575523055,0.0,0.0007277891714653432,0.5,-0.9618479575523055,,-0.00017071597849186858
case_04,A,32,-0.9656631617970749,0.0,0.0005895092288869284,0.5,-0.9656631617970749,,-0.00013827994257841478
case_04,A,33,-0.9690968456173674,0.0,0.00047750247539841165,0.5,-0.9690968456173674,,-0.00011200675348851675
case_04,A,34,-0.9721871610556306,0.0,0.00038677700507271464,0.5,-0.9721871610556306,,-9.0725470325697e-05
case_04,A,35,-0.9749684449500675,0.0,0.0003132893741089003,0.5,-0.9749684449500675,,-7.348763096381436e-05
case_04,A,36,-0.9774716004550608,0.0,0.0002537643930282092,0.5,-0.9774716004550608,,-5.952498108069106e-05
case_04,A,37,-0.9797244404095546,0.0,0.00020554915835285036,0.5,-0.9797244404095546,,-4.821523467535887e-05
case_04,A,38,-0.9817519963685992,0.0,0.00016649481826580797,0.5,-0.9817519963685992,,-3.9054340087042386e-05
case_04,A,39,-0.9835767967317393,0.0,0.0001348608027953052,0.5,-0.9835767967317393,,-3.1634015470502784e-05
case_04,A,40,-0.9852191170585654,0.0,0.00010923725026419688,0.5,-0.9852191170585654,,-2.5623552531108305e-05
case_04,A,41,-0.9866972053527088,0.0,8.848217271400007e-05,0.5,-0.9866972053527088,,-2.0755077550196815e-05
case_04,A,42,-0.9880274848174379,0.0,7.167055989834058e-05,0.5,-0.9880274848174379,,-1.681161281565949e-05
case_04,A,43,-0.9892247363356941,0.0,5.8053153517655756e-05,0.5,-0.9892247363356941,,-1.3617406380684822e-05
case_04,A,44,-0.9903022627021246,0.0,4.702305434930159e-05,0.5,-0.9903022627021246,,-1.1030099168354167e-05
case_04,A,45,-0.9912720364319122,0.0,3.8088674022933995e-05,0.5,-0.9912720364319122,,-8.934380326367594e-06
case_04,A,46,-0.992144832788721,0.0,3.085182595857627e-05,0.5,-0.992144832788721,,-7.236848064357722e-06
case_04,A,47,-0.9929303495098489,0.0,2.4989979026446627e-05,0.5,-0.9929303495098489,,-5.861846932129646e-06
case_04,A,48,-0.9936373145588641,0.0,2.0241883011421626e-05,0.5,-0.9936373145588641,,-4.748096015025001e-06
case_04,A,49,-0.9942735831029776,0.0,1.639592523925158e-05,0.5,-0.9942735831029776,,-3.845957772170047e-06
case_04,A,50,-0.9948462247926799,0.0,1.3280699443793552e-05,0.5,-0.9948462247926799,,-3.115225795458028e-06
case_04,A,51,-0.995361602313412,0.0,1.0757366549472572e-05,0.5,-0.995361602313412,,-2.52333289432098e-06
case_04,A,52,-0.9958254420820708,0.0,8.71346690507269e-06,0.5,-0.9958254420820708,,-2.0438996443998826e-06
case_04,A,53,-0.9962428978738638,0.0,7.05790819310867e-06,0.5,-0.9962428978738638,,-1.655558711964019e-06
case_04,A,54,-0.9966186080864774,0.0,5.716905636418023e-06,0.5,-0.9966186080864774,,-1.3410025566906477e-06
case_04,A,55,-0.9969567472778297,0.0,4.630693565498531e-06,0.5,-0.9969567472778297,,-1.0862120709194913e-06
case_04,A,56,-0.9972610725500467,0.0,3.7508617880538406e-06,0.5,-0.9972610725500467,,-8.798317774446906e-07
case_04,A,57,-0.997534965295042,0.0,3.0381980483235836e-06,0.5,-0.997534965295042,,-7.12663739730257e-07
case_04,A,58,-0.9977814687655379,0.0,2.460940419142053e-06,0.5,-0.9977814687655379,,-5.772576291815305e-07
case_04,A,59,-0.9980033218889841,0.0,1.993361739504997e-06,0.5,-0.9980033218889841,,-4.6757867963705627e-07
case_04,A,60,-0.9982029897000857,0.0,1.6146230089990474e-06,0.5,-0.9982029897000857,,-3.7873873050594947e-07
case_04,A,61,-0.9983826907300771,0.0,1.3078446372892283e-06,0.5,-0.9983826907300771,,-3.067783717098191e-07
case_04,A,62,-0.9985444216570694,0.0,1.0593541562043557e-06,0.5,-0.9985444216570694,,-2.484904810848726e-07
case_04,A,63,-0.9986899794913624,0.0,8.580768665255572e-07,0.5,-0.9986899794913624,,-2.0127728967879852e-07
case_04,A,64,-0.9988209815422262,0.0,6.95042261885649e-07,0.5,-0.9988209815422262,,-1.6303460463990822e-07
case_04,B,1,-0.9988209815422262,-0.1,6.95042261885649e-07,0.405,-0.9988209815422262,0.0,0.0
case_04,B,2,-0.9988209815422262,-0.19,6.95042261885649e-07,0.32805000000000006,-0.9988209815422262,0.0,0.0
case_04,B,3,-0.9988209815422262,-0.271,6.95042261885649e-07,0.26572049999999997,-0.9988209815422262,0.0,0.0
case_04,B,4,-0.9988209815422262,-0.34390000000000004,6.95042261885649e-07,0.21523360499999994,-0.9988209815422262,0.0,0.0
case_04,B,5,-0.9988209815422262,-0.40951000000000004,6.95042261885649e-07,0.17433922004999997,-0.9988209815422262,0.0,0.0
case_04,B,6,-0.9988209815422262,-0.46855900000000006,6.95042261885649e-07,0.14121476824049997,-0.9988209815422262,0.0,0.0
case_04,B,7,-0.9988209815422262,-0.5217031000000001,6.95042261885649e-07,0.11438396227480496,-0.9988209815422262,0.0,0.0
case_04,B,8,-0.9988209815422262,-0.5695327900000001,6.95042261885649e-07,0.092651009442592,-0.9988209815422262,0.0,0.0
case_04,B,9,-0.9988209815422262,-0.6125795110000001,6.95042261885649e-07,0.07504731764849953,-0.9988209815422262,0.0,0.0
case_04,B,10,-0.9988209815422262,-0.6513215599000001,6.95042261885649e-07,0.06078832729528462,-0.9988209815422262,0.0,0.0
case_04,B,11,-0.9988209815422262,-0.68618940391,6.95042261885649e-07,0.04923854510918055,-0.9988209815422262,0.0,0.0
case_04,B,12,-0.9988209815422262,-0.717570463519,6.95042261885649e-07,0.03988322153843626,-0.9988209815422262,0.0,0.0
case_04,B,13,-0.9988209815422262,-0.7458134171671,6.95042261885649e-07,0.03230540944613336,-0.9988209815422262,0.0,0.0
case_04,B,14,-0.9988209815422262,-0.7712320754503901,6.95042261885649e-07,0.026167381651368008,-0.9988209815422262,0.0,0.0
case_04,B,15,-0.9988209815422262,-0.7941088679053511,6.95042261885649e-07,0.021195579137608087,-0.9988209815422262,0.0,0.0
case_04,B,16,-0.9988209815422262,-0.814697981114816,6.95042261885649e-07,0.017168419101462554,-0.9988209815422262,0.0,0.0
case_04,B,17,-0.9988209815422262,-0.8332281830033343,6.95042261885649e-07,0.01390641947218467,-0.9988209815422262,0.0,0.0
case_04,B,18,-0.9988209815422262,-0.8499053647030009,6.95042261885649e-07,0.011264199772469579,-0.9988209815422262,0.0,0.0
case_04,B,19,-0.9988209815422262,-0.8649148282327008,6.95042261885649e-07,0.009124001815700361,-0.9988209815422262,0.0,0.0
case_04,B,20,-0.9988209815422262,-0.8784233454094308,6.95042261885649e-07,0.0073904414707172865,-0.9988209815422262,0.0,0.0
case_04,B,21,-0.9988209815422262,-0.8905810108684877,6.95042261885649e-07,0.005986257591281,-0.9988209815422262,0.0,0.0
case_04,B,22,-0.9988209815422262,-0.901522909781639,6.95042261885649e-07,0.0048488686489376095,-0.9988209815422262,0.0,0.0
case_04,B,23,-0.9988209815422262,-0.911370618803475,6.95042261885649e-07,0.003927583605639467,-0.9988209815422262,0.0,0.0
case_04,B,24,-0.9988209815422262,-0.9202335569231275,6.95042261885649e-07,0.0031813427205679727,-0.9988209815422262,0.0,0.0
case_04,B,25,-0.9988209815422262,-0.9282102012308148,6.95042261885649e-07,0.0025768876036600546,-0.9988209815422262,0.0,0.0
case_04,B,26,-0.9988209815422262,-0.9353891811077333,6.95042261885649e-07,0.002087278958964645,-0.9988209815422262,0.0,0.0
case_04,B,27,-0.9988209815422262,-0.94185026299696,6.95042261885649e-07,0.0016906959567613625,-0.9988209815422262,0.0,0.0
case_04,B,28,-0.9988209815422262,-0.947665236697264,6.95042261885649e-07,0.0013694637249767017,-0.9988209815422262,0.0,0.0
case_04,B,29,-0.9988209815422262,-0.9528987130275376,6.95042261885649e-07,0.0011092656172311285,-0.9988209815422262,0.0,0.0
case_04,B,30,-0.9988209815422262,-0.9576088417247839,6.95042261885649e-07,0.0008985051499572118,-0.9988209815422262,0.0,0.0
case_04,B,31,-0.9988209815422262,-0.9618479575523055,6.95042261885649e-07,0.0007277891714653432,-0.9988209815422262,0.0,0.0
case_04,B,32,-0.9988209815422262,-0.9656631617970749,6.95042261885649e-07,0.0005895092288869284,-0.9988209815422262,0.0,0.0
case_04,B,33,-0.9988209815422262,-0.9690968456173674,6.95042261885649e-07,0.00047750247539841165,-0.9988209815422262,0.0,0.0
case_04,B,34,-0.9988209815422262,-0.9721871610556306,6.95042261885649e-07,0.00038677700507271464,-0.9988209815422262,0.0,0.0
case_04,B,35,-0.9988209815422262,-0.9749684449500675,6.95042261885649e-07,0.0003132893741089003,-0.9988209815422262,0.0,0.0
case_04,B,36,-0.9988209815422262,-0.9774716004550608,6.95042261885649e-07,0.0002537643930282092,-0.9988209815422262,0.0,0.0
case_04,B,37,-0.9988209815422262,-0.9797244404095546,6.95042261885649e-07,0.00020554915835285036,-0.9988209815422262,0.0,0.0
case_04,B,38,-0.9988209815422262,-0.9817519963685992,6.95042261885649e-07,0.00016649481826580797,-0.9988209815422262,0.0,0.0
case_04,B,39,-0.9988209815422262,-0.9835767967317393,6.95042261885649e-07,0.0001348608027953052,-0.9988209815422262,0.0,0.0
case_04,B,40,-0.9988209815422262,-0.9852191170585654,6.95042261885649e-07,0.00010923725026419688,-0.9988209815422262,0.0,0.0
case_04,B,41,-0.9988209815422262,-0.9866972053527088,6.95042261885649e-07,8.848217271400007e-05,-0.9988209815422262,0.0,0.0
case_04,B,42,-0.9988209815422262,-0.9880274848174379,6.95042261885649e-07,7.167055989834058e-05,-0.9988209815422262,0.0,0.0
case_04,B,43,-0.9988209815422262,-0.9892247363356941,6.95042261885649e-07,5.8053153517655756e-05,-0.9988209815422262,0.0,0.0
case_04,B,44,-0.9988209815422262,-0.9903022627021246,6.95042261885649e-07,4.702305434930159e-05,-0.9988209815422262,0.0,0.0
case_04,B,45,-0.9988209815422262,-0.9912720364319122,6.95042261885649e-07,3.8088674022933995e-05,-0.9988209815422262,0.0,0.0
case_04,B,46,-0.9988209815422262,-0.992144832788721,6.95042261885649e-07,3.085182595857627e-05,-0.9988209815422262,0.0,0.0
case_04,B,47,-0.9988209815422262,-0.9929303495098489,6.95042261885649e-07,2.4989979026446627e-05,-0.9988209815422262,0.0,0.0
case_04,B,48,-0.9988209815422262,-0.9936373145588641,6.95042261885649e-07,2.0241883011421626e-05,-0.9988209815422262,0.0,0.0
case_04,B,49,-0.9988209815422262,-0.9942735831029776,6.95042261885649e-07,1.639592523925158e-05,-0.9988209815422262,0.0,0.0
case_04,B,50,-0.9988209815422262,-0.9948462247926799,6.95042261885649e-07,1.3280699443793552e-05,-0.9988209815422262,0.0,0.0
case_04,B,51,-0.9988209815422262,-0.995361602313412,6.95042261885649e-07,1.0757366549472572e-05,-0.9988209815422262,0.0,0.0
case_04,B,52,-0.9988209815422262,-0.9958254420820708,6.95042261885649e-07,8.71346690507269e-06,-0.9988209815422262,0.0,0.0
case_04,B,53,-0.9988209815422262,-0.9962428978738638,6.95042261885649e-07,7.05790819310867e-06,-0.9988209815422262,0.0,0.0
case_04,B,54,-0.9988209815422262,-0.9966186080864774,6.95042261885649e-07,5.716905636418023e-06,-0.9988209815422262,0.0,0.0
case_04,B,55,-0.9988209815422262,-0.9969567472778297,6.95042261885649e-07,4.630693565498531e-06,-0.9988209815422262,0.0,0.0
case_04,B,56,-0.9988209815422262,-0.9972610725500467,6.95042261885649e-07,3.7508617880538406e-06,-0.9988209815422262,0.0,0.0
case_04,B,57,-0.9988209815422262,-0.997534965295042,6.95042261885649e-07,3.0381980483235836e-06,-0.9988209815422262,0.0,0.0
case_04,B,58,-0.9988209815422262,-0.9977814687655379,6.95042261885649e-07,2.460940419142053e-06,-0.9988209815422262,0.0,0.0
case_04,B,59,-0.9988209815422262,-0.9980033218889841,6.95042261885649e-07,1.993361739504997e-06,-0.9988209815422262,0.0,0.0
case_04,B,60,-0.9988209815422262,-0.9982029897000857,6.95042261885649e-07,1.6146230089990474e-06,-0.9988209815422262,0.0,0.0
case_04,B,61,-0.9988209815422262,-0.9983826907300771,6.95042261885649e-07,1.3078446372892283e-06,-0.9988209815422262,0.0,0.0
case_04,B,62,-0.9988209815422262,-0.9985444216570694,6.95042261885649e-07,1.0593541562043557e-06,-0.9988209815422262,0.0,0.0
case_04,B,63,-0.9988209815422262,-0.9986899794913624,6.95042261885649e-07,8.580768665255572e-07,-0.9988209815422262,0.0,0.0
case_04,B,64,-0.9988209815422262,-0.9988209815422262,6.95042261885649e-07,6.95042261885649e-07,-0.9988209815422262,0.0,0.0
case_05,A,1,-0.1,0.0,0.405,0.5,-0.1,,-0.09499999999999997
case_05,A,2,-0.19,0.0,0.32805000000000006,0.5,-0.19,,-0.07694999999999996
case_05,A,3,-0.271,0.0,0.26572049999999997,0.5,-0.271,,-0.06232950000000009
case_05,A,4,-0.34390000000000004,0.0,0.21523360499999994,0.5,-0.34390000000000004,,-0.05048689500000003
case_05,A,5,-0.40951000000000004,0.0,0.17433922004999997,0.5,-0.40951000000000004,,-0.04089438494999997
case_05,A,6,-0.46855900000000006,0.0,0.14121476824049997,0.5,-0.46855900000000006,,-0.033124451809499994
case_05,A,7,-0.5217031000000001,0.0,0.11438396227480496,0.5,-0.5217031000000001,,-0.02683080596569501
case_05,A,8,-0.5695327900000001,0.0,0.092651009442592,0.5,-0.5695327900000001,,-0.021732952832212965
case_05,A,9,-0.6125795110000001,0.0,0.07504731764849953,0.5,-0.6125795110000001,,-0.017603691794092463
case_05,A,10,-0.6513215599000001,0.0,0.06078832729528462,0.5,-0.6513215599000001,,-0.014258990353214915
case_05,A,11,-0.68618940391,0.0,0.04923854510918055,0.5,-0.68618940391,,-0.011549782186104071
case_05,A,12,-0.717570463519,0.0,0.03988322153843626,0.5,-0.717570463519,,-0.00935532357074429
case_05,A,13,-0.7458134171671,0.0,0.03230540944613336,0.5,-0.7458134171671,,-0.007577812092302898
case_05,A,14,-0.7712320754503901,0.0,0.026167381651368008,0.5,-0.7712320754503901,,-0.0061380277947653515
case_05,A,15,-0.7941088679053511,0.0,0.021195579137608087,0.5,-0.7941088679053511,,-0.004971802513759921
case_05,A,16,-0.814697981114816,0.0,0.017168419101462554,0.5,-0.814697981114816,,-0.004027160036145533
case_05,A,17,-0.8332281830033343,0.0,0.01390641947218467,0.5,-0.8332281830033343,,-0.003261999629277885
case_05,A,18,-0.8499053647030009,0.0,0.011264199772469579,0.5,-0.8499053647030009,,-0.002642219699715091
case_05,A,19,-0.8649148282327008,0.0,0.009124001815700361,0.5,-0.8649148282327008,,-0.0021401979567692176
case_05,A,20,-0.8784233454094308,0.0,0.0073904414707172865,0.5,-0.8784233454094308,,-0.0017335603449830745
case_05,A,21,-0.8905810108684877,0.0,0.005986257591281,0.5,-0.8905810108684877,,-0.0014041838794362866
case_05,A,22,-0.901522909781639,0.0,0.0048488686489376095,0.5,-0.901522909781639,,-0.0011373889423433904
case_05,A,23,-0.911370618803475,0.0,0.003927583605639467,0.5,-0.911370618803475,,-0.0009212850432981428
case_05,A,24,-0.9202335569231275,0.0,0.0031813427205679727,0.5,-0.9202335569231275,,-0.000746240885071494
case_05,A,25,-0.9282102012308148,0.0,0.0025768876036600546,0.5,-0.9282102012308148,,-0.0006044551169079181
case_05,A,26,-0.9353891811077333,0.0,0.002087278958964645,0.5,-0.9353891811077333,,-0.0004896086446954098
case_05,A,27,-0.94185026299696,0.0,0.0016906959567613625,0.5,-0.94185026299696,,-0.0003965830022032823
case_05,A,28,-0.947665236697264,0.0,0.0013694637249767017,0.5,-0.947665236697264,,-0.00032123223178466076
case_05,A,29,-0.9528987130275376,0.0,0.0011092656172311285,0.5,-0.9528987130275376,,-0.0002601981077455732
case_05,A,30,-0.9576088417247839,0.0,0.0008985051499572118,0.5,-0.9576088417247839,,-0.00021076046727391677
case_05,A,31,-0.9618479575523055,0.0,0.0007277891714653432,0.5,-0.9618479575523055,,-0.00017071597849186858
case_05,A,32,-0.9656631617970749,0.0,0.0005895092288869284,0.5,-0.9656631617970749,,-0.00013827994257841478
case_05,A,33,-0.9690968456173674,0.0,0.00047750247539841165,0.5,-0.9690968456173674,,-0.00011200675348851675
case_05,A,34,-0.9721871610556306,0.0,0.00038677700507271464,0.5,-0.9721871610556306,,-9.0725470325697e-05
case_05,A,35,-0.9749684449500675,0.0,0.0003132893741089003,0.5,-0.9749684449500675,,-7.348763096381436e-05
case_05,A,36,-0.9774716004550608,0.0,0.0002537643930282092,0.5,-0.9774716004550608,,-5.952498108069106e-05
case_05,A,37,-0.9797244404095546,0.0,0.00020554915835285036,0.5,-0.9797244404095546,,-4.821523467535887e-05
case_05,A,38,-0.9817519963685992,0.0,0.00016649481826580797,0.5,-0.9817519963685992,,-3.9054340087042386e-05
case_05,A,39,-0.9835767967317393,0.0,0.0001348608027953052,0.5,-0.9835767967317393,,-3.1634015470502784e-05
case_05,A,40,-0.9852191170585654,0.0,0.00010923725026419688,0.5,-0.9852191170585654,,-2.5623552531108305e-05
case_05,A,41,-0.9866972053527088,0.0,8.848217271400007e-05,0.5,-0.9866972053527088,,-2.0755077550196815e-05
case_05,A,42,-0.9880274848174379,0.0,7.167055989834058e-05,0.5,-0.9880274848174379,,-1.681161281565949e-05
case_05,A,43,-0.9892247363356941,0.0,5.8053153517655756e-05,0.5,-0.9892247363356941,,-1.3617406380684822e-05
case_05,A,44,-0.9903022627021246,0.0,4.702305434930159e-05,0.5,-0.9903022627021246,,-1.1030099168354167e-05
case_05,A,45,-0.9912720364319122,0.0,3.8088674022933995e-05,0.5,-0.9912720364319122,,-8.934380326367594e-06
case_05,A,46,-0.992144832788721,0.0,3.085182595857627e-05,0.5,-0.992144832788721,,-7.236848064357722e-06
case_05,A,47,-0.9929303495098489,0.0,2.4989979026446627e-05,0.5,-0.9929303495098489,,-5.861846932129646e-06
case_05,A,48,-0.9936373145588641,0.0,2.0241883011421626e-05,0.5,-0.9936373145588641,,-4.748096015025001e-06
case_05,A,49,-0.9942735831029776,0.0,1.639592523925158e-05,0.5,-0.9942735831029776,,-3.845957772170047e-06
case_05,A,50,-0.9948462247926799,0.0,1.3280699443793552e-05,0.5,-0.9948462247926799,,-3.115225795458028e-06
case_05,A,51,-0.995361602313412,0.0,1.0757366549472572e-05,0.5,-0.995361602313412,,-2.52333289432098e-06
case_05,A,52,-0.9958254420820708,0.0,8.71346690507269e-06,0.5,-0.9958254420820708,,-2.0438996443998826e-06
case_05,A,53,-0.9962428978738638,0.0,7.05790819310867e-06,0.5,-0.9962428978738638,,-1.655558711964019e-06
case_05,A,54,-0.9966186080864774,0.0,5.716905636418023e-06,0.5,-0.9966186080864774,,-1.3410025566906477e-06
case_05,A,55,-0.9969567472778297,0.0,4.630693565498531e-06,0.5,-0.9969567472778297,,-1.0862120709194913e-06
case_05,A,56,-0.9972610725500467,0.0,3.7508617880538406e-06,0.5,-0.9972610725500467,,-8.798317774446906e-07
case_05,A,57,-0.997534965295042,0.0,3.0381980483235836e-06,0.5,-0.997534965295042,,-7.12663739730257e-07
case_05,A,58,-0.9977814687655379,0.0,2.460940419142053e-06,0.5,-0.9977814687655379,,-5.772576291815305e-07
case_05,A,59,-0.9980033218889841,0.0,1.993361739504997e-06,0.5,-0.9980033218889841,,-4.6757867963705627e-07
case_05,A,60,-0.9982029897000857,0.0,1.6146230089990474e-06,0.5,-0.9982029897000857,,-3.7873873050594947e-07
case_05,A,61,-0.9983826907300771,0.0,1.3078446372892283e-06,0.5,-0.9983826907300771,,-3.067783717098191e-07
case_05,A,62,-0.9985444216570694,0.0,1.0593541562043557e-06,0.5,-0.9985444216570694,,-2.484904810848726e-07
case_05,A,63,-0.9986899794913624,0.0,8.580768665255572e-07,0.5,-0.9986899794913624,,-2.0127728967879852e-07
case_05,A,64,-0.9988209815422262,0.0,6.95042261885649e-07,0.5,-0.9988209815422262,,-1.6303460463990822e-07
case_05,B,1,-0.9988209815422262,0.1,6.95042261885649e-07,0.405,-0.9988209815422262,0.0,0.0
case_05,B,2,-0.9988209815422262,0.19,6.95042261885649e-07,0.32805000000000006,-0.9988209815422262,0.0,0.0
case_05,B,3,-0.9988209815422262,0.271,6.95042261885649e-07,0.26572049999999997,-0.9988209815422262,0.0,0.0
case_05,B,4,-0.9988209815422262,0.34390000000000004,6.95042261885649e-07,0.21523360499999994,-0.9988209815422262,0.0,0.0
case_05,B,5,-0.9988209815422262,0.40951000000000004,6.95042261885649e-07,0.17433922004999997,-0.9988209815422262,0.0,0.0
case_05,B,6,-0.9988209815422262,0.46855900000000006,6.95042261885649e-07,0.14121476824049997,-0.9988209815422262,0.0,0.0
case_05,B,7,-0.9988209815422262,0.5217031000000001,6.95042261885649e-07,0.11438396227480496,-0.9988209815422262,0.0,0.0
case_05,B,8,-0.9988209815422262,0.5695327900000001,6.95042261885649e-07,0.092651009442592,-0.9988209815422262,0.0,0.0
case_05,B,9,-0.9988209815422262,0.6125795110000001,6.95042261885649e-07,0.07504731764849953,-0.9988209815422262,0.0,0.0
case_05,B,10,-0.9988209815422262,0.6513215599000001,6.95042261885649e-07,0.06078832729528462,-0.9988209815422262,0.0,0.0
case_05,B,11,-0.9988209815422262,0.68618940391,6.95042261885649e-07,0.04923854510918055,-0.9988209815422262,0.0,0.0
case_05,B,12,-0.9988209815422262,0.717570463519,6.95042261885649e-07,0.03988322153843626,-0.9988209815422262,0.0,0.0
case_05,B,13,-0.9988209815422262,0.7458134171671,6.95042261885649e-07,0.03230540944613336,-0.9988209815422262,0.0,0.0
case_05,B,14,-0.9988209815422262,0.7712320754503901,6.95042261885649e-07,0.026167381651368008,-0.9988209815422262,0.0,0.0
case_05,B,15,-0.9988209815422262,0.7941088679053511,6.95042261885649e-07,0.021195579137608087,-0.9988209815422262,0.0,0.0
case_05,B,16,-0.9988209815422262,0.814697981114816,6.95042261885649e-07,0.017168419101462554,-0.9988209815422262,0.0,0.0
case_05,B,17,-0.9988209815422262,0.8332281830033343,6.95042261885649e-07,0.01390641947218467,-0.9988209815422262,0.0,0.0
case_05,B,18,-0.9988209815422262,0.8499053647030009,6.95042261885649e-07,0.011264199772469579,-0.9988209815422262,0.0,0.0
case_05,B,19,-0.9988209815422262,0.8649148282327008,6.95042261885649e-07,0.009124001815700361,-0.9988209815422262,0.0,0.0
case_05,B,20,-0.9988209815422262,0.8784233454094308,6.95042261885649e-07,0.0073904414707172865,-0.9988209815422262,0.0,0.0
case_05,B,21,-0.9988209815422262,0.8905810108684877,6.95042261885649e-07,0.005986257591281,-0.9988209815422262,0.0,0.0
case_05,B,22,-0.9988209815422262,0.901522909781639,6.95042261885649e-07,0.0048488686489376095,-0.9988209815422262,0.0,0.0
case_05,B,23,-0.9988209815422262,0.911370618803475,6.95042261885649e-07,0.003927583605639467,-0.9988209815422262,0.0,0.0
case_05,B,24,-0.9988209815422262,0.9202335569231275,6.95042261885649e-07,0.0031813427205679727,-0.9988209815422262,0.0,0.0
case_05,B,25,-0.9988209815422262,0.9282102012308148,6.95042261885649e-07,0.0025768876036600546,-0.9988209815422262,0.0,0.0
case_05,B,26,-0.9988209815422262,0.9353891811077333,6.95042261885649e-07,0.002087278958964645,-0.9988209815422262,0.0,0.0
case_05,B,27,-0.9988209815422262,0.94185026299696,6.95042261885649e-07,0.0016906959567613625,-0.9988209815422262,0.0,0.0
case_05,B,28,-0.9988209815422262,0.947665236697264,6.95042261885649e-07,0.0013694637249767017,-0.9988209815422262,0.0,0.0
case_05,B,29,-0.9988209815422262,0.9528987130275376,6.95042261885649e-07,0.0011092656172311285,-0.9988209815422262,0.0,0.0
case_05,B,30,-0.9988209815422262,0.9576088417247839,6.95042261885649e-07,0.0008985051499572118,-0.9988209815422262,0.0,0.0
case_05,B,31,-0.9988209815422262,0.9618479575523055,6.95042261885649e-07,0.0007277891714653432,-0.9988209815422262,0.0,0.0
case_05,B,32,-0.9988209815422262,0.9656631617970749,6.95042261885649e-07,0.0005895092288869284,-0.9988209815422262,0.0,0.0
case_05,B,33,-0.9988209815422262,0.9690968456173674,6.95042261885649e-07,0.00047750247539841165,-0.9988209815422262,0.0,0.0
case_05,B,34,-0.9988209815422262,0.9721871610556306,6.95042261885649e-07,0.00038677700507271464,-0.9988209815422262,0.0,0.0
case_05,B,35,-0.9988209815422262,0.9749684449500675,6.95042261885649e-07,0.0003132893741089003,-0.9988209815422262,0.0,0.0
case_05,B,36,-0.9988209815422262,0.9774716004550608,6.95042261885649e-07,0.0002537643930282092,-0.9988209815422262,0.0,0.0
case_05,B,37,-0.9988209815422262,0.9797244404095546,6.95042261885649e-07,0.00020554915835285036,-0.9988209815422262,0.0,0.0
case_05,B,38,-0.9988209815422262,0.9817519963685992,6.95042261885649e-07,0.00016649481826580797,-0.9988209815422262,0.0,0.0
case_05,B,39,-0.9988209815422262,0.9835767967317393,6.95042261885649e-07,0.0001348608027953052,-0.9988209815422262,0.0,0.0
case_05,B,40,-0.9988209815422262,0.9852191170585654,6.95042261885649e-07,0.00010923725026419688,-0.9988209815422262,0.0,0.0
case_05,B,41,-0.9988209815422262,0.9866972053527088,6.95042261885649e-07,8.848217271400007e-05,-0.9988209815422262,0.0,0.0
case_05,B,42,-0.9988209815422262,0.9880274848174379,6.95042261885649e-07,7.167055989834058e-05,-0.9988209815422262,0.0,0.0
case_05,B,43,-0.9988209815422262,0.9892247363356941,6.95042261885649e-07,5.8053153517655756e-05,-0.9988209815422262,0.0,0.0
case_05,B,44,-0.9988209815422262,0.9903022627021246,6.95042261885649e-07,4.702305434930159e-05,-0.9988209815422262,0.0,0.0
case_05,B,45,-0.9988209815422262,0.9912720364319122,6.95042261885649e-07,3.8088674022933995e-05,-0.9988209815422262,0.0,0.0
case_05,B,46,-0.9988209815422262,0.992144832788721,6.95042261885649e-07,3.085182595857627e-05,-0.9988209815422262,0.0,0.0
case_05,B,47,-0.9988209815422262,0.9929303495098489,6.95042261885649e-07,2.4989979026446627e-05,-0.9988209815422262,0.0,0.0
case_05,B,48,-0.9988209815422262,0.9936373145588641,6.95042261885649e-07,2.0241883011421626e-05,-0.9988209815422262,0.0,0.0
case_05,B,49,-0.9988209815422262,0.9942735831029776,6.95042261885649e-07,1.639592523925158e-05,-0.9988209815422262,0.0,0.0
case_05,B,50,-0.9988209815422262,0.9948462247926799,6.95042261885649e-07,1.3280699443793552e-05,-0.9988209815422262,0.0,0.0
case_05,B,51,-0.9988209815422262,0.995361602313412,6.95042261885649e-07,1.0757366549472572e-05,-0.9988209815422262,0.0,0.0
case_05,B,52,-0.9988209815422262,0.9958254420820708,6.95042261885649e-07,8.71346690507269e-06,-0.9988209815422262,0.0,0.0
case_05,B,53,-0.9988209815422262,0.9962428978738638,6.95042261885649e-07,7.05790819310867e-06,-0.9988209815422262,0.0,0.0
case_05,B,54,-0.9988209815422262,0.9966186080864774,6.95042261885649e-07,5.716905636418023e-06,-0.9988209815422262,0.0,0.0
case_05,B,55,-0.9988209815422262,0.9969567472778297,6.95042261885649e-07,4.630693565498531e-06,-0.9988209815422262,0.0,0.0
case_05,B,56,-0.9988209815422262,0.9972610725500467,6.95042261885649e-07,3.7508617880538406e-06,-0.9988209815422262,0.0,0.0
case_05,B,57,-0.9988209815422262,0.997534965295042,6.95042261885649e-07,3.0381980483235836e-06,-0.9988209815422262,0.0,0.0
case_05,B,58,-0.9988209815422262,0.9977814687655379,6.95042261885649e-07,2.460940419142053e-06,-0.9988209815422262,0.0,0.0
case_05,B,59,-0.9988209815422262,0.9980033218889841,6.95042261885649e-07,1.993361739504997e-06,-0.9988209815422262,0.0,0.0
case_05,B,60,-0.9988209815422262,0.9982029897000857,6.95042261885649e-07,1.6146230089990474e-06,-0.9988209815422262,0.0,0.0
case_05,B,61,-0.9988209815422262,0.9983826907300771,6.95042261885649e-07,1.3078446372892283e-06,-0.9988209815422262,0.0,0.0
case_05,B,62,-0.9988209815422262,0.9985444216570694,6.95042261885649e-07,1.0593541562043557e-06,-0.9988209815422262,0.0,0.0
case_05,B,63,-0.9988209815422262,0.9986899794913624,6.95042261885649e-07,8.580768665255572e-07,-0.9988209815422262,0.0,0.0
case_05,B,64,-0.9988209815422262,0.9988209815422262,6.95042261885649e-07,6.95042261885649e-07,-0.9988209815422262,0.0,0.0
case_06,A,1,0.1,0.0,0.405,0.5,0.1,,-0.09499999999999997
case_06,A,2,0.19,0.0,0.32805000000000006,0.5,0.19,,-0.07694999999999996
case_06,A,3,0.271,0.0,0.26572049999999997,0.5,0.271,,-0.06232950000000009
case_06,A,4,0.34390000000000004,0.0,0.21523360499999994,0.5,0.34390000000000004,,-0.05048689500000003
case_06,A,5,0.40951000000000004,0.0,0.17433922004999997,0.5,0.40951000000000004,,-0.04089438494999997
case_06,A,6,0.46855900000000006,0.0,0.14121476824049997,0.5,0.46855900000000006,,-0.033124451809499994
case_06,A,7,0.5217031000000001,0.0,0.11438396227480496,0.5,0.5217031000000001,,-0.02683080596569501
case_06,A,8,0.5695327900000001,0.0,0.092651009442592,0.5,0.5695327900000001,,-0.021732952832212965
case_06,A,9,0.6125795110000001,0.0,0.07504731764849953,0.5,0.6125795110000001,,-0.017603691794092463
case_06,A,10,0.6513215599000001,0.0,0.06078832729528462,0.5,0.6513215599000001,,-0.014258990353214915
case_06,A,11,0.68618940391,0.0,0.04923854510918055,0.5,0.68618940391,,-0.011549782186104071
case_06,A,12,0.717570463519,0.0,0.03988322153843626,0.5,0.717570463519,,-0.00935532357074429
case_06,A,13,0.7458134171671,0.0,0.03230540944613336,0.5,0.7458134171671,,-0.007577812092302898
case_06,A,14,0.7712320754503901,0.0,0.026167381651368008,0.5,0.7712320754503901,,-0.0061380277947653515
case_06,A,15,0.7941088679053511,0.0,0.021195579137608087,0.5,0.7941088679053511,,-0.004971802513759921
case_06,A,16,0.814697981114816,0.0,0.017168419101462554,0.5,0.814697981114816,,-0.004027160036145533
case_06,A,17,0.8332281830033343,0.0,0.01390641947218467,0.5,0.8332281830033343,,-0.003261999629277885
case_06,A,18,0.8499053647030009,0.0,0.011264199772469579,0.5,0.8499053647030009,,-0.002642219699715091
case_06,A,19,0.8649148282327008,0.0,0.009124001815700361,0.5,0.8649148282327008,,-0.0021401979567692176
case_06,A,20,0.8784233454094308,0.0,0.0073904414707172865,0.5,0.8784233454094308,,-0.0017335603449830745
case_06,A,21,0.8905810108684877,0.0,0.005986257591281,0.5,0.8905810108684877,,-0.0014041838794362866
case_06,A,22,0.901522909781639,0.0,0.0048488686489376095,0.5,0.901522909781639,,-0.0011373889423433904
case_06,A,23,0.911370618803475,0.0,0.003927583605639467,0.5,0.911370618803475,,-0.0009212850432981428
case_06,A,24,0.9202335569231275,0.0,0.0031813427205679727,0.5,0.9202335569231275,,-0.000746240885071494
case_06,A,25,0.9282102012308148,0.0,0.0025768876036600546,0.5,0.9282102012308148,,-0.0006044551169079181
case_06,A,26,0.9353891811077333,0.0,0.002087278958964645,0.5,0.9353891811077333,,-0.0004896086446954098
case_06,A,27,0.94185026299696,0.0,0.0016906959567613625,0.5,0.94185026299696,,-0.0003965830022032823
case_06,A,28,0.947665236697264,0.0,0.0013694637249767017,0.5,0.947665236697264,,-0.00032123223178466076
case_06,A,29,0.9528987130275376,0.0,0.0011092656172311285,0.5,0.9528987130275376,,-0.0002601981077455732
case_06,A,30,0.9576088417247839,0.0,0.0008985051499572118,0.5,0.9576088417247839,,-0.00021076046727391677
case_06,A,31,0.9618479575523055,0.0,0.0007277891714653432,0.5,0.9618479575523055,,-0.00017071597849186858
case_06,A,32,0.9656631617970749,0.0,0.0005895092288869284,0.5,0.9656631617970749,,-0.00013827994257841478
case_06,A,33,0.9690968456173674,0.0,0.00047750247539841165,0.5,0.9690968456173674,,-0.00011200675348851675
case_06,A,34,0.9721871610556306,0.0,0.00038677700507271464,0.5,0.9721871610556306,,-9.0725470325697e-05
case_06,A,35,0.9749684449500675,0.0,0.0003132893741089003,0.5,0.9749684449500675,,-7.348763096381436e-05
case_06,A,36,0.9774716004550608,0.0,0.0002537643930282092,0.5,0.9774716004550608,,-5.952498108069106e-05
case_06,A,37,0.9797244404095546,0.0,0.00020554915835285036,0.5,0.9797244404095546,,-4.821523467535887e-05
case_06,A,38,0.9817519963685992,0.0,0.00016649481826580797,0.5,0.9817519963685992,,-3.9054340087042386e-05
case_06,A,39,0.9835767967317393,0.0,0.0001348608027953052,0.5,0.9835767967317393,,-3.1634015470502784e-05
case_06,A,40,0.9852191170585654,0.0,0.00010923725026419688,0.5,0.9852191170585654,,-2.5623552531108305e-05
case_06,A,41,0.9866972053527088,0.0,8.848217271400007e-05,0.5,0.9866972053527088,,-2.0755077550196815e-05
case_06,A,42,0.9880274848174379,0.0,7.167055989834058e-05,0.5,0.9880274848174379,,-1.681161281565949e-05
case_06,A,43,0.9892247363356941,0.0,5.8053153517655756e-05,0.5,0.9892247363356941,,-1.3617406380684822e-05
case_06,A,44,0.9903022627021246,0.0,4.702305434930159e-05,0.5,0.9903022627021246,,-1.1030099168354167e-05
case_06,A,45,0.9912720364319122,0.0,3.8088674022933995e-05,0.5,0.9912720364319122,,-8.934380326367594e-06
case_06,A,46,0.992144832788721,0.0,3.085182595857627e-05,0.5,0.992144832788721,,-7.236848064357722e-06
case_06,A,47,0.9929303495098489,0.0,2.4989979026446627e-05,0.5,0.9929303495098489,,-5.861846932129646e-06
case_06,A,48,0.9936373145588641,0.0,2.0241883011421626e-05,0.5,0.9936373145588641,,-4.748096015025001e-06
case_06,A,49,0.9942735831029776,0.0,1.639592523925158e-05,0.5,0.9942735831029776,,-3.845957772170047e-06
case_06,A,50,0.9948462247926799,0.0,1.3280699443793552e-05,0.5,0.9948462247926799,,-3.115225795458028e-06
case_06,A,51,0.995361602313412,0.0,1.0757366549472572e-05,0.5,0.995361602313412,,-2.52333289432098e-06
case_06,A,52,0.9958254420820708,0.0,8.71346690507269e-06,0.5,0.9958254420820708,,-2.0438996443998826e-06
case_06,A,53,0.9962428978738638,0.0,7.05790819310867e-06,0.5,0.9962428978738638,,-1.655558711964019e-06
case_06,A,54,0.9966186080864774,0.0,5.716905636418023e-06,0.5,0.9966186080864774,,-1.3410025566906477e-06
case_06,A,55,0.9969567472778297,0.0,4.630693565498531e-06,0.5,0.9969567472778297,,-1.0862120709194913e-06
case_06,A,56,0.9972610725500467,0.0,3.7508617880538406e-06,0.5,0.9972610725500467,,-8.798317774446906e-07
case_06,A,57,0.997534965295042,0.0,3.0381980483235836e-06,0.5,0.997534965295042,,-7.12663739730257e-07
case_06,A,58,0.9977814687655379,0.0,2.460940419142053e-06,0.5,0.9977814687655379,,-5.772576291815305e-07
case_06,A,59,0.9980033218889841,0.0,1.993361739504997e-06,0.5,0.9980033218889841,,-4.6757867963705627e-07
case_06,A,60,0.9982029897000857,0.0,1.6146230089990474e-06,0.5,0.9982029897000857,,-3.7873873050594947e-07
case_06,A,61,0.9983826907300771,0.0,1.3078446372892283e-06,0.5,0.9983826907300771,,-3.067783717098191e-07
case_06,A,62,0.9985444216570694,0.0,1.0593541562043557e-06,0.5,0.9985444216570694,,-2.484904810848726e-07
case_06,A,63,0.9986899794913624,0.0,8.580768665255572e-07,0.5,0.9986899794913624,,-2.0127728967879852e-07
case_06,A,64,0.9988209815422262,0.0,6.95042261885649e-07,0.5,0.9988209815422262,,-1.6303460463990822e-07
case_06,B,1,0.9988209815422262,-0.1,6.95042261885649e-07,0.405,0.9988209815422262,0.0,0.0
case_06,B,2,0.9988209815422262,-0.19,6.95042261885649e-07,0.32805000000000006,0.9988209815422262,0.0,0.0
case_06,B,3,0.9988209815422262,-0.271,6.95042261885649e-07,0.26572049999999997,0.9988209815422262,0.0,0.0
case_06,B,4,0.9988209815422262,-0.34390000000000004,6.95042261885649e-07,0.21523360499999994,0.9988209815422262,0.0,0.0
case_06,B,5,0.9988209815422262,-0.40951000000000004,6.95042261885649e-07,0.17433922004999997,0.9988209815422262,0.0,0.0
case_06,B,6,0.9988209815422262,-0.46855900000000006,6.95042261885649e-07,0.14121476824049997,0.9988209815422262,0.0,0.0
case_06,B,7,0.9988209815422262,-0.5217031000000001,6.95042261885649e-07,0.11438396227480496,0.9988209815422262,0.0,0.0
case_06,B,8,0.9988209815422262,-0.5695327900000001,6.95042261885649e-07,0.092651009442592,0.9988209815422262,0.0,0.0
case_06,B,9,0.9988209815422262,-0.6125795110000001,6.95042261885649e-07,0.07504731764849953,0.9988209815422262,0.0,0.0
case_06,B,10,0.9988209815422262,-0.6513215599000001,6.95042261885649e-07,0.06078832729528462,0.9988209815422262,0.0,0.0
case_06,B,11,0.9988209815422262,-0.68618940391,6.95042261885649e-07,0.04923854510918055,0.9988209815422262,0.0,0.0
case_06,B,12,0.9988209815422262,-0.717570463519,6.95042261885649e-07,0.03988322153843626,0.9988209815422262,0.0,0.0
case_06,B,13,0.9988209815422262,-0.7458134171671,6.95042261885649e-07,0.03230540944613336,0.9988209815422262,0.0,0.0
case_06,B,14,0.9988209815422262,-0.7712320754503901,6.95042261885649e-07,0.026167381651368008,0.9988209815422262,0.0,0.0
case_06,B,15,0.9988209815422262,-0.7941088679053511,6.95042261885649e-07,0.021195579137608087,0.9988209815422262,0.0,0.0
case_06,B,16,0.9988209815422262,-0.814697981114816,6.95042261885649e-07,0.017168419101462554,0.9988209815422262,0.0,0.0
case_06,B,17,0.9988209815422262,-0.8332281830033343,6.95042261885649e-07,0.01390641947218467,0.9988209815422262,0.0,0.0
case_06,B,18,0.9988209815422262,-0.8499053647030009,6.95042261885649e-07,0.011264199772469579,0.9988209815422262,0.0,0.0
case_06,B,19,0.9988209815422262,-0.8649148282327008,6.95042261885649e-07,0.009124001815700361,0.9988209815422262,0.0,0.0
case_06,B,20,0.9988209815422262,-0.8784233454094308,6.95042261885649e-07,0.0073904414707172865,0.9988209815422262,0.0,0.0
case_06,B,21,0.9988209815422262,-0.8905810108684877,6.95042261885649e-07,0.005986257591281,0.9988209815422262,0.0,0.0
case_06,B,22,0.9988209815422262,-0.901522909781639,6.95042261885649e-07,0.0048488686489376095,0.9988209815422262,0.0,0.0
case_06,B,23,0.9988209815422262,-0.911370618803475,6.95042261885649e-07,0.003927583605639467,0.9988209815422262,0.0,0.0
case_06,B,24,0.9988209815422262,-0.9202335569231275,6.95042261885649e-07,0.0031813427205679727,0.9988209815422262,0.0,0.0
case_06,B,25,0.9988209815422262,-0.9282102012308148,6.95042261885649e-07,0.0025768876036600546,0.9988209815422262,0.0,0.0
case_06,B,26,0.9988209815422262,-0.9353891811077333,6.95042261885649e-07,0.002087278958964645,0.9988209815422262,0.0,0.0
case_06,B,27,0.9988209815422262,-0.94185026299696,6.95042261885649e-07,0.0016906959567613625,0.9988209815422262,0.0,0.0
case_06,B,28,0.9988209815422262,-0.947665236697264,6.95042261885649e-07,0.0013694637249767017,0.9988209815422262,0.0,0.0
case_06,B,29,0.9988209815422262,-0.9528987130275376,6.95042261885649e-07,0.0011092656172311285,0.9988209815422262,0.0,0.0
case_06,B,30,0.9988209815422262,-0.9576088417247839,6.95042261885649e-07,0.0008985051499572118,0.9988209815422262,0.0,0.0
case_06,B,31,0.9988209815422262,-0.9618479575523055,6.95042261885649e-07,0.0007277891714653432,0.9988209815422262,0.0,0.0
case_06,B,32,0.9988209815422262,-0.9656631617970749,6.95042261885649e-07,0.0005895092288869284,0.9988209815422262,0.0,0.0
case_06,B,33,0.9988209815422262,-0.9690968456173674,6.95042261885649e-07,0.00047750247539841165,0.9988209815422262,0.0,0.0
case_06,B,34,0.9988209815422262,-0.9721871610556306,6.95042261885649e-07,0.00038677700507271464,0.9988209815422262,0.0,0.0
case_06,B,35,0.9988209815422262,-0.9749684449500675,6.95042261885649e-07,0.0003132893741089003,0.9988209815422262,0.0,0.0
case_06,B,36,0.9988209815422262,-0.9774716004550608,6.95042261885649e-07,0.0002537643930282092,0.9988209815422262,0.0,0.0
case_06,B,37,0.9988209815422262,-0.9797244404095546,6.95042261885649e-07,0.00020554915835285036,0.9988209815422262,0.0,0.0
case_06,B,38,0.9988209815422262,-0.9817519963685992,6.95042261885649e-07,0.00016649481826580797,0.9988209815422262,0.0,0.0
case_06,B,39,0.9988209815422262,-0.9835767967317393,6.95042261885649e-07,0.0001348608027953052,0.9988209815422262,0.0,0.0
case_06,B,40,0.9988209815422262,-0.9852191170585654,6.95042261885649e-07,0.00010923725026419688,0.9988209815422262,0.0,0.0
case_06,B,41,0.9988209815422262,-0.9866972053527088,6.95042261885649e-07,8.848217271400007e-05,0.9988209815422262,0.0,0.0
case_06,B,42,0.9988209815422262,-0.9880274848174379,6.95042261885649e-07,7.167055989834058e-05,0.9988209815422262,0.0,0.0
case_06,B,43,0.9988209815422262,-0.9892247363356941,6.95042261885649e-07,5.8053153517655756e-05,0.9988209815422262,0.0,0.0
case_06,B,44,0.9988209815422262,-0.9903022627021246,6.95042261885649e-07,4.702305434930159e-05,0.9988209815422262,0.0,0.0
case_06,B,45,0.9988209815422262,-0.9912720364319122,6.95042261885649e-07,3.8088674022933995e-05,0.9988209815422262,0.0,0.0
case_06,B,46,0.9988209815422262,-0.992144832788721,6.95042261885649e-07,3.085182595857627e-05,0.9988209815422262,0.0,0.0
case_06,B,47,0.9988209815422262,-0.9929303495098489,6.95042261885649e-07,2.4989979026446627e-05,0.9988209815422262,0.0,0.0
case_06,B,48,0.9988209815422262,-0.9936373145588641,6.95042261885649e-07,2.0241883011421626e-05,0.9988209815422262,0.0,0.0
case_06,B,49,0.9988209815422262,-0.9942735831029776,6.95042261885649e-07,1.639592523925158e-05,0.9988209815422262,0.0,0.0
case_06,B,50,0.9988209815422262,-0.9948462247926799,6.95042261885649e-07,1.3280699443793552e-05,0.9988209815422262,0.0,0.0
case_06,B,51,0.9988209815422262,-0.995361602313412,6.95042261885649e-07,1.0757366549472572e-05,0.9988209815422262,0.0,0.0
case_06,B,52,0.9988209815422262,-0.9958254420820708,6.95042261885649e-07,8.71346690507269e-06,0.9988209815422262,0.0,0.0
case_06,B,53,0.9988209815422262,-0.9962428978738638,6.95042261885649e-07,7.05790819310867e-06,0.9988209815422262,0.0,0.0
case_06,B,54,0.9988209815422262,-0.9966186080864774,6.95042261885649e-07,5.716905636418023e-06,0.9988209815422262,0.0,0.0
case_06,B,55,0.9988209815422262,-0.9969567472778297,6.95042261885649e-07,4.630693565498531e-06,0.9988209815422262,0.0,0.0
case_06,B,56,0.9988209815422262,-0.9972610725500467,6.95042261885649e-07,3.7508617880538406e-06,0.9988209815422262,0.0,0.0
case_06,B,57,0.9988209815422262,-0.997534965295042,6.95042261885649e-07,3.0381980483235836e-06,0.9988209815422262,0.0,0.0
case_06,B,58,0.9988209815422262,-0.9977814687655379,6.95042261885649e-07,2.460940419142053e-06,0.9988209815422262,0.0,0.0
case_06,B,59,0.9988209815422262,-0.9980033218889841,6.95042261885649e-07,1.993361739504997e-06,0.9988209815422262,0.0,0.0
case_06,B,60,0.9988209815422262,-0.9982029897000857,6.95042261885649e-07,1.6146230089990474e-06,0.9988209815422262,0.0,0.0
case_06,B,61,0.9988209815422262,-0.9983826907300771,6.95042261885649e-07,1.3078446372892283e-06,0.9988209815422262,0.0,0.0
case_06,B,62,0.9988209815422262,-0.9985444216570694,6.95042261885649e-07,1.0593541562043557e-06,0.9988209815422262,0.0,0.0
case_06,B,63,0.9988209815422262,-0.9986899794913624,6.95042261885649e-07,8.580768665255572e-07,0.9988209815422262,0.0,0.0
case_06,B,64,0.9988209815422262,-0.9988209815422262,6.95042261885649e-07,6.95042261885649e-07,0.9988209815422262,0.0,0.0
case_07,A,1,0.1,0.0,0.405,0.5,0.1,,-0.09499999999999997
case_07,A,2,0.19,0.0,0.32805000000000006,0.5,0.19,,-0.07694999999999996
case_07,A,3,0.271,0.0,0.26572049999999997,0.5,0.271,,-0.06232950000000009
case_07,A,4,0.34390000000000004,0.0,0.21523360499999994,0.5,0.34390000000000004,,-0.05048689500000003
case_07,A,5,0.40951000000000004,0.0,0.17433922004999997,0.5,0.40951000000000004,,-0.04089438494999997
case_07,A,6,0.46855900000000006,0.0,0.14121476824049997,0.5,0.46855900000000006,,-0.033124451809499994
case_07,A,7,0.5217031000000001,0.0,0.11438396227480496,0.5,0.5217031000000001,,-0.02683080596569501
case_07,A,8,0.5695327900000001,0.0,0.092651009442592,0.5,0.5695327900000001,,-0.021732952832212965
case_07,A,9,0.6125795110000001,0.0,0.07504731764849953,0.5,0.6125795110000001,,-0.017603691794092463
case_07,A,10,0.6513215599000001,0.0,0.06078832729528462,0.5,0.6513215599000001,,-0.014258990353214915
case_07,A,11,0.68618940391,0.0,0.04923854510918055,0.5,0.68618940391,,-0.011549782186104071
case_07,A,12,0.717570463519,0.0,0.03988322153843626,0.5,0.717570463519,,-0.00935532357074429
case_07,A,13,0.7458134171671,0.0,0.03230540944613336,0.5,0.7458134171671,,-0.007577812092302898
case_07,A,14,0.7712320754503901,0.0,0.026167381651368008,0.5,0.7712320754503901,,-0.0061380277947653515
case_07,A,15,0.7941088679053511,0.0,0.021195579137608087,0.5,0.7941088679053511,,-0.004971802513759921
case_07,A,16,0.814697981114816,0.0,0.017168419101462554,0.5,0.814697981114816,,-0.004027160036145533
case_07,A,17,0.8332281830033343,0.0,0.01390641947218467,0.5,0.8332281830033343,,-0.003261999629277885
case_07,A,18,0.8499053647030009,0.0,0.011264199772469579,0.5,0.8499053647030009,,-0.002642219699715091
case_07,A,19,0.8649148282327008,0.0,0.009124001815700361,0.5,0.8649148282327008,,-0.0021401979567692176
case_07,A,20,0.8784233454094308,0.0,0.0073904414707172865,0.5,0.8784233454094308,,-0.0017335603449830745
case_07,A,21,0.8905810108684877,0.0,0.005986257591281,0.5,0.8905810108684877,,-0.0014041838794362866
case_07,A,22,0.901522909781639,0.0,0.0048488686489376095,0.5,0.901522909781639,,-0.0011373889423433904
case_07,A,23,0.911370618803475,0.0,0.003927583605639467,0.5,0.911370618803475,,-0.0009212850432981428
case_07,A,24,0.9202335569231275,0.0,0.0031813427205679727,0.5,0.9202335569231275,,-0.000746240885071494
case_07,A,25,0.9282102012308148,0.0,0.0025768876036600546,0.5,0.9282102012308148,,-0.0006044551169079181
case_07,A,26,0.9353891811077333,0.0,0.002087278958964645,0.5,0.9353891811077333,,-0.0004896086446954098
case_07,A,27,0.94185026299696,0.0,0.0016906959567613625,0.5,0.94185026299696,,-0.0003965830022032823
case_07,A,28,0.947665236697264,0.0,0.0013694637249767017,0.5,0.947665236697264,,-0.00032123223178466076
case_07,A,29,0.9528987130275376,0.0,0.0011092656172311285,0.5,0.9528987130275376,,-0.0002601981077455732
case_07,A,30,0.9576088417247839,0.0,0.0008985051499572118,0.5,0.9576088417247839,,-0.00021076046727391677
case_07,A,31,0.9618479575523055,0.0,0.0007277891714653432,0.5,0.9618479575523055,,-0.00017071597849186858
case_07,A,32,0.9656631617970749,0.0,0.0005895092288869284,0.5,0.9656631617970749,,-0.00013827994257841478
case_07,A,33,0.9690968456173674,0.0,0.00047750247539841165,0.5,0.9690968456173674,,-0.00011200675348851675
case_07,A,34,0.9721871610556306,0.0,0.00038677700507271464,0.5,0.9721871610556306,,-9.0725470325697e-05
case_07,A,35,0.9749684449500675,0.0,0.0003132893741089003,0.5,0.9749684449500675,,-7.348763096381436e-05
case_07,A,36,0.9774716004550608,0.0,0.0002537643930282092,0.5,0.9774716004550608,,-5.952498108069106e-05
case_07,A,37,0.9797244404095546,0.0,0.00020554915835285036,0.5,0.9797244404095546,,-4.821523467535887e-05
case_07,A,38,0.9817519963685992,0.0,0.00016649481826580797,0.5,0.9817519963685992,,-3.9054340087042386e-05
case_07,A,39,0.9835767967317393,0.0,0.0001348608027953052,0.5,0.9835767967317393,,-3.1634015470502784e-05
case_07,A,40,0.9852191170585654,0.0,0.00010923725026419688,0.5,0.9852191170585654,,-2.5623552531108305e-05
case_07,A,41,0.9866972053527088,0.0,8.848217271400007e-05,0.5,0.9866972053527088,,-2.0755077550196815e-05
case_07,A,42,0.9880274848174379,0.0,7.167055989834058e-05,0.5,0.9880274848174379,,-1.681161281565949e-05
case_07,A,43,0.9892247363356941,0.0,5.8053153517655756e-05,0.5,0.9892247363356941,,-1.3617406380684822e-05
case_07,A,44,0.9903022627021246,0.0,4.702305434930159e-05,0.5,0.9903022627021246,,-1.1030099168354167e-05
case_07,A,45,0.9912720364319122,0.0,3.8088674022933995e-05,0.5,0.9912720364319122,,-8.934380326367594e-06
case_07,A,46,0.992144832788721,0.0,3.085182595857627e-05,0.5,0.992144832788721,,-7.236848064357722e-06
case_07,A,47,0.9929303495098489,0.0,2.4989979026446627e-05,0.5,0.9929303495098489,,-5.861846932129646e-06
case_07,A,48,0.9936373145588641,0.0,2.0241883011421626e-05,0.5,0.9936373145588641,,-4.748096015025001e-06
case_07,A,49,0.9942735831029776,0.0,1.639592523925158e-05,0.5,0.9942735831029776,,-3.845957772170047e-06
case_07,A,50,0.9948462247926799,0.0,1.3280699443793552e-05,0.5,0.9948462247926799,,-3.115225795458028e-06
case_07,A,51,0.995361602313412,0.0,1.0757366549472572e-05,0.5,0.995361602313412,,-2.52333289432098e-06
case_07,A,52,0.9958254420820708,0.0,8.71346690507269e-06,0.5,0.9958254420820708,,-2.0438996443998826e-06
case_07,A,53,0.9962428978738638,0.0,7.05790819310867e-06,0.5,0.9962428978738638,,-1.655558711964019e-06
case_07,A,54,0.9966186080864774,0.0,5.716905636418023e-06,0.5,0.9966186080864774,,-1.3410025566906477e-06
case_07,A,55,0.9969567472778297,0.0,4.630693565498531e-06,0.5,0.9969567472778297,,-1.0862120709194913e-06
case_07,A,56,0.9972610725500467,0.0,3.7508617880538406e-06,0.5,0.9972610725500467,,-8.798317774446906e-07
case_07,A,57,0.997534965295042,0.0,3.0381980483235836e-06,0.5,0.997534965295042,,-7.12663739730257e-07
case_07,A,58,0.9977814687655379,0.0,2.460940419142053e-06,0.5,0.9977814687655379,,-5.772576291815305e-07
case_07,A,59,0.9980033218889841,0.0,1.993361739504997e-06,0.5,0.9980033218889841,,-4.6757867963705627e-07
case_07,A,60,0.9982029897000857,0.0,1.6146230089990474e-06,0.5,0.9982029897000857,,-3.7873873050594947e-07
case_07,A,61,0.9983826907300771,0.0,1.3078446372892283e-06,0.5,0.9983826907300771,,-3.067783717098191e-07
case_07,A,62,0.9985444216570694,0.0,1.0593541562043557e-06,0.5,0.9985444216570694,,-2.484904810848726e-07
case_07,A,63,0.9986899794913624,0.0,8.580768665255572e-07,0.5,0.9986899794913624,,-2.0127728967879852e-07
case_07,A,64,0.9988209815422262,0.0,6.95042261885649e-07,0.5,0.9988209815422262,,-1.6303460463990822e-07
case_07,B,1,0.9988209815422262,0.1,6.95042261885649e-07,0.405,0.9988209815422262,0.0,0.0
case_07,B,2,0.9988209815422262,0.19,6.95042261885649e-07,0.32805000000000006,0.9988209815422262,0.0,0.0
case_07,B,3,0.9988209815422262,0.271,6.95042261885649e-07,0.26572049999999997,0.9988209815422262,0.0,0.0
case_07,B,4,0.9988209815422262,0.34390000000000004,6.95042261885649e-07,0.21523360499999994,0.9988209815422262,0.0,0.0
case_07,B,5,0.9988209815422262,0.40951000000000004,6.95042261885649e-07,0.17433922004999997,0.9988209815422262,0.0,0.0
case_07,B,6,0.9988209815422262,0.46855900000000006,6.95042261885649e-07,0.14121476824049997,0.9988209815422262,0.0,0.0
case_07,B,7,0.9988209815422262,0.5217031000000001,6.95042261885649e-07,0.11438396227480496,0.9988209815422262,0.0,0.0
case_07,B,8,0.9988209815422262,0.5695327900000001,6.95042261885649e-07,0.092651009442592,0.9988209815422262,0.0,0.0
case_07,B,9,0.9988209815422262,0.6125795110000001,6.95042261885649e-07,0.07504731764849953,0.9988209815422262,0.0,0.0
case_07,B,10,0.9988209815422262,0.6513215599000001,6.95042261885649e-07,0.06078832729528462,0.9988209815422262,0.0,0.0
case_07,B,11,0.9988209815422262,0.68618940391,6.95042261885649e-07,0.04923854510918055,0.9988209815422262,0.0,0.0
case_07,B,12,0.9988209815422262,0.717570463519,6.95042261885649e-07,0.03988322153843626,0.9988209815422262,0.0,0.0
case_07,B,13,0.9988209815422262,0.7458134171671,6.95042261885649e-07,0.03230540944613336,0.9988209815422262,0.0,0.0
case_07,B,14,0.9988209815422262,0.7712320754503901,6.95042261885649e-07,0.026167381651368008,0.9988209815422262,0.0,0.0
case_07,B,15,0.9988209815422262,0.7941088679053511,6.95042261885649e-07,0.021195579137608087,0.9988209815422262,0.0,0.0
case_07,B,16,0.9988209815422262,0.814697981114816,6.95042261885649e-07,0.017168419101462554,0.9988209815422262,0.0,0.0
case_07,B,17,0.9988209815422262,0.8332281830033343,6.95042261885649e-07,0.01390641947218467,0.9988209815422262,0.0,0.0
case_07,B,18,0.9988209815422262,0.8499053647030009,6.95042261885649e-07,0.011264199772469579,0.9988209815422262,0.0,0.0
case_07,B,19,0.9988209815422262,0.8649148282327008,6.95042261885649e-07,0.009124001815700361,0.9988209815422262,0.0,0.0
case_07,B,20,0.9988209815422262,0.8784233454094308,6.95042261885649e-07,0.0073904414707172865,0.9988209815422262,0.0,0.0
case_07,B,21,0.9988209815422262,0.8905810108684877,6.95042261885649e-07,0.005986257591281,0.9988209815422262,0.0,0.0
case_07,B,22,0.9988209815422262,0.901522909781639,6.95042261885649e-07,0.0048488686489376095,0.9988209815422262,0.0,0.0
case_07,B,23,0.9988209815422262,0.911370618803475,6.95042261885649e-07,0.003927583605639467,0.9988209815422262,0.0,0.0
case_07,B,24,0.9988209815422262,0.9202335569231275,6.95042261885649e-07,0.0031813427205679727,0.9988209815422262,0.0,0.0
case_07,B,25,0.9988209815422262,0.9282102012308148,6.95042261885649e-07,0.0025768876036600546,0.9988209815422262,0.0,0.0
case_07,B,26,0.9988209815422262,0.9353891811077333,6.95042261885649e-07,0.002087278958964645,0.9988209815422262,0.0,0.0
case_07,B,27,0.9988209815422262,0.94185026299696,6.95042261885649e-07,0.0016906959567613625,0.9988209815422262,0.0,0.0
case_07,B,28,0.9988209815422262,0.947665236697264,6.95042261885649e-07,0.0013694637249767017,0.9988209815422262,0.0,0.0
case_07,B,29,0.9988209815422262,0.9528987130275376,6.95042261885649e-07,0.0011092656172311285,0.9988209815422262,0.0,0.0
case_07,B,30,0.9988209815422262,0.9576088417247839,6.95042261885649e-07,0.0008985051499572118,0.9988209815422262,0.0,0.0
case_07,B,31,0.9988209815422262,0.9618479575523055,6.95042261885649e-07,0.0007277891714653432,0.9988209815422262,0.0,0.0
case_07,B,32,0.9988209815422262,0.9656631617970749,6.95042261885649e-07,0.0005895092288869284,0.9988209815422262,0.0,0.0
case_07,B,33,0.9988209815422262,0.9690968456173674,6.95042261885649e-07,0.00047750247539841165,0.9988209815422262,0.0,0.0
case_07,B,34,0.9988209815422262,0.9721871610556306,6.95042261885649e-07,0.00038677700507271464,0.9988209815422262,0.0,0.0
case_07,B,35,0.9988209815422262,0.9749684449500675,6.95042261885649e-07,0.0003132893741089003,0.9988209815422262,0.0,0.0
case_07,B,36,0.9988209815422262,0.9774716004550608,6.95042261885649e-07,0.0002537643930282092,0.9988209815422262,0.0,0.0
case_07,B,37,0.9988209815422262,0.9797244404095546,6.95042261885649e-07,0.00020554915835285036,0.9988209815422262,0.0,0.0
case_07,B,38,0.9988209815422262,0.9817519963685992,6.95042261885649e-07,0.00016649481826580797,0.9988209815422262,0.0,0.0
case_07,B,39,0.9988209815422262,0.9835767967317393,6.95042261885649e-07,0.0001348608027953052,0.9988209815422262,0.0,0.0
case_07,B,40,0.9988209815422262,0.9852191170585654,6.95042261885649e-07,0.00010923725026419688,0.9988209815422262,0.0,0.0
case_07,B,41,0.9988209815422262,0.9866972053527088,6.95042261885649e-07,8.848217271400007e-05,0.9988209815422262,0.0,0.0
case_07,B,42,0.9988209815422262,0.9880274848174379,6.95042261885649e-07,7.167055989834058e-05,0.9988209815422262,0.0,0.0
case_07,B,43,0.9988209815422262,0.9892247363356941,6.95042261885649e-07,5.8053153517655756e-05,0.9988209815422262,0.0,0.0
case_07,B,44,0.9988209815422262,0.9903022627021246,6.95042261885649e-07,4.702305434930159e-05,0.9988209815422262,0.0,0.0
case_07,B,45,0.9988209815422262,0.9912720364319122,6.95042261885649e-07,3.8088674022933995e-05,0.9988209815422262,0.0,0.0
case_07,B,46,0.9988209815422262,0.992144832788721,6.95042261885649e-07,3.085182595857627e-05,0.9988209815422262,0.0,0.0
case_07,B,47,0.9988209815422262,0.9929303495098489,6.95042261885649e-07,2.4989979026446627e-05,0.9988209815422262,0.0,0.0
case_07,B,48,0.9988209815422262,0.9936373145588641,6.95042261885649e-07,2.0241883011421626e-05,0.9988209815422262,0.0,0.0
case_07,B,49,0.9988209815422262,0.9942735831029776,6.95042261885649e-07,1.639592523925158e-05,0.9988209815422262,0.0,0.0
case_07,B,50,0.9988209815422262,0.9948462247926799,6.95042261885649e-07,1.3280699443793552e-05,0.9988209815422262,0.0,0.0
case_07,B,51,0.9988209815422262,0.995361602313412,6.95042261885649e-07,1.0757366549472572e-05,0.9988209815422262,0.0,0.0
case_07,B,52,0.9988209815422262,0.9958254420820708,6.95042261885649e-07,8.71346690507269e-06,0.9988209815422262,0.0,0.0
case_07,B,53,0.9988209815422262,0.9962428978738638,6.95042261885649e-07,7.05790819310867e-06,0.9988209815422262,0.0,0.0
case_07,B,54,0.9988209815422262,0.9966186080864774,6.95042261885649e-07,5.716905636418023e-06,0.9988209815422262,0.0,0.0
case_07,B,55,0.9988209815422262,0.9969567472778297,6.95042261885649e-07,4.630693565498531e-06,0.9988209815422262,0.0,0.0
case_07,B,56,0.9988209815422262,0.9972610725500467,6.95042261885649e-07,3.7508617880538406e-06,0.9988209815422262,0.0,0.0
case_07,B,57,0.9988209815422262,0.997534965295042,6.95042261885649e-07,3.0381980483235836e-06,0.9988209815422262,0.0,0.0
case_07,B,58,0.9988209815422262,0.9977814687655379,6.95042261885649e-07,2.460940419142053e-06,0.9988209815422262,0.0,0.0
case_07,B,59,0.9988209815422262,0.9980033218889841,6.95042261885649e-07,1.993361739504997e-06,0.9988209815422262,0.0,0.0
case_07,B,60,0.9988209815422262,0.9982029897000857,6.95042261885649e-07,1.6146230089990474e-06,0.9988209815422262,0.0,0.0
case_07,B,61,0.9988209815422262,0.9983826907300771,6.95042261885649e-07,1.3078446372892283e-06,0.9988209815422262,0.0,0.0
case_07,B,62,0.9988209815422262,0.9985444216570694,6.95042261885649e-07,1.0593541562043557e-06,0.9988209815422262,0.0,0.0
case_07,B,63,0.9988209815422262,0.9986899794913624,6.95042261885649e-07,8.580768665255572e-07,0.9988209815422262,0.0,0.0
case_07,B,64,0.9988209815422262,0.9988209815422262,6.95042261885649e-07,6.95042261885649e-07,0.9988209815422262,0.0,0.0
case_08,A,1,-0.1,-0.07071067811865475,0.405,0.4317893218813453,-0.1,,-0.09499999999999997
case_08,A,2,-0.19,-0.13435028842544403,0.32805000000000006,0.37467471157455595,-0.19,,-0.07694999999999996
case_08,A,3,-0.271,-0.19162593770155437,0.26572049999999997,0.32673431229844563,-0.271,,-0.06232950000000009
case_08,A,4,-0.34390000000000004,-0.2431740220500537,0.21523360499999994,0.2863927804499463,-0.34390000000000004,,-0.05048689500000003
case_08,A,5,-0.40951000000000004,-0.28956729796370306,0.17433922004999997,0.2523573120612969,-0.40951000000000004,,-0.04089438494999997
case_08,A,6,-0.46855900000000006,-0.3313212462859875,0.14121476824049997,0.22356563783426245,-0.46855900000000006,,-0.033124451809499994
case_08,A,7,-0.5217031000000001,-0.36889979977604354,0.11438396227480496,0.19914373136135902,-0.5217031000000001,,-0.02683080596569501
case_08,A,8,-0.5695327900000001,-0.40272049791709397,0.092651009442592,0.17837140180420208,-0.5695327900000001,,-0.021732952832212965
case_08,A,9,-0.6125795110000001,-0.4331591262440393,0.07504731764849953,0.16065428808021048,-0.6125795110000001,,-0.017603691794092463
case_08,A,10,-0.6513215599000001,-0.4605538917382901,0.06078832729528462,0.14550105185935222,-0.6513215599000001,,-0.014258990353214915
case_08,A,11,-0.68618940391,-0.48520918068311586,0.04923854510918055,0.13250479382647445,-0.68618940391,,-0.011549782186104071
case_08,A,12,-0.717570463519,-0.5073989407334589,0.03988322153843626,0.12132790179525915,-0.717570463519,,-0.00935532357074429
case_08,A,13,-0.7458134171671,-0.5273697247787679,0.03230540944613336,0.11168968852784882,-0.7458134171671,,-0.007577812092302898
case_08,A,14,-0.7712320754503901,-0.5453434304195458,0.026167381651368008,0.1033562981313332,-0.7712320754503901,,-0.0061380277947653515
case_08,A,15,-0.7941088679053511,-0.561519765496246,0.021195579137608087,0.09613245802523353,-0.7941088679053511,,-0.004971802513759921
case_08,A,16,-0.814697981114816,-0.5760784670652761,0.017168419101462554,0.0898547330428631,-0.814697981114816,,-0.004027160036145533
case_08,A,17,-0.8332281830033343,-0.5891812984774033,0.01390641947218467,0.0843860027603562,-0.8332281830033343,,-0.003261999629277885
case_08,A,18,-0.8499053647030009,-0.6009738467483177,0.011264199772469579,0.07961093548941754,-0.8499053647030009,,-0.002642219699715091
case_08,A,19,-0.8649148282327008,-0.6115871401921407,0.009124001815700361,0.0754322748320599,-0.8649148282327008,,-0.0021401979567692176
case_08,A,20,-0.8784233454094308,-0.6211391042915814,0.0073904414707172865,0.07176778914849263,-0.8784233454094308,,-0.0017335603449830745
case_08,A,21,-0.8905810108684877,-0.629735871981078,0.005986257591281,0.06854776224880631,-0.8905810108684877,,-0.0014041838794362866
case_08,A,22,-0.901522909781639,-0.6374729629016249,0.0048488686489376095,0.06571292631366331,-0.901522909781639,,-0.0011373889423433904
case_08,A,23,-0.911370618803475,-0.6444363447301171,0.003927583605639467,0.06321275647444005,-0.911370618803475,,-0.0009212850432981428
case_08,A,24,-0.9202335569231275,-0.6507033883757601,0.0031813427205679727,0.061004061446087526,-0.9202335569231275,,-0.000746240885071494
case_08,A,25,-0.9282102012308148,-0.6563437276568389,0.0025768876036600546,0.05904981676039846,-0.9282102012308148,,-0.0006044551169079181
case_08,A,26,-0.9353891811077333,-0.6614200330098098,0.002087278958964645,0.05731819702353915,-0.9353891811077333,,-0.0004896086446954098
case_08,A,27,-0.94185026299696,-0.6659887078274835,0.0016906959567613625,0.05578177164937708,-0.94185026299696,,-0.0003965830022032823
case_08,A,28,-0.947665236697264,-0.67010051516339,0.0013694637249767017,0.054416835047730344,-0.947665236697264,,-0.00032123223178466076
case_08,A,29,-0.9528987130275376,-0.6738011417657057,0.0011092656172311285,0.05320284755667861,-0.9528987130275376,,-0.0002601981077455732
case_08,A,30,-0.9576088417247839,-0.6771317057077899,0.0008985051499572118,0.05212196772958059,-0.9576088417247839,,-0.00021076046727391677
case_08,A,31,-0.9618479575523055,-0.6801292132556657,0.0007277891714653432,0.05115866010621971,-0.9618479575523055,,-0.00017071597849186858
case_08,A,32,-0.9656631617970749,-0.6828269700487538,0.0005895092288869284,0.05029936546422706,-0.9656631617970749,,-0.00013827994257841478
case_08,A,33,-0.9690968456173674,-0.6852549511625332,0.00047750247539841165,0.049532222883849675,-0.9690968456173674,,-0.00011200675348851675
case_08,A,34,-0.9721871610556306,-0.6874401341649345,0.00038677700507271464,0.048846834865417056,-0.9721871610556306,,-9.0725470325697e-05
case_08,A,35,-0.9749684449500675,-0.6894067988670959,0.0003132893741089003,0.04823406829499231,-0.9749684449500675,,-7.348763096381436e-05
case_08,A,36,-0.9774716004550608,-0.691176797099041,0.0002537643930282092,0.047685885325003445,-0.9774716004550608,,-5.952498108069106e-05
case_08,A,37,-0.9797244404095546,-0.6927697955077916,0.00020554915835285036,0.04719519927616209,-0.9797244404095546,,-4.821523467535887e-05
case_08,A,38,-0.9817519963685992,-0.6942034940756673,0.00016649481826580797,0.046755751517765225,-0.9817519963685992,,-3.9054340087042386e-05
case_08,A,39,-0.9835767967317393,-0.6954938227867552,0.0001348608027953052,0.046362005980512024,-0.9835767967317393,,-3.1634015470502784e-05
case_08,A,40,-0.9852191170585654,-0.6966551186267345,0.00010923725026419688,0.04600905852768027,-0.9852191170585654,,-2.5623552531108305e-05
case_08,A,41,-0.9866972053527088,-0.6977002848827157,8.848217271400007e-05,0.04569255887999561,-0.9866972053527088,,-2.0755077550196815e-05
case_08,A,42,-0.9880274848174379,-0.6986409345130988,7.167055989834058e-05,0.0454086431755692,-0.9880274848174379,,-1.681161281565949e-05
case_08,A,43,-0.9892247363356941,-0.6994875191804437,5.8053153517655756e-05,0.04515387556416209,-0.9892247363356941,,-1.3617406380684822e-05
case_08,A,44,-0.9903022627021246,-0.700249445381054,4.702305434930159e-05,0.04492519749718285,-0.9903022627021246,,-1.1030099168354167e-05
case_08,A,45,-0.9912720364319122,-0.7009351789616034,3.8088674022933995e-05,0.04471988359136409,-0.9912720364319122,,-8.934380326367594e-06
case_08,A,46,-0.992144832788721,-0.7015523391840979,3.085182595857627e-05,0.04453550312324188,-0.992144832788721,,-7.236848064357722e-06
case_08,A,47,-0.9929303495098489,-0.7021077833843429,2.4989979026446627e-05,0.04436988636009479,-0.9929303495098489,,-5.861846932129646e-06
case_08,A,48,-0.9936373145588641,-0.7026076831645633,2.0241883011421626e-05,0.04422109505637437,-0.9936373145588641,,-4.748096015025001e-06
case_08,A,49,-0.9942735831029776,-0.7030575929667617,1.639592523925158e-05,0.044087396547346676,-0.9942735831029776,,-3.845957772170047e-06
case_08,A,50,-0.9948462247926799,-0.7034625117887403,1.3280699443793552e-05,0.04396724095732149,-0.9948462247926799,,-3.115225795458028e-06
case_08,A,51,-0.995361602313412,-0.7038269387285211,1.0757366549472572e-05,0.0438592411114596,-0.995361602313412,,-2.52333289432098e-06
case_08,A,52,-0.9958254420820708,-0.7041549229743237,8.71346690507269e-06,0.043762154800164176,-0.9958254420820708,,-2.0438996443998826e-06
case_08,A,53,-0.9962428978738638,-0.7044501087955461,7.05790819310867e-06,0.04367486909548225,-0.9962428978738638,,-1.655558711964019e-06
case_08,A,54,-0.9966186080864774,-0.7047157760346463,5.716905636418023e-06,0.043596386461410584,-0.9966186080864774,,-1.3410025566906477e-06
case_08,A,55,-0.9969567472778297,-0.7049548765498365,4.630693565498531e-06,0.04352581243586112,-0.9969567472778297,,-1.0862120709194913e-06
case_08,A,56,-0.9972610725500467,-0.7051700670135075,3.7508617880538406e-06,0.04346234469240983,-0.9972610725500467,,-8.798317774446906e-07
case_08,A,57,-0.997534965295042,-0.7053637384308115,3.0381980483235836e-06,0.04340526331573365,-0.997534965295042,,-7.12663739730257e-07
case_08,A,58,-0.9977814687655379,-0.7055380427063851,2.460940419142053e-06,0.043353922146593345,-0.9977814687655379,,-5.772576291815305e-07
case_08,A,59,-0.9980033218889841,-0.7056949165544014,1.993361739504997e-06,0.04330774107096037,-0.9980033218889841,,-4.6757867963705627e-07
case_08,A,60,-0.9982029897000857,-0.705836103017616,1.6146230089990474e-06,0.04326619914393131,-0.9982029897000857,,-3.7873873050594947e-07
case_08,A,61,-0.9983826907300771,-0.7059631708345091,1.3078446372892283e-06,0.04322882845284804,-0.9983826907300771,,-3.067783717098191e-07
case_08,A,62,-0.9985444216570694,-0.7060775318697129,1.0593541562043557e-06,0.04319520863589982,-0.9985444216570694,,-2.484904810848726e-07
case_08,A,63,-0.9986899794913624,-0.7061804568013964,8.580768665255572e-07,0.04316496198271804,-0.9986899794913624,,-2.0127728967879852e-07
case_08,A,64,-0.9988209815422262,-0.7062730892399115,6.95042261885649e-07,0.043137749052332496,-0.9988209815422262,,-1.6303460463990822e-07
case_08,B,1,-0.9988209815422262,-0.7062730892399115,6.95042261885649e-07,0.043137749052332496,-0.9988209815422262,0.0,0.0
case_08,B,2,-0.9988209815422262,-0.7062730892399115,6.95042261885649e-07,0.043137749052332496,-0.9988209815422262,0.0,0.0
case_08,B,3,-0.9988209815422262,-0.7062730892399115,6.95042261885649e-07,0.043137749052332496,-0.9988209815422262,0.0,0.0
case_08,B,4,-0.9988209815422262,-0.7062730892399115,6.95042261885649e-07,0.043137749052332496,-0.9988209815422262,0.0,0.0
case_08,B,5,-0.9988209815422262,-0.7062730892399115,6.95042261885649e-07,0.043137749052332496,-0.9988209815422262,0.0,0.0
case_08,B,6,-0.9988209815422262,-0.7062730892399115,6.95042261885649e-07,0.043137749052332496,-0.9988209815422262,0.0,0.0
case_08,B,7,-0.9988209815422262,-0.7062730892399115,6.95042261885649e-07,0.043137749052332496,-0.9988209815422262,0.0,0.0
case_08,B,8,-0.9988209815422262,-0.7062730892399115,6.95042261885649e-07,0.043137749052332496,-0.9988209815422262,0.0,0.0
case_08,B,9,-0.9988209815422262,-0.7062730892399115,6.95042261885649e-07,0.043137749052332496,-0.9988209815422262,0.0,0.0
case_08,B,10,-0.9988209815422262,-0.7062730892399115,6.95042261885649e-07,0.043137749052332496,-0.9988209815422262,0.0,0.0
case_08,B,11,-0.9988209815422262,-0.7062730892399115,6.95042261885649e-07,0.043137749052332496,-0.9988209815422262,0.0,0.0
case_08,B,12,-0.9988209815422262,-0.7062730892399115,6.95042261885649e-07,0.043137749052332496,-0.9988209815422262,0.0,0.0
case_08,B,13,-0.9988209815422262,-0.7062730892399115,6.95042261885649e-07,0.043137749052332496,-0.9988209815422262,0.0,0.0
case_08,B,14,-0.9988209815422262,-0.7062730892399115,6.95042261885649e-07,0.043137749052332496,-0.9988209815422262,0.0,0.0
case_08,B,15,-0.9988209815422262,-0.7062730892399115,6.95042261885649e-07,0.043137749052332496,-0.9988209815422262,0.0,0.0
case_08,B,16,-0.9988209815422262,-0.7062730892399115,6.95042261885649e-07,0.043137749052332496,-0.9988209815422262,0.0,0.0
case_08,B,17,-0.9988209815422262,-0.7062730892399115,6.95042261885649e-07,0.043137749052332496,-0.9988209815422262,0.0,0.0
case_08,B,18,-0.9988209815422262,-0.7062730892399115,6.95042261885649e-07,0.043137749052332496,-0.9988209815422262,0.0,0.0
case_08,B,19,-0.9988209815422262,-0.7062730892399115,6.95042261885649e-07,0.043137749052332496,-0.9988209815422262,0.0,0.0
case_08,B,20,-0.9988209815422262,-0.7062730892399115,6.95042261885649e-07,0.043137749052332496,-0.9988209815422262,0.0,0.0
case_08,B,21,-0.9988209815422262,-0.7062730892399115,6.95042261885649e-07,0.043137749052332496,-0.9988209815422262,0.0,0.0
case_08,B,22,-0.9988209815422262,-0.7062730892399115,6.95042261885649e-07,0.043137749052332496,-0.9988209815422262,0.0,0.0
case_08,B,23,-0.9988209815422262,-0.7062730892399115,6.95042261885649e-07,0.043137749052332496,-0.9988209815422262,0.0,0.0
case_08,B,24,-0.9988209815422262,-0.7062730892399115,6.95042261885649e-07,0.043137749052332496,-0.9988209815422262,0.0,0.0
case_08,B,25,-0.9988209815422262,-0.7062730892399115,6.95042261885649e-07,0.043137749052332496,-0.9988209815422262,0.0,0.0
case_08,B,26,-0.9988209815422262,-0.7062730892399115,6.95042261885649e-07,0.043137749052332496,-0.9988209815422262,0.0,0.0
case_08,B,27,-0.9988209815422262,-0.7062730892399115,6.95042261885649e-07,0.043137749052332496,-0.9988209815422262,0.0,0.0
case_08,B,28,-0.9988209815422262,-0.7062730892399115,6.95042261885649e-07,0.043137749052332496,-0.9988209815422262,0.0,0.0
case_08,B,29,-0.9988209815422262,-0.7062730892399115,6.95042261885649e-07,0.043137749052332496,-0.9988209815422262,0.0,0.0
case_08,B,30,-0.9988209815422262,-0.7062730892399115,6.95042261885649e-07,0.043137749052332496,-0.9988209815422262,0.0,0.0
case_08,B,31,-0.9988209815422262,-0.7062730892399115,6.95042261885649e-07,0.043137749052332496,-0.9988209815422262,0.0,0.0
case_08,B,32,-0.9988209815422262,-0.7062730892399115,6.95042261885649e-07,0.043137749052332496,-0.9988209815422262,0.0,0.0
case_08,B,33,-0.9988209815422262,-0.7062730892399115,6.95042261885649e-07,0.043137749052332496,-0.9988209815422262,0.0,0.0
case_08,B,34,-0.9988209815422262,-0.7062730892399115,6.95042261885649e-07,0.043137749052332496,-0.9988209815422262,0.0,0.0
case_08,B,35,-0.9988209815422262,-0.7062730892399115,6.95042261885649e-07,0.043137749052332496,-0.9988209815422262,0.0,0.0
case_08,B,36,-0.9988209815422262,-0.7062730892399115,6.95042261885649e-07,0.043137749052332496,-0.9988209815422262,0.0,0.0
case_08,B,37,-0.9988209815422262,-0.7062730892399115,6.95042261885649e-07,0.043137749052332496,-0.9988209815422262,0.0,0.0
case_08,B,38,-0.9988209815422262,-0.7062730892399115,6.95042261885649e-07,0.043137749052332496,-0.9988209815422262,0.0,0.0
case_08,B,39,-0.9988209815422262,-0.7062730892399115,6.95042261885649e-07,0.043137749052332496,-0.9988209815422262,0.0,0.0
case_08,B,40,-0.9988209815422262,-0.7062730892399115,6.95042261885649e-07,0.043137749052332496,-0.9988209815422262,0.0,0.0
case_08,B,41,-0.9988209815422262,-0.7062730892399115,6.95042261885649e-07,0.043137749052332496,-0.9988209815422262,0.0,0.0
case_08,B,42,-0.9988209815422262,-0.7062730892399115,6.95042261885649e-07,0.043137749052332496,-0.9988209815422262,0.0,0.0
case_08,B,43,-0.9988209815422262,-0.7062730892399115,6.95042261885649e-07,0.043137749052332496,-0.9988209815422262,0.0,0.0
case_08,B,44,-0.9988209815422262,-0.7062730892399115,6.95042261885649e-07,0.043137749052332496,-0.9988209815422262,0.0,0.0
case_08,B,45,-0.9988209815422262,-0.7062730892399115,6.95042261885649e-07,0.043137749052332496,-0.9988209815422262,0.0,0.0
case_08,B,46,-0.9988209815422262,-0.7062730892399115,6.95042261885649e-07,0.043137749052332496,-0.9988209815422262,0.0,0.0
case_08,B,47,-0.9988209815422262,-0.7062730892399115,6.95042261885649e-07,0.043137749052332496,-0.9988209815422262,0.0,0.0
case_08,B,48,-0.9988209815422262,-0.7062730892399115,6.95042261885649e-07,0.043137749052332496,-0.9988209815422262,0.0,0.0
case_08,B,49,-0.9988209815422262,-0.7062730892399115,6.95042261885649e-07,0.043137749052332496,-0.9988209815422262,0.0,0.0
case_08,B,50,-0.9988209815422262,-0.7062730892399115,6.95042261885649e-07,0.043137749052332496,-0.9988209815422262,0.0,0.0
case_08,B,51,-0.9988209815422262,-0.7062730892399115,6.95042261885649e-07,0.043137749052332496,-0.9988209815422262,0.0,0.0
case_08,B,52,-0.9988209815422262,-0.7062730892399115,6.95042261885649e-07,0.043137749052332496,-0.9988209815422262,0.0,0.0
case_08,B,53,-0.9988209815422262,-0.7062730892399115,6.95042261885649e-07,0.043137749052332496,-0.9988209815422262,0.0,0.0
case_08,B,54,-0.9988209815422262,-0.7062730892399115,6.95042261885649e-07,0.043137749052332496,-0.9988209815422262,0.0,0.0
case_08,B,55,-0.9988209815422262,-0.7062730892399115,6.95042261885649e-07,0.043137749052332496,-0.9988209815422262,0.0,0.0
case_08,B,56,-0.9988209815422262,-0.7062730892399115,6.95042261885649e-07,0.043137749052332496,-0.9988209815422262,0.0,0.0
case_08,B,57,-0.9988209815422262,-0.7062730892399115,6.95042261885649e-07,0.043137749052332496,-0.9988209815422262,0.0,0.0
case_08,B,58,-0.9988209815422262,-0.7062730892399115,6.95042261885649e-07,0.043137749052332496,-0.9988209815422262,0.0,0.0
case_08,B,59,-0.9988209815422262,-0.7062730892399115,6.95042261885649e-07,0.043137749052332496,-0.9988209815422262,0.0,0.0
case_08,B,60,-0.9988209815422262,-0.7062730892399115,6.95042261885649e-07,0.043137749052332496,-0.9988209815422262,0.0,0.0
case_08,B,61,-0.9988209815422262,-0.7062730892399115,6.95042261885649e-07,0.043137749052332496,-0.9988209815422262,0.0,0.0
case_08,B,62,-0.9988209815422262,-0.7062730892399115,6.95042261885649e-07,0.043137749052332496,-0.9988209815422262,0.0,0.0
case_08,B,63,-0.9988209815422262,-0.7062730892399115,6.95042261885649e-07,0.043137749052332496,-0.9988209815422262,0.0,0.0
case_08,B,64,-0.9988209815422262,-0.7062730892399115,6.95042261885649e-07,0.043137749052332496,-0.9988209815422262,0.0,0.0
case_09,A,1,-0.1,-0.07071067811865475,0.405,0.5732106781186549,-0.1,,-0.09499999999999997
case_09,A,2,-0.19,-0.13435028842544403,0.32805000000000006,0.6433752884254439,-0.19,,-0.07694999999999996
case_09,A,3,-0.271,-0.19162593770155437,0.26572049999999997,0.7099861877015543,-0.271,,-0.06232950000000009
case_09,A,4,-0.34390000000000004,-0.2431740220500537,0.21523360499999994,0.7727408245500538,-0.34390000000000004,,-0.05048689500000003
case_09,A,5,-0.40951000000000004,-0.28956729796370306,0.17433922004999997,0.8314919079887029,-0.40951000000000004,,-0.04089438494999997
case_09,A,6,-0.46855900000000006,-0.3313212462859875,0.14121476824049997,0.8862081304062376,-0.46855900000000006,,-0.033124451809499994
case_09,A,7,-0.5217031000000001,-0.36889979977604354,0.11438396227480496,0.936943330913446,-0.5217031000000001,,-0.02683080596569501
case_09,A,8,-0.5695327900000001,-0.40272049791709397,0.092651009442592,0.98381239763839,-0.5695327900000001,,-0.021732952832212965
case_09,A,9,-0.6125795110000001,-0.4331591262440393,0.07504731764849953,1.026972540568289,-0.6125795110000001,,-0.017603691794092463
case_09,A,10,-0.6513215599000001,-0.4605538917382901,0.06078832729528462,1.0666088353359324,-0.6513215599000001,,-0.014258990353214915
case_09,A,11,-0.68618940391,-0.48520918068311586,0.04923854510918055,1.1029231551927061,-0.68618940391,,-0.011549782186104071
case_09,A,12,-0.717570463519,-0.5073989407334589,0.03988322153843626,1.136125783262177,-0.717570463519,,-0.00935532357074429
case_09,A,13,-0.7458134171671,-0.5273697247787679,0.03230540944613336,1.1664291380853846,-0.7458134171671,,-0.007577812092302898
case_09,A,14,-0.7712320754503901,-0.5453434304195458,0.026167381651368008,1.1940431589704246,-0.7712320754503901,,-0.0061380277947653515
case_09,A,15,-0.7941088679053511,-0.561519765496246,0.021195579137608087,1.2191719890177257,-0.7941088679053511,,-0.004971802513759921
case_09,A,16,-0.814697981114816,-0.5760784670652761,0.017168419101462554,1.2420116671734154,-0.814697981114816,,-0.004027160036145533
case_09,A,17,-0.8332281830033343,-0.5891812984774033,0.01390641947218467,1.2627485997151626,-0.8332281830033343,,-0.003261999629277885
case_09,A,18,-0.8499053647030009,-0.6009738467483177,0.011264199772469579,1.2815586289860528,-0.8499053647030009,,-0.002642219699715091
case_09,A,19,-0.8649148282327008,-0.6115871401921407,0.009124001815700361,1.2986065552163413,-0.8649148282327008,,-0.0021401979567692176
case_09,A,20,-0.8784233454094308,-0.6211391042915814,0.0073904414707172865,1.3140459977316556,-0.8784233454094308,,-0.0017335603449830745
case_09,A,21,-0.8905810108684877,-0.629735871981078,0.005986257591281,1.3280195062109625,-0.8905810108684877,,-0.0014041838794362866
case_09,A,22,-0.901522909781639,-0.6374729629016249,0.0048488686489376095,1.3406588521169132,-0.901522909781639,,-0.0011373889423433904
case_09,A,23,-0.911370618803475,-0.6444363447301171,0.003927583605639467,1.3520854459346743,-0.911370618803475,,-0.0009212850432981428
case_09,A,24,-0.9202335569231275,-0.6507033883757601,0.0031813427205679727,1.3624108381976077,-0.9202335569231275,,-0.000746240885071494
case_09,A,25,-0.9282102012308148,-0.6563437276568389,0.0025768876036600546,1.3717372720740764,-0.9282102012308148,,-0.0006044551169079181
case_09,A,26,-0.9353891811077333,-0.6614200330098098,0.002087278958964645,1.3801582630431586,-0.9353891811077333,,-0.0004896086446954098
case_09,A,27,-0.94185026299696,-0.6659887078274835,0.0016906959567613625,1.3877591873043442,-0.94185026299696,,-0.0003965830022032823
case_09,A,28,-0.947665236697264,-0.67010051516339,0.0013694637249767017,1.39461786537451,-0.947665236697264,,-0.00032123223178466076
case_09,A,29,-0.9528987130275376,-0.6738011417657057,0.0011092656172311285,1.40080513108809,-0.9528987130275376,,-0.0002601981077455732
case_09,A,30,-0.9576088417247839,-0.6771317057077899,0.0008985051499572118,1.4063853791451604,-0.9576088417247839,,-0.00021076046727391677
case_09,A,31,-0.9618479575523055,-0.6801292132556657,0.0007277891714653432,1.4114170866175508,-0.9618479575523055,,-0.00017071597849186858
case_09,A,32,-0.9656631617970749,-0.6828269700487538,0.0005895092288869284,1.4159533055617346,-0.9656631617970749,,-0.00013827994257841478
case_09,A,33,-0.9690968456173674,-0.6852549511625332,0.00047750247539841165,1.4200421252089162,-0.9690968456173674,,-0.00011200675348851675
case_09,A,34,-0.9721871610556306,-0.6874401341649345,0.00038677700507271464,1.423727103195286,-0.9721871610556306,,-9.0725470325697e-05
case_09,A,35,-0.9749684449500675,-0.6894067988670959,0.0003132893741089003,1.4270476660291842,-0.9749684449500675,,-7.348763096381436e-05
case_09,A,36,-0.9774716004550608,-0.691176797099041,0.0002537643930282092,1.4300394795230855,-0.9774716004550608,,-5.952498108069106e-05
case_09,A,37,-0.9797244404095546,-0.6927697955077916,0.00020554915835285036,1.4327347902917453,-0.9797244404095546,,-4.821523467535887e-05
case_09,A,38,-0.9817519963685992,-0.6942034940756673,0.00016649481826580797,1.4351627396691,-0.9817519963685992,,-3.9054340087042386e-05
case_09,A,39,-0.9835767967317393,-0.6954938227867552,0.0001348608027953052,1.4373496515540223,-0.9835767967317393,,-3.1634015470502784e-05
case_09,A,40,-0.9852191170585654,-0.6966551186267345,0.00010923725026419688,1.4393192957811491,-0.9852191170585654,,-2.5623552531108305e-05
case_09,A,41,-0.9866972053527088,-0.6977002848827157,8.848217271400007e-05,1.4410931286454274,-0.9866972053527088,,-2.0755077550196815e-05
case_09,A,42,-0.9880274848174379,-0.6986409345130988,7.167055989834058e-05,1.4426905122017668,-0.9880274848174379,,-1.681161281565949e-05
case_09,A,43,-0.9892247363356941,-0.6994875191804437,5.8053153517655756e-05,1.4441289139250495,-0.9892247363356941,,-1.3617406380684822e-05
case_09,A,44,-0.9903022627021246,-0.700249445381054,4.702305434930159e-05,1.445424088259291,-0.9903022627021246,,-1.1030099168354167e-05
case_09,A,45,-0.9912720364319122,-0.7009351789616034,3.8088674022933995e-05,1.4465902415145708,-0.9912720364319122,,-8.934380326367594e-06
case_09,A,46,-0.992144832788721,-0.7015523391840979,3.085182595857627e-05,1.4476401814914377,-0.992144832788721,,-7.236848064357722e-06
case_09,A,47,-0.9929303495098489,-0.7021077833843429,2.4989979026446627e-05,1.4485854531287807,-0.9929303495098489,,-5.861846932129646e-06
case_09,A,48,-0.9936373145588641,-0.7026076831645633,2.0241883011421626e-05,1.449436461385501,-0.9936373145588641,,-4.748096015025001e-06
case_09,A,49,-0.9942735831029776,-0.7030575929667617,1.639592523925158e-05,1.4502025824808702,-0.9942735831029776,,-3.845957772170047e-06
case_09,A,50,-0.9948462247926799,-0.7034625117887403,1.3280699443793552e-05,1.4508922645348021,-0.9948462247926799,,-3.115225795458028e-06
case_09,A,51,-0.995361602313412,-0.7038269387285211,1.0757366549472572e-05,1.4515131185685015,-0.995361602313412,,-2.52333289432098e-06
case_09,A,52,-0.9958254420820708,-0.7041549229743237,8.71346690507269e-06,1.4520720007488113,-0.9958254420820708,,-2.0438996443998826e-06
case_09,A,53,-0.9962428978738638,-0.7044501087955461,7.05790819310867e-06,1.4525750866865745,-0.9962428978738638,,-1.655558711964019e-06
case_09,A,54,-0.9966186080864774,-0.7047157760346463,5.716905636418023e-06,1.4530279385307032,-0.9966186080864774,,-1.3410025566906477e-06
case_09,A,55,-0.9969567472778297,-0.7049548765498365,4.630693565498531e-06,1.4534355655355342,-0.9969567472778297,,-1.0862120709194913e-06
case_09,A,56,-0.9972610725500467,-0.7051700670135075,3.7508617880538406e-06,1.4538024787194248,-0.9972610725500467,,-8.798317774446906e-07
case_09,A,57,-0.997534965295042,-0.7053637384308115,3.0381980483235836e-06,1.4541327401773563,-0.997534965295042,,-7.12663739730257e-07
case_09,A,58,-0.9977814687655379,-0.7055380427063851,2.460940419142053e-06,1.4544300075593635,-0.9977814687655379,,-5.772576291815305e-07
case_09,A,59,-0.9980033218889841,-0.7056949165544014,1.993361739504997e-06,1.4546975741797634,-0.9980033218889841,,-4.6757867963705627e-07
case_09,A,60,-0.9982029897000857,-0.705836103017616,1.6146230089990474e-06,1.4549384051791632,-0.9982029897000857,,-3.7873873050594947e-07
case_09,A,61,-0.9983826907300771,-0.7059631708345091,1.3078446372892283e-06,1.4551551701218663,-0.9983826907300771,,-3.067783717098191e-07
case_09,A,62,-0.9985444216570694,-0.7060775318697129,1.0593541562043557e-06,1.4553502723753253,-0.9985444216570694,,-2.484904810848726e-07
case_09,A,63,-0.9986899794913624,-0.7061804568013964,8.580768665255572e-07,1.455525875585511,-0.9986899794913624,,-2.0127728967879852e-07
case_09,A,64,-0.9988209815422262,-0.7062730892399115,6.95042261885649e-07,1.4556839275321554,-0.9988209815422262,,-1.6303460463990822e-07
case_09,B,1,-0.9988209815422262,-0.7062730892399115,6.95042261885649e-07,1.4556839275321554,-0.9988209815422262,0.0,0.0
case_09,B,2,-0.9988209815422262,-0.7062730892399115,6.95042261885649e-07,1.4556839275321554,-0.9988209815422262,0.0,0.0
case_09,B,3,-0.9988209815422262,-0.7062730892399115,6.95042261885649e-07,1.4556839275321554,-0.9988209815422262,0.0,0.0
case_09,B,4,-0.9988209815422262,-0.7062730892399115,6.95042261885649e-07,1.4556839275321554,-0.9988209815422262,0.0,0.0
case_09,B,5,-0.9988209815422262,-0.7062730892399115,6.95042261885649e-07,1.4556839275321554,-0.9988209815422262,0.0,0.0
case_09,B,6,-0.9988209815422262,-0.7062730892399115,6.95042261885649e-07,1.4556839275321554,-0.9988209815422262,0.0,0.0
case_09,B,7,-0.9988209815422262,-0.7062730892399115,6.95042261885649e-07,1.4556839275321554,-0.9988209815422262,0.0,0.0
case_09,B,8,-0.9988209815422262,-0.7062730892399115,6.95042261885649e-07,1.4556839275321554,-0.9988209815422262,0.0,0.0
case_09,B,9,-0.9988209815422262,-0.7062730892399115,6.95042261885649e-07,1.4556839275321554,-0.9988209815422262,0.0,0.0
case_09,B,10,-0.9988209815422262,-0.7062730892399115,6.95042261885649e-07,1.4556839275321554,-0.9988209815422262,0.0,0.0
case_09,B,11,-0.9988209815422262,-0.7062730892399115,6.95042261885649e-07,1.4556839275321554,-0.9988209815422262,0.0,0.0
case_09,B,12,-0.9988209815422262,-0.7062730892399115,6.95042261885649e-07,1.4556839275321554,-0.9988209815422262,0.0,0.0
case_09,B,13,-0.9988209815422262,-0.7062730892399115,6.95042261885649e-07,1.4556839275321554,-0.9988209815422262,0.0,0.0
case_09,B,14,-0.9988209815422262,-0.7062730892399115,6.95042261885649e-07,1.4556839275321554,-0.9988209815422262,0.0,0.0
case_09,B,15,-0.9988209815422262,-0.7062730892399115,6.95042261885649e-07,1.4556839275321554,-0.9988209815422262,0.0,0.0
case_09,B,16,-0.9988209815422262,-0.7062730892399115,6.95042261885649e-07,1.4556839275321554,-0.9988209815422262,0.0,0.0
case_09,B,17,-0.9988209815422262,-0.7062730892399115,6.95042261885649e-07,1.4556839275321554,-0.9988209815422262,0.0,0.0
case_09,B,18,-0.9988209815422262,-0.7062730892399115,6.95042261885649e-07,1.4556839275321554,-0.9988209815422262,0.0,0.0
case_09,B,19,-0.9988209815422262,-0.7062730892399115,6.95042261885649e-07,1.4556839275321554,-0.9988209815422262,0.0,0.0
case_09,B,20,-0.9988209815422262,-0.7062730892399115,6.95042261885649e-07,1.4556839275321554,-0.9988209815422262,0.0,0.0
case_09,B,21,-0.9988209815422262,-0.7062730892399115,6.95042261885649e-07,1.4556839275321554,-0.9988209815422262,0.0,0.0
case_09,B,22,-0.9988209815422262,-0.7062730892399115,6.95042261885649e-07,1.4556839275321554,-0.9988209815422262,0.0,0.0
case_09,B,23,-0.9988209815422262,-0.7062730892399115,6.95042261885649e-07,1.4556839275321554,-0.9988209815422262,0.0,0.0
case_09,B,24,-0.9988209815422262,-0.7062730892399115,6.95042261885649e-07,1.4556839275321554,-0.9988209815422262,0.0,0.0
case_09,B,25,-0.9988209815422262,-0.7062730892399115,6.95042261885649e-07,1.4556839275321554,-0.9988209815422262,0.0,0.0
case_09,B,26,-0.9988209815422262,-0.7062730892399115,6.95042261885649e-07,1.4556839275321554,-0.9988209815422262,0.0,0.0
case_09,B,27,-0.9988209815422262,-0.7062730892399115,6.95042261885649e-07,1.4556839275321554,-0.9988209815422262,0.0,0.0
case_09,B,28,-0.9988209815422262,-0.7062730892399115,6.95042261885649e-07,1.4556839275321554,-0.9988209815422262,0.0,0.0
case_09,B,29,-0.9988209815422262,-0.7062730892399115,6.95042261885649e-07,1.4556839275321554,-0.9988209815422262,0.0,0.0
case_09,B,30,-0.9988209815422262,-0.7062730892399115,6.95042261885649e-07,1.4556839275321554,-0.9988209815422262,0.0,0.0
case_09,B,31,-0.9988209815422262,-0.7062730892399115,6.95042261885649e-07,1.4556839275321554,-0.9988209815422262,0.0,0.0
case_09,B,32,-0.9988209815422262,-0.7062730892399115,6.95042261885649e-07,1.4556839275321554,-0.9988209815422262,0.0,0.0
case_09,B,33,-0.9988209815422262,-0.7062730892399115,6.95042261885649e-07,1.4556839275321554,-0.9988209815422262,0.0,0.0
case_09,B,34,-0.9988209815422262,-0.7062730892399115,6.95042261885649e-07,1.4556839275321554,-0.9988209815422262,0.0,0.0
case_09,B,35,-0.9988209815422262,-0.7062730892399115,6.95042261885649e-07,1.4556839275321554,-0.9988209815422262,0.0,0.0
case_09,B,36,-0.9988209815422262,-0.7062730892399115,6.95042261885649e-07,1.4556839275321554,-0.9988209815422262,0.0,0.0
case_09,B,37,-0.9988209815422262,-0.7062730892399115,6.95042261885649e-07,1.4556839275321554,-0.9988209815422262,0.0,0.0
case_09,B,38,-0.9988209815422262,-0.7062730892399115,6.95042261885649e-07,1.4556839275321554,-0.9988209815422262,0.0,0.0
case_09,B,39,-0.9988209815422262,-0.7062730892399115,6.95042261885649e-07,1.4556839275321554,-0.9988209815422262,0.0,0.0
case_09,B,40,-0.9988209815422262,-0.7062730892399115,6.95042261885649e-07,1.4556839275321554,-0.9988209815422262,0.0,0.0
case_09,B,41,-0.9988209815422262,-0.7062730892399115,6.95042261885649e-07,1.4556839275321554,-0.9988209815422262,0.0,0.0
case_09,B,42,-0.9988209815422262,-0.7062730892399115,6.95042261885649e-07,1.4556839275321554,-0.9988209815422262,0.0,0.0
case_09,B,43,-0.9988209815422262,-0.7062730892399115,6.95042261885649e-07,1.4556839275321554,-0.9988209815422262,0.0,0.0
case_09,B,44,-0.9988209815422262,-0.7062730892399115,6.95042261885649e-07,1.4556839275321554,-0.9988209815422262,0.0,0.0
case_09,B,45,-0.9988209815422262,-0.7062730892399115,6.95042261885649e-07,1.4556839275321554,-0.9988209815422262,0.0,0.0
case_09,B,46,-0.9988209815422262,-0.7062730892399115,6.95042261885649e-07,1.4556839275321554,-0.9988209815422262,0.0,0.0
case_09,B,47,-0.9988209815422262,-0.7062730892399115,6.95042261885649e-07,1.4556839275321554,-0.9988209815422262,0.0,0.0
case_09,B,48,-0.9988209815422262,-0.7062730892399115,6.95042261885649e-07,1.4556839275321554,-0.9988209815422262,0.0,0.0
case_09,B,49,-0.9988209815422262,-0.7062730892399115,6.95042261885649e-07,1.4556839275321554,-0.9988209815422262,0.0,0.0
case_09,B,50,-0.9988209815422262,-0.7062730892399115,6.95042261885649e-07,1.4556839275321554,-0.9988209815422262,0.0,0.0
case_09,B,51,-0.9988209815422262,-0.7062730892399115,6.95042261885649e-07,1.4556839275321554,-0.9988209815422262,0.0,0.0
case_09,B,52,-0.9988209815422262,-0.7062730892399115,6.95042261885649e-07,1.4556839275321554,-0.9988209815422262,0.0,0.0
case_09,B,53,-0.9988209815422262,-0.7062730892399115,6.95042261885649e-07,1.4556839275321554,-0.9988209815422262,0.0,0.0
case_09,B,54,-0.9988209815422262,-0.7062730892399115,6.95042261885649e-07,1.4556839275321554,-0.9988209815422262,0.0,0.0
case_09,B,55,-0.9988209815422262,-0.7062730892399115,6.95042261885649e-07,1.4556839275321554,-0.9988209815422262,0.0,0.0
case_09,B,56,-0.9988209815422262,-0.7062730892399115,6.95042261885649e-07,1.4556839275321554,-0.9988209815422262,0.0,0.0
case_09,B,57,-0.9988209815422262,-0.7062730892399115,6.95042261885649e-07,1.4556839275321554,-0.9988209815422262,0.0,0.0
case_09,B,58,-0.9988209815422262,-0.7062730892399115,6.95042261885649e-07,1.4556839275321554,-0.9988209815422262,0.0,0.0
case_09,B,59,-0.9988209815422262,-0.7062730892399115,6.95042261885649e-07,1.4556839275321554,-0.9988209815422262,0.0,0.0
case_09,B,60,-0.9988209815422262,-0.7062730892399115,6.95042261885649e-07,1.4556839275321554,-0.9988209815422262,0.0,0.0
case_09,B,61,-0.9988209815422262,-0.7062730892399115,6.95042261885649e-07,1.4556839275321554,-0.9988209815422262,0.0,0.0
case_09,B,62,-0.9988209815422262,-0.7062730892399115,6.95042261885649e-07,1.4556839275321554,-0.9988209815422262,0.0,0.0
case_09,B,63,-0.9988209815422262,-0.7062730892399115,6.95042261885649e-07,1.4556839275321554,-0.9988209815422262,0.0,0.0
case_09,B,64,-0.9988209815422262,-0.7062730892399115,6.95042261885649e-07,1.4556839275321554,-0.9988209815422262,0.0,0.0
case_10,A,1,0.1,0.07071067811865475,0.405,0.5732106781186549,0.1,,-0.09499999999999997
case_10,A,2,0.19,0.13435028842544403,0.32805000000000006,0.6433752884254439,0.19,,-0.07694999999999996
case_10,A,3,0.271,0.19162593770155437,0.26572049999999997,0.7099861877015543,0.271,,-0.06232950000000009
case_10,A,4,0.34390000000000004,0.2431740220500537,0.21523360499999994,0.7727408245500538,0.34390000000000004,,-0.05048689500000003
case_10,A,5,0.40951000000000004,0.28956729796370306,0.17433922004999997,0.8314919079887029,0.40951000000000004,,-0.04089438494999997
case_10,A,6,0.46855900000000006,0.3313212462859875,0.14121476824049997,0.8862081304062376,0.46855900000000006,,-0.033124451809499994
case_10,A,7,0.5217031000000001,0.36889979977604354,0.11438396227480496,0.936943330913446,0.5217031000000001,,-0.02683080596569501
case_10,A,8,0.5695327900000001,0.40272049791709397,0.092651009442592,0.98381239763839,0.5695327900000001,,-0.021732952832212965
case_10,A,9,0.6125795110000001,0.4331591262440393,0.07504731764849953,1.026972540568289,0.6125795110000001,,-0.017603691794092463
case_10,A,10,0.6513215599000001,0.4605538917382901,0.06078832729528462,1.0666088353359324,0.6513215599000001,,-0.014258990353214915
case_10,A,11,0.68618940391,0.48520918068311586,0.04923854510918055,1.1029231551927061,0.68618940391,,-0.011549782186104071
case_10,A,12,0.717570463519,0.5073989407334589,0.03988322153843626,1.136125783262177,0.717570463519,,-0.00935532357074429
case_10,A,13,0.7458134171671,0.5273697247787679,0.03230540944613336,1.1664291380853846,0.7458134171671,,-0.007577812092302898
case_10,A,14,0.7712320754503901,0.5453434304195458,0.026167381651368008,1.1940431589704246,0.7712320754503901,,-0.0061380277947653515
case_10,A,15,0.7941088679053511,0.561519765496246,0.021195579137608087,1.2191719890177257,0.7941088679053511,,-0.004971802513759921
case_10,A,16,0.814697981114816,0.5760784670652761,0.017168419101462554,1.2420116671734154,0.814697981114816,,-0.004027160036145533
case_10,A,17,0.8332281830033343,0.5891812984774033,0.01390641947218467,1.2627485997151626,0.8332281830033343,,-0.003261999629277885
case_10,A,18,0.8499053647030009,0.6009738467483177,0.011264199772469579,1.2815586289860528,0.8499053647030009,,-0.002642219699715091
case_10,A,19,0.8649148282327008,0.6115871401921407,0.009124001815700361,1.2986065552163413,0.8649148282327008,,-0.0021401979567692176
case_10,A,20,0.8784233454094308,0.6211391042915814,0.0073904414707172865,1.3140459977316556,0.8784233454094308,,-0.0017335603449830745
case_10,A,21,0.8905810108684877,0.629735871981078,0.005986257591281,1.3280195062109625,0.8905810108684877,,-0.0014041838794362866
case_10,A,22,0.901522909781639,0.6374729629016249,0.0048488686489376095,1.3406588521169132,0.901522909781639,,-0.0011373889423433904
case_10,A,23,0.911370618803475,0.6444363447301171,0.003927583605639467,1.3520854459346743,0.911370618803475,,-0.0009212850432981428
case_10,A,24,0.9202335569231275,0.6507033883757601,0.0031813427205679727,1.3624108381976077,0.9202335569231275,,-0.000746240885071494
case_10,A,25,0.9282102012308148,0.6563437276568389,0.0025768876036600546,1.3717372720740764,0.9282102012308148,,-0.0006044551169079181
case_10,A,26,0.9353891811077333,0.6614200330098098,0.002087278958964645,1.3801582630431586,0.9353891811077333,,-0.0004896086446954098
case_10,A,27,0.94185026299696,0.6659887078274835,0.0016906959567613625,1.3877591873043442,0.94185026299696,,-0.0003965830022032823
case_10,A,28,0.947665236697264,0.67010051516339,0.0013694637249767017,1.39461786537451,0.947665236697264,,-0.00032123223178466076
case_10,A,29,0.9528987130275376,0.6738011417657057,0.0011092656172311285,1.40080513108809,0.9528987130275376,,-0.0002601981077455732
case_10,A,30,0.9576088417247839,0.6771317057077899,0.0008985051499572118,1.4063853791451604,0.9576088417247839,,-0.00021076046727391677
case_10,A,31,0.9618479575523055,0.6801292132556657,0.0007277891714653432,1.4114170866175508,0.9618479575523055,,-0.00017071597849186858
case_10,A,32,0.9656631617970749,0.6828269700487538,0.0005895092288869284,1.4159533055617346,0.9656631617970749,,-0.00013827994257841478
case_10,A,33,0.9690968456173674,0.6852549511625332,0.00047750247539841165,1.4200421252089162,0.9690968456173674,,-0.00011200675348851675
case_10,A,34,0.9721871610556306,0.6874401341649345,0.00038677700507271464,1.423727103195286,0.9721871610556306,,-9.0725470325697e-05
case_10,A,35,0.9749684449500675,0.6894067988670959,0.0003132893741089003,1.4270476660291842,0.9749684449500675,,-7.348763096381436e-05
case_10,A,36,0.9774716004550608,0.691176797099041,0.0002537643930282092,1.4300394795230855,0.9774716004550608,,-5.952498108069106e-05
case_10,A,37,0.9797244404095546,0.6927697955077916,0.00020554915835285036,1.4327347902917453,0.9797244404095546,,-4.821523467535887e-05
case_10,A,38,0.9817519963685992,0.6942034940756673,0.00016649481826580797,1.4351627396691,0.9817519963685992,,-3.9054340087042386e-05
case_10,A,39,0.9835767967317393,0.6954938227867552,0.0001348608027953052,1.4373496515540223,0.9835767967317393,,-3.1634015470502784e-05
case_10,A,40,0.9852191170585654,0.6966551186267345,0.00010923725026419688,1.4393192957811491,0.9852191170585654,,-2.5623552531108305e-05
case_10,A,41,0.9866972053527088,0.6977002848827157,8.848217271400007e-05,1.4410931286454274,0.9866972053527088,,-2.0755077550196815e-05
case_10,A,42,0.9880274848174379,0.6986409345130988,7.167055989834058e-05,1.4426905122017668,0.9880274848174379,,-1.681161281565949e-05
case_10,A,43,0.9892247363356941,0.6994875191804437,5.8053153517655756e-05,1.4441289139250495,0.9892247363356941,,-1.3617406380684822e-05
case_10,A,44,0.9903022627021246,0.700249445381054,4.702305434930159e-05,1.445424088259291,0.9903022627021246,,-1.1030099168354167e-05
case_10,A,45,0.9912720364319122,0.7009351789616034,3.8088674022933995e-05,1.4465902415145708,0.9912720364319122,,-8.934380326367594e-06
case_10,A,46,0.992144832788721,0.7015523391840979,3.085182595857627e-05,1.4476401814914377,0.992144832788721,,-7.236848064357722e-06
case_10,A,47,0.9929303495098489,0.7021077833843429,2.4989979026446627e-05,1.4485854531287807,0.9929303495098489,,-5.861846932129646e-06
case_10,A,48,0.9936373145588641,0.7026076831645633,2.0241883011421626e-05,1.449436461385501,0.9936373145588641,,-4.748096015025001e-06
case_10,A,49,0.9942735831029776,0.7030575929667617,1.639592523925158e-05,1.4502025824808702,0.9942735831029776,,-3.845957772170047e-06
case_10,A,50,0.9948462247926799,0.7034625117887403,1.3280699443793552e-05,1.4508922645348021,0.9948462247926799,,-3.115225795458028e-06
case_10,A,51,0.995361602313412,0.7038269387285211,1.0757366549472572e-05,1.4515131185685015,0.995361602313412,,-2.52333289432098e-06
case_10,A,52,0.9958254420820708,0.7041549229743237,8.71346690507269e-06,1.4520720007488113,0.9958254420820708,,-2.0438996443998826e-06
case_10,A,53,0.9962428978738638,0.7044501087955461,7.05790819310867e-06,1.4525750866865745,0.9962428978738638,,-1.655558711964019e-06
case_10,A,54,0.9966186080864774,0.7047157760346463,5.716905636418023e-06,1.4530279385307032,0.9966186080864774,,-1.3410025566906477e-06
case_10,A,55,0.9969567472778297,0.7049548765498365,4.630693565498531e-06,1.4534355655355342,0.9969567472778297,,-1.0862120709194913e-06
case_10,A,56,0.9972610725500467,0.7051700670135075,3.7508617880538406e-06,1.4538024787194248,0.9972610725500467,,-8.798317774446906e-07
case_10,A,57,0.997534965295042,0.7053637384308115,3.0381980483235836e-06,1.4541327401773563,0.997534965295042,,-7.12663739730257e-07
case_10,A,58,0.9977814687655379,0.7055380427063851,2.460940419142053e-06,1.4544300075593635,0.9977814687655379,,-5.772576291815305e-07
case_10,A,59,0.9980033218889841,0.7056949165544014,1.993361739504997e-06,1.4546975741797634,0.9980033218889841,,-4.6757867963705627e-07
case_10,A,60,0.9982029897000857,0.705836103017616,1.6146230089990474e-06,1.4549384051791632,0.9982029897000857,,-3.7873873050594947e-07
case_10,A,61,0.9983826907300771,0.7059631708345091,1.3078446372892283e-06,1.4551551701218663,0.9983826907300771,,-3.067783717098191e-07
case_10,A,62,0.9985444216570694,0.7060775318697129,1.0593541562043557e-06,1.4553502723753253,0.9985444216570694,,-2.484904810848726e-07
case_10,A,63,0.9986899794913624,0.7061804568013964,8.580768665255572e-07,1.455525875585511,0.9986899794913624,,-2.0127728967879852e-07
case_10,A,64,0.9988209815422262,0.7062730892399115,6.95042261885649e-07,1.4556839275321554,0.9988209815422262,,-1.6303460463990822e-07
case_10,B,1,0.9988209815422262,0.7062730892399115,6.95042261885649e-07,1.4556839275321554,0.9988209815422262,0.0,0.0
case_10,B,2,0.9988209815422262,0.7062730892399115,6.95042261885649e-07,1.4556839275321554,0.9988209815422262,0.0,0.0
case_10,B,3,0.9988209815422262,0.7062730892399115,6.95042261885649e-07,1.4556839275321554,0.9988209815422262,0.0,0.0
case_10,B,4,0.9988209815422262,0.7062730892399115,6.95042261885649e-07,1.4556839275321554,0.9988209815422262,0.0,0.0
case_10,B,5,0.9988209815422262,0.7062730892399115,6.95042261885649e-07,1.4556839275321554,0.9988209815422262,0.0,0.0
case_10,B,6,0.9988209815422262,0.7062730892399115,6.95042261885649e-07,1.4556839275321554,0.9988209815422262,0.0,0.0
case_10,B,7,0.9988209815422262,0.7062730892399115,6.95042261885649e-07,1.4556839275321554,0.9988209815422262,0.0,0.0
case_10,B,8,0.9988209815422262,0.7062730892399115,6.95042261885649e-07,1.4556839275321554,0.9988209815422262,0.0,0.0
case_10,B,9,0.9988209815422262,0.7062730892399115,6.95042261885649e-07,1.4556839275321554,0.9988209815422262,0.0,0.0
case_10,B,10,0.9988209815422262,0.7062730892399115,6.95042261885649e-07,1.4556839275321554,0.9988209815422262,0.0,0.0
case_10,B,11,0.9988209815422262,0.7062730892399115,6.95042261885649e-07,1.4556839275321554,0.9988209815422262,0.0,0.0
case_10,B,12,0.9988209815422262,0.7062730892399115,6.95042261885649e-07,1.4556839275321554,0.9988209815422262,0.0,0.0
case_10,B,13,0.9988209815422262,0.7062730892399115,6.95042261885649e-07,1.4556839275321554,0.9988209815422262,0.0,0.0
case_10,B,14,0.9988209815422262,0.7062730892399115,6.95042261885649e-07,1.4556839275321554,0.9988209815422262,0.0,0.0
case_10,B,15,0.9988209815422262,0.7062730892399115,6.95042261885649e-07,1.4556839275321554,0.9988209815422262,0.0,0.0
case_10,B,16,0.9988209815422262,0.7062730892399115,6.95042261885649e-07,1.4556839275321554,0.9988209815422262,0.0,0.0
case_10,B,17,0.9988209815422262,0.7062730892399115,6.95042261885649e-07,1.4556839275321554,0.9988209815422262,0.0,0.0
case_10,B,18,0.9988209815422262,0.7062730892399115,6.95042261885649e-07,1.4556839275321554,0.9988209815422262,0.0,0.0
case_10,B,19,0.9988209815422262,0.7062730892399115,6.95042261885649e-07,1.4556839275321554,0.9988209815422262,0.0,0.0
case_10,B,20,0.9988209815422262,0.7062730892399115,6.95042261885649e-07,1.4556839275321554,0.9988209815422262,0.0,0.0
case_10,B,21,0.9988209815422262,0.7062730892399115,6.95042261885649e-07,1.4556839275321554,0.9988209815422262,0.0,0.0
case_10,B,22,0.9988209815422262,0.7062730892399115,6.95042261885649e-07,1.4556839275321554,0.9988209815422262,0.0,0.0
case_10,B,23,0.9988209815422262,0.7062730892399115,6.95042261885649e-07,1.4556839275321554,0.9988209815422262,0.0,0.0
case_10,B,24,0.9988209815422262,0.7062730892399115,6.95042261885649e-07,1.4556839275321554,0.9988209815422262,0.0,0.0
case_10,B,25,0.9988209815422262,0.7062730892399115,6.95042261885649e-07,1.4556839275321554,0.9988209815422262,0.0,0.0
case_10,B,26,0.9988209815422262,0.7062730892399115,6.95042261885649e-07,1.4556839275321554,0.9988209815422262,0.0,0.0
case_10,B,27,0.9988209815422262,0.7062730892399115,6.95042261885649e-07,1.4556839275321554,0.9988209815422262,0.0,0.0
case_10,B,28,0.9988209815422262,0.7062730892399115,6.95042261885649e-07,1.4556839275321554,0.9988209815422262,0.0,0.0
case_10,B,29,0.9988209815422262,0.7062730892399115,6.95042261885649e-07,1.4556839275321554,0.9988209815422262,0.0,0.0
case_10,B,30,0.9988209815422262,0.7062730892399115,6.95042261885649e-07,1.4556839275321554,0.9988209815422262,0.0,0.0
case_10,B,31,0.9988209815422262,0.7062730892399115,6.95042261885649e-07,1.4556839275321554,0.9988209815422262,0.0,0.0
case_10,B,32,0.9988209815422262,0.7062730892399115,6.95042261885649e-07,1.4556839275321554,0.9988209815422262,0.0,0.0
case_10,B,33,0.9988209815422262,0.7062730892399115,6.95042261885649e-07,1.4556839275321554,0.9988209815422262,0.0,0.0
case_10,B,34,0.9988209815422262,0.7062730892399115,6.95042261885649e-07,1.4556839275321554,0.9988209815422262,0.0,0.0
case_10,B,35,0.9988209815422262,0.7062730892399115,6.95042261885649e-07,1.4556839275321554,0.9988209815422262,0.0,0.0
case_10,B,36,0.9988209815422262,0.7062730892399115,6.95042261885649e-07,1.4556839275321554,0.9988209815422262,0.0,0.0
case_10,B,37,0.9988209815422262,0.7062730892399115,6.95042261885649e-07,1.4556839275321554,0.9988209815422262,0.0,0.0
case_10,B,38,0.9988209815422262,0.7062730892399115,6.95042261885649e-07,1.4556839275321554,0.9988209815422262,0.0,0.0
case_10,B,39,0.9988209815422262,0.7062730892399115,6.95042261885649e-07,1.4556839275321554,0.9988209815422262,0.0,0.0
case_10,B,40,0.9988209815422262,0.7062730892399115,6.95042261885649e-07,1.4556839275321554,0.9988209815422262,0.0,0.0
case_10,B,41,0.9988209815422262,0.7062730892399115,6.95042261885649e-07,1.4556839275321554,0.9988209815422262,0.0,0.0
case_10,B,42,0.9988209815422262,0.7062730892399115,6.95042261885649e-07,1.4556839275321554,0.9988209815422262,0.0,0.0
case_10,B,43,0.9988209815422262,0.7062730892399115,6.95042261885649e-07,1.4556839275321554,0.9988209815422262,0.0,0.0
case_10,B,44,0.9988209815422262,0.7062730892399115,6.95042261885649e-07,1.4556839275321554,0.9988209815422262,0.0,0.0
case_10,B,45,0.9988209815422262,0.7062730892399115,6.95042261885649e-07,1.4556839275321554,0.9988209815422262,0.0,0.0
case_10,B,46,0.9988209815422262,0.7062730892399115,6.95042261885649e-07,1.4556839275321554,0.9988209815422262,0.0,0.0
case_10,B,47,0.9988209815422262,0.7062730892399115,6.95042261885649e-07,1.4556839275321554,0.9988209815422262,0.0,0.0
case_10,B,48,0.9988209815422262,0.7062730892399115,6.95042261885649e-07,1.4556839275321554,0.9988209815422262,0.0,0.0
case_10,B,49,0.9988209815422262,0.7062730892399115,6.95042261885649e-07,1.4556839275321554,0.9988209815422262,0.0,0.0
case_10,B,50,0.9988209815422262,0.7062730892399115,6.95042261885649e-07,1.4556839275321554,0.9988209815422262,0.0,0.0
case_10,B,51,0.9988209815422262,0.7062730892399115,6.95042261885649e-07,1.4556839275321554,0.9988209815422262,0.0,0.0
case_10,B,52,0.9988209815422262,0.7062730892399115,6.95042261885649e-07,1.4556839275321554,0.9988209815422262,0.0,0.0
case_10,B,53,0.9988209815422262,0.7062730892399115,6.95042261885649e-07,1.4556839275321554,0.9988209815422262,0.0,0.0
case_10,B,54,0.9988209815422262,0.7062730892399115,6.95042261885649e-07,1.4556839275321554,0.9988209815422262,0.0,0.0
case_10,B,55,0.9988209815422262,0.7062730892399115,6.95042261885649e-07,1.4556839275321554,0.9988209815422262,0.0,0.0
case_10,B,56,0.9988209815422262,0.7062730892399115,6.95042261885649e-07,1.4556839275321554,0.9988209815422262,0.0,0.0
case_10,B,57,0.9988209815422262,0.7062730892399115,6.95042261885649e-07,1.4556839275321554,0.9988209815422262,0.0,0.0
case_10,B,58,0.9988209815422262,0.7062730892399115,6.95042261885649e-07,1.4556839275321554,0.9988209815422262,0.0,0.0
case_10,B,59,0.9988209815422262,0.7062730892399115,6.95042261885649e-07,1.4556839275321554,0.9988209815422262,0.0,0.0
case_10,B,60,0.9988209815422262,0.7062730892399115,6.95042261885649e-07,1.4556839275321554,0.9988209815422262,0.0,0.0
case_10,B,61,0.9988209815422262,0.7062730892399115,6.95042261885649e-07,1.4556839275321554,0.9988209815422262,0.0,0.0
case_10,B,62,0.9988209815422262,0.7062730892399115,6.95042261885649e-07,1.4556839275321554,0.9988209815422262,0.0,0.0
case_10,B,63,0.9988209815422262,0.7062730892399115,6.95042261885649e-07,1.4556839275321554,0.9988209815422262,0.0,0.0
case_10,B,64,0.9988209815422262,0.7062730892399115,6.95042261885649e-07,1.4556839275321554,0.9988209815422262,0.0,0.0
case_11,A,1,0.1,0.07071067811865475,0.405,0.4317893218813453,0.1,,-0.09499999999999997
case_11,A,2,0.19,0.13435028842544403,0.32805000000000006,0.37467471157455595,0.19,,-0.07694999999999996
case_11,A,3,0.271,0.19162593770155437,0.26572049999999997,0.32673431229844563,0.271,,-0.06232950000000009
case_11,A,4,0.34390000000000004,0.2431740220500537,0.21523360499999994,0.2863927804499463,0.34390000000000004,,-0.05048689500000003
case_11,A,5,0.40951000000000004,0.28956729796370306,0.17433922004999997,0.2523573120612969,0.40951000000000004,,-0.04089438494999997
case_11,A,6,0.46855900000000006,0.3313212462859875,0.14121476824049997,0.22356563783426245,0.46855900000000006,,-0.033124451809499994
case_11,A,7,0.5217031000000001,0.36889979977604354,0.11438396227480496,0.19914373136135902,0.5217031000000001,,-0.02683080596569501
case_11,A,8,0.5695327900000001,0.40272049791709397,0.092651009442592,0.17837140180420208,0.5695327900000001,,-0.021732952832212965
case_11,A,9,0.6125795110000001,0.4331591262440393,0.07504731764849953,0.16065428808021048,0.6125795110000001,,-0.017603691794092463
case_11,A,10,0.6513215599000001,0.4605538917382901,0.06078832729528462,0.14550105185935222,0.6513215599000001,,-0.014258990353214915
case_11,A,11,0.68618940391,0.48520918068311586,0.04923854510918055,0.13250479382647445,0.68618940391,,-0.011549782186104071
case_11,A,12,0.717570463519,0.5073989407334589,0.03988322153843626,0.12132790179525915,0.717570463519,,-0.00935532357074429
case_11,A,13,0.7458134171671,0.5273697247787679,0.03230540944613336,0.11168968852784882,0.7458134171671,,-0.007577812092302898
case_11,A,14,0.7712320754503901,0.5453434304195458,0.026167381651368008,0.1033562981313332,0.7712320754503901,,-0.0061380277947653515
case_11,A,15,0.7941088679053511,0.561519765496246,0.021195579137608087,0.09613245802523353,0.7941088679053511,,-0.004971802513759921
case_11,A,16,0.814697981114816,0.5760784670652761,0.017168419101462554,0.0898547330428631,0.814697981114816,,-0.004027160036145533
case_11,A,17,0.8332281830033343,0.5891812984774033,0.01390641947218467,0.0843860027603562,0.8332281830033343,,-0.003261999629277885
case_11,A,18,0.8499053647030009,0.6009738467483177,0.011264199772469579,0.07961093548941754,0.8499053647030009,,-0.002642219699715091
case_11,A,19,0.8649148282327008,0.6115871401921407,0.009124001815700361,0.0754322748320599,0.8649148282327008,,-0.0021401979567692176
case_11,A,20,0.8784233454094308,0.6211391042915814,0.0073904414707172865,0.07176778914849263,0.8784233454094308,,-0.0017335603449830745
case_11,A,21,0.8905810108684877,0.629735871981078,0.005986257591281,0.06854776224880631,0.8905810108684877,,-0.0014041838794362866
case_11,A,22,0.901522909781639,0.6374729629016249,0.0048488686489376095,0.06571292631366331,0.901522909781639,,-0.0011373889423433904
case_11,A,23,0.911370618803475,0.6444363447301171,0.003927583605639467,0.06321275647444005,0.911370618803475,,-0.0009212850432981428
case_11,A,24,0.9202335569231275,0.6507033883757601,0.0031813427205679727,0.061004061446087526,0.9202335569231275,,-0.000746240885071494
case_11,A,25,0.9282102012308148,0.6563437276568389,0.0025768876036600546,0.05904981676039846,0.9282102012308148,,-0.0006044551169079181
case_11,A,26,0.9353891811077333,0.6614200330098098,0.002087278958964645,0.05731819702353915,0.9353891811077333,,-0.0004896086446954098
case_11,A,27,0.94185026299696,0.6659887078274835,0.0016906959567613625,0.05578177164937708,0.94185026299696,,-0.0003965830022032823
case_11,A,28,0.947665236697264,0.67010051516339,0.0013694637249767017,0.054416835047730344,0.947665236697264,,-0.00032123223178466076
case_11,A,29,0.9528987130275376,0.6738011417657057,0.0011092656172311285,0.05320284755667861,0.9528987130275376,,-0.0002601981077455732
case_11,A,30,0.9576088417247839,0.6771317057077899,0.0008985051499572118,0.05212196772958059,0.9576088417247839,,-0.00021076046727391677
case_11,A,31,0.9618479575523055,0.6801292132556657,0.0007277891714653432,0.05115866010621971,0.9618479575523055,,-0.00017071597849186858
case_11,A,32,0.9656631617970749,0.6828269700487538,0.0005895092288869284,0.05029936546422706,0.9656631617970749,,-0.00013827994257841478
case_11,A,33,0.9690968456173674,0.6852549511625332,0.00047750247539841165,0.049532222883849675,0.9690968456173674,,-0.00011200675348851675
case_11,A,34,0.9721871610556306,0.6874401341649345,0.00038677700507271464,0.048846834865417056,0.9721871610556306,,-9.0725470325697e-05
case_11,A,35,0.9749684449500675,0.6894067988670959,0.0003132893741089003,0.04823406829499231,0.9749684449500675,,-7.348763096381436e-05
case_11,A,36,0.9774716004550608,0.691176797099041,0.0002537643930282092,0.047685885325003445,0.9774716004550608,,-5.952498108069106e-05
case_11,A,37,0.9797244404095546,0.6927697955077916,0.00020554915835285036,0.04719519927616209,0.9797244404095546,,-4.821523467535887e-05
case_11,A,38,0.9817519963685992,0.6942034940756673,0.00016649481826580797,0.046755751517765225,0.9817519963685992,,-3.9054340087042386e-05
case_11,A,39,0.9835767967317393,0.6954938227867552,0.0001348608027953052,0.046362005980512024,0.9835767967317393,,-3.1634015470502784e-05
case_11,A,40,0.9852191170585654,0.6966551186267345,0.00010923725026419688,0.04600905852768027,0.9852191170585654,,-2.5623552531108305e-05
case_11,A,41,0.9866972053527088,0.6977002848827157,8.848217271400007e-05,0.04569255887999561,0.9866972053527088,,-2.0755077550196815e-05
case_11,A,42,0.9880274848174379,0.6986409345130988,7.167055989834058e-05,0.0454086431755692,0.9880274848174379,,-1.681161281565949e-05
case_11,A,43,0.9892247363356941,0.6994875191804437,5.8053153517655756e-05,0.04515387556416209,0.9892247363356941,,-1.3617406380684822e-05
case_11,A,44,0.9903022627021246,0.700249445381054,4.702305434930159e-05,0.04492519749718285,0.9903022627021246,,-1.1030099168354167e-05
case_11,A,45,0.9912720364319122,0.7009351789616034,3.8088674022933995e-05,0.04471988359136409,0.9912720364319122,,-8.934380326367594e-06
case_11,A,46,0.992144832788721,0.7015523391840979,3.085182595857627e-05,0.04453550312324188,0.992144832788721,,-7.236848064357722e-06
case_11,A,47,0.9929303495098489,0.7021077833843429,2.4989979026446627e-05,0.04436988636009479,0.9929303495098489,,-5.861846932129646e-06
case_11,A,48,0.9936373145588641,0.7026076831645633,2.0241883011421626e-05,0.04422109505637437,0.9936373145588641,,-4.748096015025001e-06
case_11,A,49,0.9942735831029776,0.7030575929667617,1.639592523925158e-05,0.044087396547346676,0.9942735831029776,,-3.845957772170047e-06
case_11,A,50,0.9948462247926799,0.7034625117887403,1.3280699443793552e-05,0.04396724095732149,0.9948462247926799,,-3.115225795458028e-06
case_11,A,51,0.995361602313412,0.7038269387285211,1.0757366549472572e-05,0.0438592411114596,0.995361602313412,,-2.52333289432098e-06
case_11,A,52,0.9958254420820708,0.7041549229743237,8.71346690507269e-06,0.043762154800164176,0.9958254420820708,,-2.0438996443998826e-06
case_11,A,53,0.9962428978738638,0.7044501087955461,7.05790819310867e-06,0.04367486909548225,0.9962428978738638,,-1.655558711964019e-06
case_11,A,54,0.9966186080864774,0.7047157760346463,5.716905636418023e-06,0.043596386461410584,0.9966186080864774,,-1.3410025566906477e-06
case_11,A,55,0.9969567472778297,0.7049548765498365,4.630693565498531e-06,0.04352581243586112,0.9969567472778297,,-1.0862120709194913e-06
case_11,A,56,0.9972610725500467,0.7051700670135075,3.7508617880538406e-06,0.04346234469240983,0.9972610725500467,,-8.798317774446906e-07
case_11,A,57,0.997534965295042,0.7053637384308115,3.0381980483235836e-06,0.04340526331573365,0.997534965295042,,-7.12663739730257e-07
case_11,A,58,0.9977814687655379,0.7055380427063851,2.460940419142053e-06,0.043353922146593345,0.9977814687655379,,-5.772576291815305e-07
case_11,A,59,0.9980033218889841,0.7056949165544014,1.993361739504997e-06,0.04330774107096037,0.9980033218889841,,-4.6757867963705627e-07
case_11,A,60,0.9982029897000857,0.705836103017616,1.6146230089990474e-06,0.04326619914393131,0.9982029897000857,,-3.7873873050594947e-07
case_11,A,61,0.9983826907300771,0.7059631708345091,1.3078446372892283e-06,0.04322882845284804,0.9983826907300771,,-3.067783717098191e-07
case_11,A,62,0.9985444216570694,0.7060775318697129,1.0593541562043557e-06,0.04319520863589982,0.9985444216570694,,-2.484904810848726e-07
case_11,A,63,0.9986899794913624,0.7061804568013964,8.580768665255572e-07,0.04316496198271804,0.9986899794913624,,-2.0127728967879852e-07
case_11,A,64,0.9988209815422262,0.7062730892399115,6.95042261885649e-07,0.043137749052332496,0.9988209815422262,,-1.6303460463990822e-07
case_11,B,1,0.9988209815422262,0.7062730892399115,6.95042261885649e-07,0.043137749052332496,0.9988209815422262,0.0,0.0
case_11,B,2,0.9988209815422262,0.7062730892399115,6.95042261885649e-07,0.043137749052332496,0.9988209815422262,0.0,0.0
case_11,B,3,0.9988209815422262,0.7062730892399115,6.95042261885649e-07,0.043137749052332496,0.9988209815422262,0.0,0.0
case_11,B,4,0.9988209815422262,0.7062730892399115,6.95042261885649e-07,0.043137749052332496,0.9988209815422262,0.0,0.0
case_11,B,5,0.9988209815422262,0.7062730892399115,6.95042261885649e-07,0.043137749052332496,0.9988209815422262,0.0,0.0
case_11,B,6,0.9988209815422262,0.7062730892399115,6.95042261885649e-07,0.043137749052332496,0.9988209815422262,0.0,0.0
case_11,B,7,0.9988209815422262,0.7062730892399115,6.95042261885649e-07,0.043137749052332496,0.9988209815422262,0.0,0.0
case_11,B,8,0.9988209815422262,0.7062730892399115,6.95042261885649e-07,0.043137749052332496,0.9988209815422262,0.0,0.0
case_11,B,9,0.9988209815422262,0.7062730892399115,6.95042261885649e-07,0.043137749052332496,0.9988209815422262,0.0,0.0
case_11,B,10,0.9988209815422262,0.7062730892399115,6.95042261885649e-07,0.043137749052332496,0.9988209815422262,0.0,0.0
case_11,B,11,0.9988209815422262,0.7062730892399115,6.95042261885649e-07,0.043137749052332496,0.9988209815422262,0.0,0.0
case_11,B,12,0.9988209815422262,0.7062730892399115,6.95042261885649e-07,0.043137749052332496,0.9988209815422262,0.0,0.0
case_11,B,13,0.9988209815422262,0.7062730892399115,6.95042261885649e-07,0.043137749052332496,0.9988209815422262,0.0,0.0
case_11,B,14,0.9988209815422262,0.7062730892399115,6.95042261885649e-07,0.043137749052332496,0.9988209815422262,0.0,0.0
case_11,B,15,0.9988209815422262,0.7062730892399115,6.95042261885649e-07,0.043137749052332496,0.9988209815422262,0.0,0.0
case_11,B,16,0.9988209815422262,0.7062730892399115,6.95042261885649e-07,0.043137749052332496,0.9988209815422262,0.0,0.0
case_11,B,17,0.9988209815422262,0.7062730892399115,6.95042261885649e-07,0.043137749052332496,0.9988209815422262,0.0,0.0
case_11,B,18,0.9988209815422262,0.7062730892399115,6.95042261885649e-07,0.043137749052332496,0.9988209815422262,0.0,0.0
case_11,B,19,0.9988209815422262,0.7062730892399115,6.95042261885649e-07,0.043137749052332496,0.9988209815422262,0.0,0.0
case_11,B,20,0.9988209815422262,0.7062730892399115,6.95042261885649e-07,0.043137749052332496,0.9988209815422262,0.0,0.0
case_11,B,21,0.9988209815422262,0.7062730892399115,6.95042261885649e-07,0.043137749052332496,0.9988209815422262,0.0,0.0
case_11,B,22,0.9988209815422262,0.7062730892399115,6.95042261885649e-07,0.043137749052332496,0.9988209815422262,0.0,0.0
case_11,B,23,0.9988209815422262,0.7062730892399115,6.95042261885649e-07,0.043137749052332496,0.9988209815422262,0.0,0.0
case_11,B,24,0.9988209815422262,0.7062730892399115,6.95042261885649e-07,0.043137749052332496,0.9988209815422262,0.0,0.0
case_11,B,25,0.9988209815422262,0.7062730892399115,6.95042261885649e-07,0.043137749052332496,0.9988209815422262,0.0,0.0
case_11,B,26,0.9988209815422262,0.7062730892399115,6.95042261885649e-07,0.043137749052332496,0.9988209815422262,0.0,0.0
case_11,B,27,0.9988209815422262,0.7062730892399115,6.95042261885649e-07,0.043137749052332496,0.9988209815422262,0.0,0.0
case_11,B,28,0.9988209815422262,0.7062730892399115,6.95042261885649e-07,0.043137749052332496,0.9988209815422262,0.0,0.0
case_11,B,29,0.9988209815422262,0.7062730892399115,6.95042261885649e-07,0.043137749052332496,0.9988209815422262,0.0,0.0
case_11,B,30,0.9988209815422262,0.7062730892399115,6.95042261885649e-07,0.043137749052332496,0.9988209815422262,0.0,0.0
case_11,B,31,0.9988209815422262,0.7062730892399115,6.95042261885649e-07,0.043137749052332496,0.9988209815422262,0.0,0.0
case_11,B,32,0.9988209815422262,0.7062730892399115,6.95042261885649e-07,0.043137749052332496,0.9988209815422262,0.0,0.0
case_11,B,33,0.9988209815422262,0.7062730892399115,6.95042261885649e-07,0.043137749052332496,0.9988209815422262,0.0,0.0
case_11,B,34,0.9988209815422262,0.7062730892399115,6.95042261885649e-07,0.043137749052332496,0.9988209815422262,0.0,0.0
case_11,B,35,0.9988209815422262,0.7062730892399115,6.95042261885649e-07,0.043137749052332496,0.9988209815422262,0.0,0.0
case_11,B,36,0.9988209815422262,0.7062730892399115,6.95042261885649e-07,0.043137749052332496,0.9988209815422262,0.0,0.0
case_11,B,37,0.9988209815422262,0.7062730892399115,6.95042261885649e-07,0.043137749052332496,0.9988209815422262,0.0,0.0
case_11,B,38,0.9988209815422262,0.7062730892399115,6.95042261885649e-07,0.043137749052332496,0.9988209815422262,0.0,0.0
case_11,B,39,0.9988209815422262,0.7062730892399115,6.95042261885649e-07,0.043137749052332496,0.9988209815422262,0.0,0.0
case_11,B,40,0.9988209815422262,0.7062730892399115,6.95042261885649e-07,0.043137749052332496,0.9988209815422262,0.0,0.0
case_11,B,41,0.9988209815422262,0.7062730892399115,6.95042261885649e-07,0.043137749052332496,0.9988209815422262,0.0,0.0
case_11,B,42,0.9988209815422262,0.7062730892399115,6.95042261885649e-07,0.043137749052332496,0.9988209815422262,0.0,0.0
case_11,B,43,0.9988209815422262,0.7062730892399115,6.95042261885649e-07,0.043137749052332496,0.9988209815422262,0.0,0.0
case_11,B,44,0.9988209815422262,0.7062730892399115,6.95042261885649e-07,0.043137749052332496,0.9988209815422262,0.0,0.0
case_11,B,45,0.9988209815422262,0.7062730892399115,6.95042261885649e-07,0.043137749052332496,0.9988209815422262,0.0,0.0
case_11,B,46,0.9988209815422262,0.7062730892399115,6.95042261885649e-07,0.043137749052332496,0.9988209815422262,0.0,0.0
case_11,B,47,0.9988209815422262,0.7062730892399115,6.95042261885649e-07,0.043137749052332496,0.9988209815422262,0.0,0.0
case_11,B,48,0.9988209815422262,0.7062730892399115,6.95042261885649e-07,0.043137749052332496,0.9988209815422262,0.0,0.0
case_11,B,49,0.9988209815422262,0.7062730892399115,6.95042261885649e-07,0.043137749052332496,0.9988209815422262,0.0,0.0
case_11,B,50,0.9988209815422262,0.7062730892399115,6.95042261885649e-07,0.043137749052332496,0.9988209815422262,0.0,0.0
case_11,B,51,0.9988209815422262,0.7062730892399115,6.95042261885649e-07,0.043137749052332496,0.9988209815422262,0.0,0.0
case_11,B,52,0.9988209815422262,0.7062730892399115,6.95042261885649e-07,0.043137749052332496,0.9988209815422262,0.0,0.0
case_11,B,53,0.9988209815422262,0.7062730892399115,6.95042261885649e-07,0.043137749052332496,0.9988209815422262,0.0,0.0
case_11,B,54,0.9988209815422262,0.7062730892399115,6.95042261885649e-07,0.043137749052332496,0.9988209815422262,0.0,0.0
case_11,B,55,0.9988209815422262,0.7062730892399115,6.95042261885649e-07,0.043137749052332496,0.9988209815422262,0.0,0.0
case_11,B,56,0.9988209815422262,0.7062730892399115,6.95042261885649e-07,0.043137749052332496,0.9988209815422262,0.0,0.0
case_11,B,57,0.9988209815422262,0.7062730892399115,6.95042261885649e-07,0.043137749052332496,0.9988209815422262,0.0,0.0
case_11,B,58,0.9988209815422262,0.7062730892399115,6.95042261885649e-07,0.043137749052332496,0.9988209815422262,0.0,0.0
case_11,B,59,0.9988209815422262,0.7062730892399115,6.95042261885649e-07,0.043137749052332496,0.9988209815422262,0.0,0.0
case_11,B,60,0.9988209815422262,0.7062730892399115,6.95042261885649e-07,0.043137749052332496,0.9988209815422262,0.0,0.0
case_11,B,61,0.9988209815422262,0.7062730892399115,6.95042261885649e-07,0.043137749052332496,0.9988209815422262,0.0,0.0
case_11,B,62,0.9988209815422262,0.7062730892399115,6.95042261885649e-07,0.043137749052332496,0.9988209815422262,0.0,0.0
case_11,B,63,0.9988209815422262,0.7062730892399115,6.95042261885649e-07,0.043137749052332496,0.9988209815422262,0.0,0.0
case_11,B,64,0.9988209815422262,0.7062730892399115,6.95042261885649e-07,0.043137749052332496,0.9988209815422262,0.0,0.0
